Tiempo (s),Amplitud
0.0,0.0
5e-06,4.8245199381591695
1e-05,8.147916323429937
1.5000000000000002e-05,8.576687383340067
2e-05,5.6408606444593
2.5e-05,-3.4017036518809163e-15
3.0000000000000004e-05,-6.49063243275784
3.5000000000000004e-05,-10.834423600022802
4e-05,-11.194685413430372
4.5e-05,-7.248196294851453
5e-05,8.099179108697364e-15
5.5e-05,7.477167095965535
6.000000000000001e-05,11.02122988699485
6.500000000000001e-05,10.964038003772545
7.000000000000001e-05,6.437292481138528
7.500000000000001e-05,-1.460421409145391e-14
8e-05,-6.127289936179301
8.5e-05,-8.74231456810182
9e-05,-9.516539432996488
9.5e-05,-5.447011189804129
0.0001,1.0089516786206636e-14
0.000105,3.889735671275829
0.00011,6.189418217545842
0.000115,5.668689593435129
0.00012000000000000002,3.5261922366274097
0.000125,2.7021032399904257e-15
0.00013000000000000002,-3.016059017031897
0.000135,-4.289869559587057
0.00014000000000000001,-3.5362933276483264
0.000145,-2.5635146201642653
0.00015000000000000001,1.204780074844638e-14
0.000155,2.1573461135901266
0.00016,3.5027732607858306
0.00016500000000000003,3.6908069704636617
0.00017,2.73892622503412
0.00017500000000000003,-1.3841518203696925e-14
0.00018,-3.409548351684995
0.00018500000000000002,-5.930461403650556
0.00019,-6.397208048394045
0.00019500000000000002,-4.50185851897102
0.0002,1.8919329924259335e-14
0.00020500000000000002,4.7715594282484775
0.00021,8.321920833394476
0.00021500000000000002,8.93377609082712
0.00022,6.266681485653261
0.00022500000000000002,-2.7379178179053918e-14
0.00023,-6.505235601665689
0.00023500000000000002,-10.335028695004564
0.00024000000000000003,-11.840613988535681
0.00024500000000000005,-6.856185497610362
0.00025,-1.477091783112562e-14
0.000255,6.973888665190948
0.00026000000000000003,11.19076550417251
0.00026500000000000004,10.944707528736778
0.00027,7.012551460204855
0.000275,-2.5478127972863688e-14
0.00028000000000000003,-5.690313344687414
0.00028500000000000004,-10.06276650997749
0.00029,-8.210429985775026
0.000295,-5.010249387602308
0.00030000000000000003,4.191412661528964e-14
0.00030500000000000004,4.444714604328369
0.00031,6.020811777731373
0.000315,5.431446366368416
0.00032,2.9948943721618817
0.00032500000000000004,-8.888675151236687e-15
0.00033000000000000005,-3.1808755286016965
0.000335,-4.884080987857194
0.00034,-3.932980429354743
0.00034500000000000004,-1.9744108487477154
0.00035000000000000005,2.4597898045249295e-14
0.000355,2.2481958712073102
0.00036,3.336791050144675
0.00036500000000000004,3.6393629565971324
0.00037000000000000005,2.596074062440955
0.000375,-7.988097351603891e-15
0.00038,-3.080721764858636
0.00038500000000000003,-5.8138632263128995
0.00039000000000000005,-6.902029160925031
0.000395,-3.9482515560561264
0.0004,4.487619542190089e-14
0.00040500000000000003,5.445100032821495
0.00041000000000000005,8.864307174434076
0.00041500000000000006,9.926391654636989
0.00042,6.509502055867999
0.00042500000000000003,-1.6921126956025407e-14
0.00043000000000000004,-6.5226024775717395
0.00043500000000000006,-11.374999269200483
0.00044,-11.061614915713418
0.00044500000000000003,-6.970427337653645
0.00045000000000000004,6.247755185106087e-14
0.00045500000000000006,7.1008533745949185
0.00046,11.135485270700388
0.000465,11.289972953419394
0.00047000000000000004,6.23047259057627
0.00047500000000000005,-9.545017175478087e-14
0.00048000000000000007,-5.972062051203187
0.000485,-9.960687569549437
0.0004900000000000001,-8.482860669811503
0.000495,-5.255889760250254
0.0005,-1.9586561751141467e-14
0.000505,3.913008579662303
0.00051,7.053746056544728
0.000515,5.4796930034485705
0.0005200000000000001,3.709901385925142
0.0005250000000000001,-8.354544523686817e-14
0.0005300000000000001,-2.416443435850475
0.000535,-3.735560995678194
0.00054,-3.7600271073834475
0.000545,-2.536386548722406
0.00055,1.6210751129808802e-14
0.000555,2.4717677872968453
0.0005600000000000001,4.2363307210177155
0.0005650000000000001,3.765276401601388
0.0005700000000000001,2.966108261590042
0.0005750000000000001,-4.283948342270063e-14
0.00058,-3.4845445751316526
0.000585,-5.67935294654481
0.00059,-6.461311776245048
0.000595,-4.748019747685569
0.0006000000000000001,9.50055681289666e-14
0.0006050000000000001,5.509286852802626
0.0006100000000000001,8.634898507450387
0.0006150000000000001,9.127078637886315
0.00062,6.011001473662898
0.000625,-4.994125525963373e-15
0.00063,-7.008974239973419
0.000635,-11.087512333234788
0.00064,-11.773803138518627
0.0006450000000000001,-6.941395393125764
0.0006500000000000001,4.568249276655973e-14
0.0006550000000000001,7.187799894299113
0.0006600000000000001,10.71719774691142
0.000665,11.43072474755566
0.00067,6.899820650448277
0.000675,-7.816662706288388e-14
0.00068,-5.804596998991365
0.0006850000000000001,-8.767815105166589
0.0006900000000000001,-8.344261120031787
0.0006950000000000001,-5.164043092567244
0.0007000000000000001,9.355957396481903e-14
0.000705,3.8952172582924725
0.00071,6.1382366493886105
0.000715,6.548295766873945
0.00072,2.996494655138084
0.0007250000000000001,-7.209737532308917e-18
0.0007300000000000001,-2.8062670312799143
0.0007350000000000001,-3.8516513908450825
0.0007400000000000001,-4.6862552705213325
0.0007450000000000001,-2.671651834187748
0.00075,1.461754194347138e-14
0.000755,2.3564156104344867
0.00076,4.126404025430101
0.0007650000000000001,4.004892790367533
0.0007700000000000001,2.7163448258581826
0.0007750000000000001,-3.971501078856231e-14
0.0007800000000000001,-3.5568407066672774
0.0007850000000000001,-5.24844795797606
0.00079,-6.328688636497148
0.000795,-4.564147599666305
0.0008,7.476282001800728e-14
0.000805,4.602057928506559
0.0008100000000000001,9.124755468742137
0.0008150000000000001,10.008243299337535
0.0008200000000000001,5.944379099332003
0.0008250000000000001,-1.565993760090614e-13
0.0008300000000000001,-6.565895419548304
0.000835,-11.227317998760416
0.00084,-10.582531889548688
0.000845,-6.8090901869526785
0.0008500000000000001,3.45714327816484e-14
0.0008550000000000001,7.211416086560804
0.0008600000000000001,10.711701468443595
0.0008650000000000001,11.418724032229882
0.0008700000000000001,6.667832620027405
0.000875,-7.075500104296127e-14
0.00088,-6.2598340225160145
0.000885,-9.164826663637573
0.0008900000000000001,-8.800248186491086
0.0008950000000000001,-5.028781123909781
0.0009000000000000001,7.769147255285371e-14
0.0009050000000000001,4.7086112964274225
0.0009100000000000001,6.1297724952830475
0.0009150000000000001,5.809945598677533
0.00092,3.4394950260834993
0.000925,4.92191149805484e-15
0.00093,-2.6840163978537466
0.0009350000000000001,-4.559562578260112
0.0009400000000000001,-3.813907615448398
0.0009450000000000001,-2.060472520069648
0.0009500000000000001,5.934474282935028e-14
0.0009550000000000001,2.474952257869941
0.0009600000000000001,3.328314482847847
0.000965,3.833731945947107
0.00097,2.907716625096894
0.0009750000000000001,-3.013510988149333e-14
0.0009800000000000002,-3.139547473831676
0.000985,-5.3543706363345525
0.00099,-6.917973864083147
0.000995,-4.133467950948289
0.001,-3.628032298063948e-14
0.001005,4.8744234253474215
0.00101,9.534813763489202
0.001015,8.957948850492034
0.00102,6.195107569283396
0.001025,-1.383551585317756e-13
0.00103,-6.504569878531727
0.0010350000000000001,-11.722064780864542
0.0010400000000000001,-11.2067615609422
0.0010450000000000001,-7.182472633616863
0.0010500000000000002,3.541910831012248e-13
0.0010550000000000002,6.910831419082054
0.0010600000000000002,11.26791596126815
0.0010650000000000002,11.38121433444855
0.00107,6.686025223008643
0.001075,9.836451393924739e-14
0.00108,-6.032267349260812
0.001085,-9.84206011890221
0.00109,-9.415873788549272
0.001095,-5.387043650038815
0.0011,7.502977619777186e-14
0.001105,4.197883785516812
0.00111,6.3423814026729195
0.001115,5.834859511531694
0.0011200000000000001,2.9770726216401027
0.0011250000000000001,-1.1822131601423175e-13
0.0011300000000000001,-2.89009796218304
0.0011350000000000002,-3.4724930168333175
0.0011400000000000002,-4.630019662200097
0.0011450000000000002,-2.140042921678889
0.0011500000000000002,5.197117662637546e-14
0.001155,2.5150507573121685
0.00116,3.397409960530736
0.001165,4.796148091332649
0.00117,3.218070680554859
0.001175,-2.680669838537512e-14
0.00118,-3.059633732273791
0.001185,-5.872573643693298
0.00119,-5.797164697384804
0.001195,-4.76240429635297
0.0012000000000000001,1.6429948643781565e-13
0.0012050000000000001,5.187508178048737
0.0012100000000000001,8.188107676528489
0.0012150000000000002,9.240948702676956
0.0012200000000000002,6.198543696369165
0.0012250000000000002,-1.3494191301036367e-13
0.0012300000000000002,-6.319476366860752
0.0012350000000000002,-10.300649816996305
0.00124,-11.737765268562054
0.001245,-7.421397252358653
0.00125,1.1591149147244956e-14
0.001255,7.001106972717995
0.00126,10.741929586434292
0.001265,10.44621437151628
0.00127,6.297341553318404
0.001275,-2.100814300145691e-13
0.00128,-6.3959225773586335
0.0012850000000000001,-9.142851779469456
0.0012900000000000001,-8.635362088712998
0.0012950000000000001,-4.609251057332696
0.0013000000000000002,6.417302328409404e-14
0.0013050000000000002,4.1450457946339965
0.0013100000000000002,6.181973791117524
0.0013150000000000002,6.234011976493765
0.0013200000000000002,3.7806397774604883
0.001325,1.2916436588005308e-14
0.00133,-2.9781538822259335
0.001335,-4.405007301160904
0.00134,-4.698454505459452
0.001345,-2.533649510664428
0.00135,6.398230640749838e-14
0.001355,2.798311257477547
0.00136,3.49143808990275
0.0013650000000000001,3.6840600152756715
0.0013700000000000001,3.217029840071279
0.0013750000000000001,-1.7700735538788025e-14
0.0013800000000000002,-3.193322201494403
0.0013850000000000002,-6.054665346566632
0.0013900000000000002,-5.981987208569265
0.0013950000000000002,-4.217362730425375
0.0014000000000000002,1.7470630244975713e-13
0.0014050000000000002,5.502462537241183
0.00141,8.834726632715205
0.001415,9.760183580904798
0.00142,6.0038057528409965
0.001425,-1.0860203684763213e-13
0.00143,-6.154072521997306
0.001435,-10.677969805173012
0.00144,-11.677872380732568
0.001445,-6.849391753787567
0.0014500000000000001,2.900262143225324e-17
0.0014550000000000001,6.743861560625142
0.0014600000000000001,11.321480493257816
0.0014650000000000002,10.751262592012807
0.0014700000000000002,6.640762846429958
0.0014750000000000002,-1.7981173510781695e-13
0.0014800000000000002,-5.802984668186733
0.0014850000000000002,-9.020853562244776
0.0014900000000000002,-8.78196801614798
0.001495,-5.303951101198774
0.0015,5.314640313617421e-14
0.001505,4.68002383574214
0.00151,5.750407875714188
0.001515,6.404099214642621
0.00152,3.074020986963938
0.001525,1.8556993186419148e-14
0.0015300000000000001,-2.683752805674108
0.0015350000000000001,-3.878737920019442
0.0015400000000000001,-3.538284769138786
0.0015450000000000001,-2.009842036339252
0.0015500000000000002,4.5312623696604833e-14
0.0015550000000000002,2.4962124815930933
0.0015600000000000002,3.6813145303152193
0.0015650000000000002,3.7813026575306097
0.0015700000000000002,3.149689965222967
0.0015750000000000002,-1.6520265479160668e-13
0.00158,-3.07108734117237
0.001585,-5.480221282307033
0.00159,-7.069057814812008
0.001595,-4.782303945630704
0.0016,1.6642544481119755e-13
0.001605,4.929001436210644
0.00161,9.306342730072805
0.0016150000000000001,9.275758379586184
0.0016200000000000001,6.326901065073755
0.0016250000000000001,-1.0369798575786903e-13
0.0016300000000000002,-6.688121248210716
0.0016350000000000002,-11.401695236859021
0.0016400000000000002,-10.880096978882028
0.0016450000000000002,-7.070833096223485
0.0016500000000000002,3.1968613865389794e-13
0.0016550000000000002,7.46024791374145
0.0016600000000000002,11.604845706106692
0.001665,11.06477037501589
0.00167,6.3373684122053895
0.001675,-1.6766794838409425e-13
0.00168,-6.364988419734966
0.001685,-9.639621870232292
0.00169,-9.512099930341728
0.0016950000000000001,-4.8089191923040095
0.0017000000000000001,4.3053544096661704e-14
0.0017050000000000001,4.086049006894771
0.0017100000000000001,6.383930755544711
0.0017150000000000002,5.627487610219884
0.0017200000000000002,3.651961265522088
0.0017250000000000002,-1.3774568133878186e-13
0.0017300000000000002,-2.528560033827294
0.0017350000000000002,-4.334272880306473
0.0017400000000000002,-4.456739279520431
0.0017450000000000002,-2.7340974320599485
0.00175,5.816003599446897e-14
0.001755,2.5938122157569357
0.00176,4.647600524625495
0.001765,4.886029875549752
0.00177,2.418233061637626
0.001775,-1.1596811775391852e-14
0.0017800000000000001,-3.4174296976808405
0.0017850000000000001,-6.615490766460701
0.0017900000000000001,-6.029799522073482
0.0017950000000000002,-4.269563275469122
0.0018000000000000002,1.6863128876526917e-13
0.0018050000000000002,5.5152162075370414
0.0018100000000000002,8.696985816597227
0.0018150000000000002,8.68548557527428
0.0018200000000000002,6.251012491641613
0.0018250000000000002,-4.3260935646281023e-13
0.0018300000000000002,-6.695609046690222
0.001835,-10.559252925526566
0.00184,-11.704185879503942
0.001845,-7.103071071825008
0.00185,-2.3964692960376937e-14
0.001855,7.269919874287489
0.00186,11.775069758497303
0.0018650000000000001,10.683982989331291
0.0018700000000000001,6.545172109277012
0.0018750000000000001,-1.7408696783025032e-13
0.0018800000000000002,-5.821211402906456
0.0018850000000000002,-8.61819151686839
0.0018900000000000002,-8.347495206074981
0.0018950000000000002,-4.8903907096948025
0.0019000000000000002,2.662530918843429e-13
0.0019050000000000002,4.481268349614176
0.0019100000000000002,6.107515762377982
0.0019150000000000003,5.969393014229574
0.0019200000000000003,3.340283433683005
0.001925,3.2149598507579325e-14
0.00193,-2.8920537158197117
0.001935,-3.9543404581282733
0.00194,-3.26489864794277
0.0019450000000000001,-2.356134109993278
0.0019500000000000001,5.358159826775864e-14
0.001955,2.607813681492376
0.0019600000000000004,3.8079531858464724
0.001965,4.738258784420046
0.00197,2.7017807499935556
0.001975,-1.7319933271208533e-13
0.00198,-3.2899062258581613
0.0019850000000000002,-5.489237580537167
0.00199,-7.1837322394521355
0.0019950000000000002,-4.698501549928576
0.002,-7.630765673748821e-14
0.0020050000000000003,4.843142506899487
0.00201,9.114937578020642
0.0020150000000000003,9.288888130715508
0.00202,6.399537946402111
0.0020250000000000003,-3.683215218369629e-13
0.00203,-6.696391189734446
0.0020350000000000004,-10.973895365425777
0.00204,-11.950680846142525
0.0020450000000000004,-7.232420131424681
0.00205,3.1562518787439716e-13
0.002055,7.3111032243037135
0.00206,10.854079818134593
0.002065,10.772580600565655
0.0020700000000000002,6.782475371676921
0.002075,-1.6270831964416302e-13
0.0020800000000000003,-6.0791155783588104
0.002085,-8.650637193120204
0.0020900000000000003,-8.247219668204979
0.002095,-4.849211443397709
0.0021000000000000003,4.421449080199266e-13
0.002105,4.689270081509257
0.0021100000000000003,6.335741598547462
0.002115,5.315242044253956
0.0021200000000000004,3.5606142045046414
0.002125,3.8332771665561036e-14
0.0021300000000000004,-2.3765852959261147
0.002135,-3.878341210499468
0.00214,-3.3651308068834225
0.002145,-2.3537033786509007
0.00215,-8.435173323603473e-14
0.0021550000000000002,2.0975004818460725
0.00216,3.3262554763292034
0.0021650000000000003,3.5333078270882576
0.00217,3.0180260388359934
0.0021750000000000003,-1.4629503869226905e-13
0.00218,-2.9460512949633544
0.0021850000000000003,-6.094789113682473
0.00219,-7.064212215960893
0.0021950000000000003,-4.085604919664492
0.0022,1.3166738869348936e-13
0.0022050000000000004,5.182235666056964
0.00221,8.812543081672851
0.0022150000000000004,8.682372669684055
0.00222,6.541170197995168
0.002225,-6.910986292907958e-14
0.00223,-6.304667314912747
0.002235,-11.381293559006489
0.0022400000000000002,-11.588176495872414
0.002245,-7.249947754920375
0.0022500000000000003,6.333826890817693e-13
0.002255,7.446516570209747
0.0022600000000000003,11.27215933362662
0.002265,10.487388509617169
0.0022700000000000003,6.294703016920368
0.002275,1.6554098502745485e-13
0.0022800000000000003,-6.322411071870512
0.002285,-9.612114841641162
0.0022900000000000004,-8.146227027471694
0.002295,-4.953184494304681
0.0023000000000000004,2.4219545040965374e-13
0.002305,4.770035248918366
0.00231,5.721395814441055
0.0023150000000000002,5.2676593555214195
0.00232,3.0860514787111524
0.0023250000000000002,-1.0693666896174612e-13
0.00233,-2.8619706670164833
0.0023350000000000003,-3.5755960452183575
0.00234,-4.2486271489899305
0.0023450000000000003,-2.4773951551613154
0.00235,4.4090204575580835e-14
0.0023550000000000003,2.2532667205228516
0.00236,4.535196790539819
0.0023650000000000003,4.210115297913757
0.00237,2.645264501403379
0.0023750000000000004,-2.605196474059042e-13
0.00238,-3.157200855987794
0.0023850000000000004,-5.413667772971656
0.00239,-6.9098878156537396
0.002395,-4.367369345078646
0.0024000000000000002,3.7774358192799695e-13
0.002405,4.663962952456331
0.0024100000000000002,9.24542345422145
0.002415,8.663173565673725
0.0024200000000000003,5.666648645010035
0.002425,2.2924291210915166e-13
0.0024300000000000003,-6.698466632898632
0.002435,-10.867238852592628
0.0024400000000000003,-10.552641240086839
0.002445,-6.889577675387677
0.0024500000000000004,2.640094611102038e-13
0.002455,6.847146632814948
0.0024600000000000004,10.935261422025366
0.002465,10.577904643935863
0.0024700000000000004,6.4526343713859
0.002475,-1.349139379774482e-13
0.00248,-6.385362902716618
0.0024850000000000002,-9.369810887731333
0.00249,-9.007799371902072
0.0024950000000000003,-4.687736437665987
0.0025,1.522713422983703e-14
0.0025050000000000003,3.9147351756771296
0.00251,7.092402642875797
0.0025150000000000003,5.317043049753755
0.00252,3.1858822785843435
0.0025250000000000003,-2.645200552842045e-13
0.00253,-2.822164651703952
0.0025350000000000004,-3.9929616533395085
0.00254,-4.119963611320208
0.0025450000000000004,-2.0036433056364116
0.00255,1.476156873959814e-13
0.0025550000000000004,2.5432765591006206
0.00256,4.087991894250936
0.002565,4.051391725202034
0.0025700000000000002,2.905410537233503
0.002575,-1.253912803528408e-13
0.0025800000000000003,-3.523482693871738
0.002585,-5.401394847001724
0.0025900000000000003,-6.7247982092770116
0.002595,-4.173543077181403
0.0026000000000000003,1.2530596854142065e-13
0.002605,4.99693308276345
0.0026100000000000003,9.090096662349335
0.002615,8.79256079570374
0.0026200000000000004,6.015011393609307
0.002625,-5.4414423020524454e-14
0.0026300000000000004,-6.773576830844997
0.002635,-11.684804856948851
0.0026400000000000004,-11.1474942821929
0.002645,-7.411128037883876
0.00265,-6.852064387431222e-14
0.0026550000000000002,6.813464480710722
0.00266,11.258099574027835
0.0026650000000000003,11.211725155540249
0.00267,6.643505049957928
0.0026750000000000003,-4.439510993242474e-13
0.00268,-6.096358992911197
0.0026850000000000003,-10.01209246221974
0.00269,-8.49508988072679
0.0026950000000000003,-5.0027359820109165
0.0027,2.2279422537759615e-13
0.0027050000000000004,4.27281778630389
0.00271,6.4310247131281315
0.0027150000000000004,5.219542191295494
0.00272,3.404017322075544
0.0027250000000000004,-3.4715862274164185e-13
0.0027300000000000002,-2.7863857746115412
0.002735,-4.254377520207397
0.0027400000000000002,-4.429935917759458
0.002745,-2.1103556246340607
0.0027500000000000003,2.5627118124192293e-14
0.002755,2.117172194823541
0.0027600000000000003,3.5919872795546035
0.002765,4.082930798237985
0.0027700000000000003,2.9484837184509365
0.002775,1.5379371185718982e-14
0.0027800000000000004,-3.767334995754734
0.002785,-6.449510563348196
0.0027900000000000004,-7.1709567013935
0.002795,-4.733796300170986
0.0028000000000000004,3.610896555892027e-13
0.002805,4.645363600112201
0.0028100000000000004,8.853500973486515
0.0028150000000000002,9.118389064666909
0.00282,6.037145099532007
0.0028250000000000003,-3.7196446906542205e-13
0.00283,-6.487826814513863
0.0028350000000000003,-10.433586771504404
0.00284,-11.004295362552213
0.0028450000000000003,-6.904120558031449
0.00285,2.581383141744278e-13
0.0028550000000000003,7.312406444696394
0.00286,11.69121192252887
0.0028650000000000004,10.511861380572496
0.00287,6.834525471283444
0.0028750000000000004,-7.105491489422712e-13
0.00288,-6.5313659211018695
0.0028850000000000004,-8.641039225342972
0.00289,-8.465025083011968
0.0028950000000000004,-4.825578003693435
0.0029000000000000002,3.666710913477659e-17
0.002905,4.614795221401193
0.0029100000000000003,6.606282521648046
0.002915,5.246608496985258
0.0029200000000000003,3.175401988377968
0.002925,5.64659451433111e-14
0.0029300000000000003,-3.1020906743087315
0.002935,-4.099515262427391
0.0029400000000000003,-4.325396656074907
0.002945,-2.2771294250147824
0.0029500000000000004,1.468002200104466e-13
0.002955,1.9230849667473386
0.0029600000000000004,3.3814716044972934
0.002965,4.295277487838218
0.0029700000000000004,2.3958583970576073
0.002975,-1.3123944571231345e-13
0.0029800000000000004,-3.354199715439612
0.0029850000000000002,-5.132379619723303
0.00299,-6.831172034904008
0.0029950000000000003,-4.432601997015686
0.003,1.17961675768775e-13
0.0030050000000000003,5.313072344670175
0.00301,9.343270369359612
0.0030150000000000003,8.921991223955276
0.00302,5.83140217214275
0.0030250000000000003,-6.154435532401922e-13
0.00303,-6.246193277333296
0.0030350000000000004,-10.622215406962727
0.00304,-11.883522763889141
0.0030450000000000004,-6.963629463993994
0.00305,-9.218884943804953e-14
0.0030550000000000004,6.988911546312514
0.0030600000000000002,11.718998175816402
0.0030650000000000004,10.851759274090123
0.0030700000000000002,6.292745853492716
0.003075,1.982980802129198e-13
0.0030800000000000003,-6.070021345487253
0.003085,-9.074965470668507
0.0030900000000000003,-8.582071411435082
0.003095,-5.290338697304036
0.0031000000000000003,2.40693639596239e-13
0.003105,4.528016357446424
0.0031100000000000004,6.981850764290375
0.003115,6.105385690474492
0.0031200000000000004,2.8713958094225185
0.003125,-8.854894720801634e-14
0.0031300000000000004,-2.717535408702685
0.003135,-3.8497787784544415
0.0031400000000000004,-4.378771812762798
0.0031450000000000002,-2.2894370422292094
0.0031500000000000005,2.06118835643683e-13
0.0031550000000000003,2.1205331860313095
0.00316,3.7110775078597604
0.0031650000000000003,4.977689179125507
0.00317,2.8531752786403954
0.0031750000000000003,-2.7319617133428055e-13
0.00318,-3.672262027298887
0.0031850000000000003,-6.146978251009431
0.00319,-6.308544696858346
0.0031950000000000004,-4.565946160283097
0.0032,3.554598243114068e-13
0.0032050000000000004,5.132195897130789
0.00321,8.79052180266572
0.0032150000000000004,9.438786947512074
0.00322,5.6918843814302775
0.0032250000000000004,-3.214188166965647e-13
0.0032300000000000002,-6.2724281361557495
0.0032350000000000005,-10.416145231540455
0.0032400000000000003,-10.490623708746224
0.003245,-6.901649190450987
0.0032500000000000003,2.2312694843215754e-13
0.003255,6.720511856559525
0.0032600000000000003,10.726552128041595
0.003265,11.670410805297674
0.0032700000000000003,6.973950847075585
0.003275,-9.464476473759055e-14
0.0032800000000000004,-5.828571632270347
0.003285,-9.71319671106621
0.0032900000000000004,-8.975175574304362
0.003295,-5.240287627113567
0.0033000000000000004,4.4388289841422295e-13
0.003305,4.3395924347689805
0.0033100000000000004,6.4267295698341425
0.0033150000000000002,5.962927504733409
0.0033200000000000005,3.7053327362480326
0.0033250000000000003,-2.460561928807454e-13
0.00333,-2.4423204257760025
0.0033350000000000003,-3.95521941689144
0.00334,-4.321138464406314
0.0033450000000000003,-1.916531018630895
0.00335,1.1422405830110836e-13
0.0033550000000000003,2.2343860026066134
0.00336,4.03258300722311
0.0033650000000000004,4.385340705409938
0.00337,3.0547879446040427
0.0033750000000000004,-1.0674447001819743e-13
0.00338,-3.5333880004801252
0.0033850000000000004,-6.152665363073547
0.0033900000000000002,-6.805891498013095
0.0033950000000000004,-4.67888383620525
0.0034000000000000002,9.743310843177938e-14
0.0034050000000000005,5.279847350439041
0.0034100000000000003,8.536245388061635
0.003415,8.657045857588251
0.0034200000000000003,5.871024431305974
0.003425,-1.0731849141559864e-14
0.0034300000000000003,-6.790322769617857
0.003435,-10.802541737688061
0.0034400000000000003,-11.129702512851422
0.003445,-6.726264001839043
0.0034500000000000004,5.89841882403849e-13
0.003455,6.899952059753665
0.0034600000000000004,11.674718721082224
0.003465,11.073127955456622
0.0034700000000000004,6.8972159145328895
0.0034750000000000002,-4.1548492201977153e-13
0.0034800000000000005,-6.114952155961185
0.0034850000000000003,-9.440257733603143
0.0034900000000000005,-9.227131173398277
0.0034950000000000003,-4.645625771440944
0.0035,1.9242067934687662e-13
0.0035050000000000003,3.9944710508348646
0.00351,6.306646537715515
0.0035150000000000003,5.316141131304404
0.00352,2.947849070753025
0.0035250000000000004,-6.977767349841179e-14
0.00353,-2.77186258593963
0.0035350000000000004,-3.981545705944283
0.00354,-4.199551346972515
0.0035450000000000004,-2.4964333411511075
0.00355,1.856475172377895e-14
0.0035550000000000004,2.4192760853914153
0.0035600000000000002,4.276980870357237
0.0035650000000000005,4.9419062220094405
0.0035700000000000003,2.8565565862192437
0.0035750000000000005,-2.701670486705633e-13
0.0035800000000000003,-3.1086452639489637
0.003585,-5.293620878759035
0.0035900000000000003,-7.031495707607841
0.003595,-4.746483843076717
0.0036000000000000003,3.078279261016704e-13
0.003605,5.451504599793871
0.0036100000000000004,9.192834597151395
0.003615,9.499569470725065
0.0036200000000000004,5.78236352997306
0.003625,-3.082849485105111e-13
0.0036300000000000004,-7.022678643159429
0.003635,-10.998973690473271
0.0036400000000000004,-10.729480015631578
0.0036450000000000002,-6.771801293020149
0.0036500000000000005,8.906459231321704e-13
0.0036550000000000003,7.089140988037098
0.0036600000000000005,11.68004643419426
0.0036650000000000003,11.014895022694509
0.00367,6.755710454514549
0.0036750000000000003,-7.558030240385849e-14
0.00368,-6.318833709667753
0.0036850000000000003,-8.69025718993619
0.00369,-8.2888694404876
0.0036950000000000004,-5.2994349700766
0.0037,-3.178412208547303e-14
0.0037050000000000004,4.575947946830162
0.00371,6.64611817988945
0.0037150000000000004,5.872915272299123
0.00372,3.766609411817576
0.0037250000000000004,-2.4360245975771754e-13
0.0037300000000000002,-3.1678515370511104
0.0037350000000000005,-4.783833029885484
0.0037400000000000003,-3.6549334453249394
0.0037450000000000005,-2.810981550392172
0.0037500000000000003,1.0566452008063573e-13
0.003755,2.7218013976943904
0.0037600000000000003,3.629602967940227
0.003765,4.628101031842498
0.0037700000000000003,2.6037180975065723
0.003775,-1.0154870358795792e-13
0.0037800000000000004,-2.9041122656850575
0.003785,-5.40979708382854
0.0037900000000000004,-6.051074333669369
0.003795,-4.6779413971435
0.0038000000000000004,5.805043752680897e-13
0.0038050000000000002,4.825110488994905
0.0038100000000000005,9.124606561148399
0.0038150000000000002,9.817501595849887
0.0038200000000000005,6.065967789859981
0.0038250000000000003,1.089026685806137e-14
0.0038300000000000005,-6.523359581228943
0.0038350000000000003,-11.711069193884752
0.0038400000000000005,-11.498677266274994
0.0038450000000000003,-6.997275549164667
0.00385,-1.3686625983098002e-13
0.0038550000000000004,7.213958617098601
0.00386,10.663605524952388
0.0038650000000000004,11.557782563519227
0.00387,6.336905366433642
0.0038750000000000004,-3.769379970667898e-13
0.00388,-6.028947411724266
0.0038850000000000004,-9.860710400978157
0.0038900000000000002,-8.209524471187043
0.0038950000000000005,-4.854375611680196
0.0039000000000000003,2.0407461631524776e-13
0.0039050000000000005,4.477191557144076
0.00391,6.508264280904373
0.003915,5.352895117956563
0.003920000000000001,3.3670815699484025
0.0039250000000000005,-3.347391605606301e-13
0.00393,-2.7930437454915222
0.003935,-4.016726085868046
0.00394,-3.7263477561720864
0.003945000000000001,-2.533589678327762
0.00395,2.050716549818208e-13
0.003955,2.702142052323758
0.00396,4.338703753698032
0.003965000000000001,4.408096969178639
0.0039700000000000004,3.187869647430506
0.003975,-2.2504567058753602e-13
0.00398,-3.386024660417579
0.003985000000000001,-6.550587683231682
0.0039900000000000005,-6.059253334746567
0.003995,-4.651032908146641
0.004,-1.489314493206568e-13
0.004005000000000001,4.728764967502052
0.0040100000000000005,8.832884362662817
0.004015,8.924067601133114
0.00402,6.303705087016963
0.004025,3.52564223020156e-13
0.004030000000000001,-6.643908050394314
0.004035,-11.242827836573193
0.00404,-10.539117009262318
0.004045,-7.205532956600129
0.004050000000000001,8.428462238441253e-13
0.0040550000000000004,6.558970080169402
0.00406,11.509879467328036
0.004065,11.410096783906118
0.004070000000000001,7.030818108236745
0.0040750000000000005,-6.483306756714015e-13
0.00408,-6.139190049122827
0.004085,-8.957801212714198
0.004090000000000001,-8.492550375643779
0.0040950000000000005,-5.178192668821148
0.0041,3.779250329863561e-13
0.004105,4.646276562393435
0.00411,5.899987438283948
0.004115000000000001,5.347027488997908
0.00412,3.288905209682073
0.004125,-1.9026313412158946e-13
0.00413,-2.509072500641809
0.004135000000000001,-3.840508740971242
0.0041400000000000005,-3.310277502188362
0.004145,-1.9878779606811445
0.00415,1.195125324741288e-13
0.004155000000000001,2.3966952776125137
0.0041600000000000005,3.2491877227848303
0.004165,4.7977198950743585
0.00417,2.378186740178587
0.004175000000000001,-7.782978705611003e-13
0.0041800000000000006,-3.6847790180946833
0.004185,-6.52720807132672
0.00419,-6.635927616271773
0.004195,-3.969702317082727
0.004200000000000001,9.101586533011002e-13
0.004205,5.072113471716555
0.00421,8.362494391272763
0.004215,8.829079025266768
0.004220000000000001,6.546978055745706
0.0042250000000000005,3.093500637375036e-14
0.00423,-6.7975681822359855
0.004235,-10.638249555023995
0.004240000000000001,-10.57054025758723
0.0042450000000000005,-6.601527188054351
0.00425,-1.6639904016680589e-13
0.004255,6.672247844608081
0.004260000000000001,11.718245319759431
0.0042650000000000006,10.501011804745406
0.00427,6.750772004002535
0.004275,2.7477166735056227e-13
0.00428,-5.801143780255489
0.004285000000000001,-9.570118022421298
0.00429,-9.48517803460807
0.004295,-5.170332378673899
0.0043,-3.1023943173623697e-13
0.004305000000000001,4.132056774131686
0.0043100000000000005,6.739575395933881
0.004315,5.387469752724603
0.00432,2.945178404568678
0.004325000000000001,-3.0868676800659563e-13
0.0043300000000000005,-2.5441854627434113
0.004335,-3.4648133572463533
0.00434,-3.429965437195178
0.004345000000000001,-2.3176215706850622
0.004350000000000001,2.032872767655664e-13
0.004355,2.2771133013543223
0.00436,3.448285941229243
0.004365,3.4912530246553297
0.004370000000000001,3.149752474039788
0.004375,-2.549740846864333e-13
0.00438,-3.593696819187263
0.004385,-5.203909494345885
0.004390000000000001,-6.177201353370015
0.0043950000000000005,-4.417058781758301
0.0044,2.605220181919003e-13
0.004405,5.195659065726525
0.004410000000000001,8.313489375899433
0.0044150000000000005,9.780828917995716
0.00442,6.425462062445635
0.004425,-2.531849300479501e-13
0.004430000000000001,-6.659982838379748
0.004435000000000001,-11.409734641750369
0.00444,-11.743789012398404
0.004445,-6.675919831501081
0.00445,1.6089221828994455e-13
0.004455000000000001,6.810105910480532
0.00446,11.969221978554135
0.004465,11.512139191765966
0.00447,6.499192461933455
0.004475000000000001,-1.199656336891762e-12
0.0044800000000000005,-6.517920139012117
0.004485,-9.799134239077448
0.00449,-9.169705129597068
0.004495000000000001,-5.148504228558238
0.0045000000000000005,8.861503037252003e-13
0.004505,3.9676425698308564
0.00451,6.614549423884621
0.004515000000000001,5.664919488218535
0.004520000000000001,3.6877255233399993
0.004525,-5.606545818917277e-13
0.00453,-2.9717843347982322
0.004535,-4.5140839015111975
0.004540000000000001,-4.558074820549776
0.004545,-2.208172039133634
0.00455,-1.216272556372866e-13
0.004555,1.9516924790180123
0.004560000000000001,3.236572617512631
0.0045650000000000005,4.9187394671437685
0.00457,3.1812873363293925
0.004575,2.1478738110394309e-13
0.004580000000000001,-3.3611372222371005
0.0045850000000000005,-6.64198987337649
0.00459,-7.094005263434406
0.004595,-4.29230751155521
0.004600000000000001,5.183926036385608e-13
0.004605000000000001,5.516193750681077
0.00461,8.470581694218186
0.004615,9.370598683217828
0.00462,6.187654361975795
0.004625000000000001,-5.894961846315642e-13
0.0046300000000000004,-6.797264823021658
0.004635,-11.446972531739448
0.00464,-10.88716025084763
0.004645000000000001,-7.204601314979641
0.0046500000000000005,4.700850168879477e-13
0.004655,7.416865896673628
0.00466,11.631248496911635
0.004665000000000001,11.71135312644999
0.0046700000000000005,6.371298258760086
0.004675,-3.3660921215441886e-13
0.00468,-5.655770657006159
0.004685000000000001,-8.68278575699157
0.004690000000000001,-8.203894096622639
0.004695,-5.482960847637943
0.0047,1.4851678636824867e-13
0.004705,4.337137583478511
0.004710000000000001,6.029557335999797
0.0047150000000000004,6.393334119607225
0.00472,3.4431251542848775
0.004725,-5.191963753962506e-14
0.004730000000000001,-3.240983408333879
0.0047350000000000005,-4.114928522857692
0.00474,-4.407964072919749
0.004745,-2.4133969246542026
0.004750000000000001,4.657535213375668e-13
0.0047550000000000005,2.294993970639373
0.00476,3.4059607739198023
0.004765,4.24769175407137
0.004770000000000001,3.1114778044512046
0.004775000000000001,-5.088331722051761e-13
0.00478,-3.691520061407345
0.004785,-5.292821453312574
0.00479,-5.799548807536815
0.004795000000000001,-4.052939567151137
0.0048000000000000004,6.667842154664404e-13
0.004805,5.029947509361818
0.00481,9.514215629962838
0.004815000000000001,9.221071400726256
0.0048200000000000005,5.856122036639506
0.004825,-8.575575065444351e-13
0.00483,-6.280901884974684
0.004835000000000001,-10.941211623090547
0.0048400000000000006,-10.544350793455287
0.004845,-7.253897245294527
0.00485,-5.52815434321299e-13
0.004855000000000001,6.676019321437501
0.004860000000000001,11.53994027684984
0.004865,11.184613065768135
0.00487,6.947774951358121
0.004875,6.465699864363316e-13
0.004880000000000001,-6.115077396333394
0.0048850000000000005,-9.523175944851856
0.00489,-8.444745656302258
0.004895,-5.513213755000993
0.004900000000000001,3.73364046623694e-13
0.0049050000000000005,4.652890856383254
0.00491,6.220472249855451
0.004915,5.884908890731145
0.004920000000000001,3.517092761936139
0.0049250000000000006,-2.095418794477153e-13
0.00493,-3.104777018731008
0.004935,-3.9631208990158884
0.004940000000000001,-3.3585785731469633
0.004945000000000001,-2.332607733994279
0.00495,9.971333975907932e-14
0.004955,2.547417930207376
0.00496,3.726524649297071
0.004965000000000001,4.537282501347582
0.0049700000000000005,2.882265991430615
0.004975,-7.394765503081567e-14
0.00498,-3.305395159229194
0.004985000000000001,-6.047243076032484
0.0049900000000000005,-6.668725179948414
0.004995,-3.86556571336402
0.005,3.175037302072011e-14
0.005005000000000001,4.891153049148588
0.0050100000000000006,8.829547876485327
0.005015,8.972568176181596
0.00502,5.787656905007466
0.005025000000000001,-1.1099362266797032e-12
0.005030000000000001,-6.581378689266248
0.005035,-10.677163207951862
0.00504,-10.85152336592567
0.005045,-6.730335176492934
0.005050000000000001,1.1279574225093247e-12
0.0050550000000000005,6.722102682224868
0.00506,11.417395308308594
0.005065,10.367123474384073
0.005070000000000001,6.4773519379035465
0.0050750000000000005,-8.617318173285364e-13
0.00508,-5.815868905770535
0.005085,-8.983643544478886
0.005090000000000001,-8.671133443885754
0.005095000000000001,-5.3618217361016525
0.0051,5.415445493073379e-13
0.005105,4.616733085638217
0.005110000000000001,5.808101634345286
0.005115000000000001,5.594328418094669
0.00512,3.6155142798327886
0.005125,-2.792151682598179e-13
0.00513,-2.8985636856371415
0.005135000000000001,-4.422376644110489
0.0051400000000000005,-3.939646636180466
0.005145,-2.7561838492150668
0.00515,1.8400088840534424e-13
0.005155000000000001,2.8130783998928384
0.0051600000000000005,3.435804815954074
0.005165,4.5849000302777325
0.00517,2.919857791027257
0.005175000000000001,-1.8469863344496074e-13
0.005180000000000001,-3.648987498373615
0.005185,-6.450046241179687
0.00519,-6.960527553829539
0.005195000000000001,-4.7133892782541835
0.005200000000000001,2.2795548100579046e-13
0.005205,5.346308616973172
0.00521,9.36681181766101
0.005215,9.736251486270012
0.005220000000000001,5.731502245919123
0.0052250000000000005,-2.3215917038979627e-13
0.00523,-6.6420047480965625
0.005235,-11.443932274652278
0.005240000000000001,-11.118834105434805
0.0052450000000000005,-7.04356560122483
0.00525,1.1566167913021505e-13
0.005255,7.127529268976272
0.005260000000000001,11.086738093157464
0.005265000000000001,10.830510731768994
0.00527,6.910739298990116
0.005275,1.0829102980540689e-14
0.005280000000000001,-5.947421789217184
0.005285000000000001,-8.590687504388594
0.00529,-9.525881183974818
0.005295,-5.095904035025342
0.0053,-9.675717572323023e-14
0.005305000000000001,4.801897340557916
0.0053100000000000005,7.032493116261169
0.005315,5.746812400396611
0.00532,3.1147108413086326
0.005325000000000001,-4.3117121860913945e-13
0.0053300000000000005,-2.9936803564172036
0.005335,-3.67911428832711
0.00534,-3.7462768600546323
0.005345000000000001,-2.068852127488712
0.005350000000000001,3.853187519371132e-13
0.005355,2.0022260074339138
0.00536,3.8402628470825175
0.005365000000000001,4.431672985960378
0.005370000000000001,2.7451369303600597
0.0053750000000000004,-3.694401046095592e-13
0.00538,-3.6944521947498714
0.005385,-5.5925712269744325
0.005390000000000001,-7.006434696355906
0.0053950000000000005,-4.285643664035121
0.0054,4.840251580140284e-13
0.005405,5.223191974713283
0.005410000000000001,8.567593611661653
0.0054150000000000005,9.537134406842457
0.00542,5.6916584880655945
0.005425,-5.24360900026925e-13
0.005430000000000001,-6.343586969600985
0.005435000000000001,-11.28508517486364
0.00544,-11.77071943316563
0.005445,-6.716563413419415
0.005450000000000001,1.7482085753348523e-12
0.005455000000000001,6.588972601204349
0.0054600000000000004,11.452474986670234
0.005465,10.286956927822583
0.00547,6.380856560806072
0.005475000000000001,-2.6924414297866583e-13
0.0054800000000000005,-6.1973841768796385
0.005485,-9.395166613243457
0.00549,-8.52863490396291
0.005495000000000001,-5.278339030204284
0.0055000000000000005,1.2096591244753951e-13
0.005505,4.38826962508528
0.00551,6.75613221508128
0.005515000000000001,5.57124025396117
0.005520000000000001,3.610204713645911
0.005525,-2.3157849595423236e-14
0.00553,-3.2284221358668423
0.005535000000000001,-4.822579795128276
0.005540000000000001,-4.504789943041486
0.0055450000000000004,-2.514468879162831
0.00555,-2.38858502502908e-14
0.005555,2.751939631595863
0.005560000000000001,4.004654030721401
0.0055650000000000005,4.153227626731927
0.00557,2.561804103328924
0.005575,7.292903242594058e-14
0.005580000000000001,-3.467982509347963
0.0055850000000000006,-6.275387361596971
0.00559,-6.228500048098299
0.005595,-4.102729366846867
0.005600000000000001,7.295483307181752e-13
0.005605000000000001,5.177979665981382
0.00561,8.871164424487333
0.005615,9.806257772237634
0.005620000000000001,6.060319285367122
0.005625000000000001,-8.4878263928789e-13
0.0056300000000000005,-6.389596291214721
0.005635,-10.777661901127365
0.00564,-10.662798891069723
0.005645000000000001,-7.1374018096709015
0.0056500000000000005,7.526887725901174e-13
0.005655,7.331231728978614
0.00566,11.922463666336842
0.005665000000000001,11.432099781102764
0.0056700000000000006,6.993481976979799
0.005675,-5.998253011333731e-13
0.00568,-5.636145159488251
0.005685000000000001,-10.086568834109295
0.005690000000000001,-8.983944989893228
0.005695,-5.140758247945722
0.0057,3.720311429406278e-13
0.005705000000000001,4.795840125295868
0.005710000000000001,6.193871719331278
0.0057150000000000005,6.486891279021358
0.00572,3.406639346910459
0.005725,-1.5374889873580513e-13
0.005730000000000001,-2.9767662361394733
0.0057350000000000005,-4.307136275355931
0.00574,-3.3142529956653384
0.005745,-2.173008042836225
0.005750000000000001,5.164998035010274e-13
0.005755000000000001,1.924187668439663
0.00576,3.5705465191593078
0.005765,4.060819019668666
0.005770000000000001,3.180347226488205
0.005775000000000001,-5.493719060478528e-14
0.00578,-3.6482149848565646
0.005785,-6.026890321973798
0.005790000000000001,-5.680441353803732
0.005795000000000001,-4.004126099834552
0.0058000000000000005,8.466148332289279e-17
0.005805,5.1968534490646965
0.00581,8.565731172116976
0.005815000000000001,10.033635875067636
0.0058200000000000005,6.275050549265971
0.005825,1.10657367439381e-13
0.00583,-6.417814017929248
0.005835000000000001,-10.66394655216179
0.005840000000000001,-11.878483545733674
0.005845,-6.829641328831209
0.00585,-2.618807630801035e-13
0.005855000000000001,7.393311869612825
0.005860000000000001,11.724650873575607
0.005865,11.055366731300364
0.00587,6.312349212048712
0.005875000000000001,-8.841357274044027e-13
0.005880000000000001,-6.213598121290893
0.0058850000000000005,-9.694001529891196
0.00589,-8.342114554162944
0.005895,-5.125622661218747
0.005900000000000001,5.293499739681601e-13
0.0059050000000000005,4.487229004734146
0.00591,5.8069156412558405
0.005915,5.985164282336572
0.005920000000000001,3.463815967764147
0.005925000000000001,-2.823844336622815e-13
0.00593,-2.8392424619381913
0.005935,-3.6762673039838143
0.005940000000000001,-4.1706130466564755
0.005945000000000001,-2.8408798692516846
0.00595,1.761409413211727e-13
0.005955,2.0527018906459062
0.005960000000000001,4.726178409130091
0.005965000000000001,4.402225133804195
0.0059700000000000005,2.416575604361051
0.005975,-1.7595400108818726e-13
0.00598,-2.933548612726637
0.005985000000000001,-6.424705111124139
0.0059900000000000005,-5.7298085788820385
0.005995,-3.997909137770496
0.006,2.2405638751820826e-13
0.006005000000000001,5.320382510247326
0.006010000000000001,8.072919789205528
0.006015,8.763052867938283
0.00602,5.8351334077779375
0.006025000000000001,-1.4952357428174802e-12
0.006030000000000001,-6.863518046949769
0.006035,-10.515009428696445
0.00604,-11.55666416073128
0.006045000000000001,-6.861810992028121
0.006050000000000001,1.5032034560721978e-12
0.0060550000000000005,7.483049115979206
0.00606,10.779079680485946
0.006065,11.625037920485106
0.006070000000000001,6.293270687121342
0.0060750000000000005,-1.2648013328718413e-12
0.00608,-6.371283145661608
0.006085,-9.515060987624064
0.006090000000000001,-8.57822987725967
0.006095000000000001,-4.787973383173153
0.0061,-1.3120473057019776e-13
0.006105,4.5309604011385
0.006110000000000001,6.6900801668287295
0.006115000000000001,6.24756303183134
0.0061200000000000004,3.6665967341833445
0.006125,1.2271128545617224e-13
0.006130000000000001,-3.005437173346889
0.006135000000000001,-3.8637142590730713
0.0061400000000000005,-3.6139870353025514
0.006145,-2.1884183759239044
0.00615,-1.237409790214152e-13
0.006155000000000001,2.5836325095382944
0.0061600000000000005,4.2985331028641305
0.006165,4.896072192025808
0.00617,2.7493781442017906
0.006175000000000001,-3.4652943306008667e-13
0.006180000000000001,-3.567846082759443
0.006185,-6.21205339535288
0.00619,-6.878073006632626
0.006195000000000001,-4.464107208398263
0.006200000000000001,4.744692717708003e-13
0.0062050000000000004,5.170254721778963
0.00621,9.073054265507224
0.006215000000000001,9.799907911489022
0.006220000000000001,5.837346652723332
0.0062250000000000005,-5.0916903183399e-13
0.00623,-6.2854868152350685
0.006235,-11.404272480571269
0.006240000000000001,-11.810026360571099
0.0062450000000000006,-6.642508046981398
0.00625,4.2610088600231713e-13
0.006255,7.439094604752736
0.006260000000000001,11.158942234056166
0.006265000000000001,10.60217130586504
0.00627,6.949691587669571
0.006275,-2.506752638370973e-13
0.006280000000000001,-6.038271646367818
0.006285000000000001,-9.29653435291497
0.0062900000000000005,-9.344261643422751
0.006295,-5.384872534347564
0.006300000000000001,1.0939901687407562e-12
0.006305000000000001,4.273242218224868
0.0063100000000000005,6.842081727324247
0.006315,6.450605609272136
0.00632,3.195003237447193
0.006325000000000001,-6.477346724202876e-13
0.0063300000000000006,-3.0431235398866043
0.006335,-4.9591152483691125
0.00634,-4.59400232123463
0.006345000000000001,-2.0511874643692916
0.006350000000000001,3.573092714436666e-13
0.006355,2.4457657673859825
0.00636,3.297223910143609
0.006365000000000001,4.006745970786041
0.006370000000000001,2.9858147069706877
0.0063750000000000005,-4.2298201977282113e-13
0.00638,-3.659980990407919
0.006385000000000001,-5.866473238803004
0.006390000000000001,-6.129446410860808
0.0063950000000000005,-4.19168874239558
0.0064,6.758103109773628e-13
0.006405,5.2354187185051995
0.006410000000000001,8.420655119419957
0.0064150000000000006,9.243095994601601
0.00642,5.685954492798948
0.006425,4.505549845148696e-13
0.006430000000000001,-6.366381303853773
0.006435000000000001,-11.49245012702302
0.00644,-10.58983272997082
0.006445,-6.867935355216131
0.006450000000000001,7.360383700511479e-13
0.006455000000000001,6.881627461900442
0.0064600000000000005,11.579189969043908
0.006465,10.354558767130472
0.006470000000000001,6.902339936321414
0.006475000000000001,-5.500225018297524e-13
0.0064800000000000005,-6.049696554763436
0.006485,-9.082700663405591
0.00649,-8.958436127773082
0.006495000000000001,-5.392142044829023
0.006500000000000001,2.8884470376699494e-13
0.006505,4.381940410988904
0.00651,7.15771641611171
0.006515000000000001,5.194719845976788
0.006520000000000001,3.348952372355909
0.006525,-1.6705369004702044e-13
0.00653,-2.7801522139443438
0.006535000000000001,-4.250954131025854
0.006540000000000001,-4.423634954902646
0.0065450000000000005,-2.0937878287028293
0.00655,6.78567664553195e-14
0.006555000000000001,1.9562916658724496
0.006560000000000001,3.7417631804303375
0.0065650000000000005,4.069334318450124
0.00657,2.5748043556896625
0.006575,-3.385225563081381e-14
0.006580000000000001,-3.1229431244870955
0.006585000000000001,-5.313519609764996
0.00659,-6.84580512217878
0.006595,-4.589467401662657
0.006600000000000001,8.095838259268098e-13
0.006605000000000001,5.4370297016416655
0.00661,9.075258401031872
0.006615,9.098244565248804
0.006620000000000001,5.677140355192152
0.006625000000000001,-1.1349149100079498e-12
0.0066300000000000005,-6.426432912515236
0.006635,-10.788381097406017
0.006640000000000001,-10.70281536311772
0.006645000000000001,-6.66035090315861
0.0066500000000000005,1.051462204423634e-12
0.006655,7.317261969850963
0.00666,10.694378547879252
0.006665000000000001,11.598434018540276
0.006670000000000001,6.600349676711572
0.006675,-7.795667253174669e-13
0.00668,-5.685414797052684
0.006685000000000001,-10.005971004737296
0.006690000000000001,-9.532903309833534
0.006695,-5.340091195028757
0.0067,5.257707681464361e-13
0.006705000000000001,4.352762326790353
0.006710000000000001,5.777543949961709
0.0067150000000000005,6.205136715030563
0.00672,3.1002635766198168
0.006725000000000001,-2.4465998862438915e-13
0.006730000000000001,-2.4480479567166133
0.0067350000000000005,-4.560546098516392
0.00674,-3.405547617218824
0.006745,-1.9325499550222058
0.006750000000000001,2.029246646470217e-13
0.006755000000000001,2.329090071280255
0.00676,4.5394608514456465
0.006765,3.500090455755282
0.006770000000000001,2.703731558115538
0.006775000000000001,-1.8123864305583592e-13
0.0067800000000000004,-3.138882177293839
0.006785,-5.172897983516957
0.006790000000000001,-5.846289573735456
0.006795000000000001,-3.911989367900292
0.0068000000000000005,1.830267744121533e-13
0.006805,4.751226653679134
0.006810000000000001,8.659562980996158
0.006815000000000001,8.689472777108701
0.0068200000000000005,6.124088981918021
0.006825,-1.4688903906342686e-13
0.00683,-6.259748585885521
0.006835000000000001,-11.390800160686874
0.006840000000000001,-10.48481698598965
0.006845,-6.945084409373716
0.00685,2.232110611985775e-14
0.006855000000000001,6.862359327302652
0.006860000000000001,11.347758585039967
0.0068650000000000004,11.67708481103364
0.00687,6.7987266212076465
0.006875000000000001,-1.0624147214514879e-12
0.006880000000000001,-5.779773200428645
0.0068850000000000005,-8.625575546217133
0.00689,-8.521291160032552
0.006895000000000001,-5.052974752380997
0.006900000000000001,7.577844192481758e-13
0.0069050000000000005,4.309670934974732
0.00691,6.660345330689408
0.006915,5.431987835239914
0.006920000000000001,3.2884221150669335
0.006925000000000001,-3.710692287993108e-13
0.00693,-2.683893471972324
0.006935,-4.548613425907729
0.006940000000000001,-4.249091082789734
0.006945000000000001,-2.328852344187234
0.0069500000000000004,2.760024525934389e-13
0.006955,2.2317874711832055
0.006960000000000001,3.973557838470832
0.006965000000000001,4.63306227060087
0.0069700000000000005,2.482442691020178
0.006975,-3.4785021337052813e-13
0.006980000000000001,-3.333684931196891
0.006985000000000001,-6.266045731568978
0.0069900000000000006,-6.188455385313688
0.006995,-3.9496316543274377
0.007,3.8963369870854104e-13
0.007005000000000001,5.5388986625179815
0.007010000000000001,9.404260416107913
0.007015,10.018394259585815
0.00702,6.2507935541517625
0.007025000000000001,-4.601843757542865e-13
0.007030000000000001,-6.158938853131476
0.0070350000000000005,-10.492070349423967
0.00704,-10.910450546445086
0.007045000000000001,-6.706150936071393
0.007050000000000001,3.499638643820465e-13
0.0070550000000000005,7.453900254696766
0.00706,10.699266491178157
0.007065000000000001,11.081183047686105
0.007070000000000001,6.486048767472555
0.0070750000000000006,-2.148236566158191e-13
0.00708,-5.9640862972506286
0.007085,-9.186276669600579
0.007090000000000001,-8.158916458288111
0.007095000000000001,-4.874491116602496
0.0071,6.108009852311654e-14
0.007105,4.152830331008503
0.007110000000000001,5.682688514179827
0.007115000000000001,5.760285803289754
0.0071200000000000005,3.091711692053894
0.007125,1.7349651975712572e-14
0.007130000000000001,-2.3787494518814767
0.007135000000000001,-4.86593622584178
0.0071400000000000005,-3.9436659498638864
0.007145,-2.7230992025762206
0.007150000000000001,4.1767599320680593e-13
0.007155000000000001,2.5902771447716817
0.0071600000000000006,4.63926581164178
0.007165,4.365681867907604
0.00717,2.724640180093174
0.007175000000000001,-5.271325586737424e-13
0.007180000000000001,-2.9257718639756245
0.007185,-5.860150598770394
0.00719,-5.827101070099747
0.007195000000000001,-4.642006537167568
0.007200000000000001,6.840736502858653e-13
0.0072050000000000005,5.205474101211368
0.00721,8.442033905298542
0.007215000000000001,9.447247955948844
0.007220000000000001,5.668948101274985
0.0072250000000000005,-7.261110607654602e-13
0.00723,-6.705834315636616
0.007235000000000001,-10.654995298910547
0.007240000000000001,-10.644431514380388
0.007245000000000001,-7.458513861222523
0.00725,6.78020477546599e-13
0.007255,7.48246767118612
0.007260000000000001,10.90009315927415
0.007265000000000001,10.90548526985375
0.00727,6.620151445341216
0.007275,-5.075156693029352e-13
0.007280000000000001,-5.638647159119174
0.007285000000000001,-8.878012093497787
0.0072900000000000005,-9.245765641267527
0.007295,-5.343578232820741
0.007300000000000001,1.2815893545214337e-12
0.007305000000000001,4.302176509342171
0.0073100000000000005,6.80186914456873
0.007315,6.106401044942643
0.007320000000000001,3.3118643493415094
0.007325000000000001,-6.086074255534214e-13
0.007330000000000001,-2.889423395230474
0.007335,-4.972809147438493
0.00734,-4.6729710660717325
0.007345000000000001,-2.6978861925363833
0.007350000000000001,5.882805125180495e-14
0.007355,1.9568741625970005
0.00736,4.313517866666413
0.007365000000000001,3.891623683159537
0.007370000000000001,2.4327226833967672
0.0073750000000000005,-1.7473923498390362e-14
0.00738,-3.760417878888659
0.007385000000000001,-6.043475918063037
0.007390000000000001,-6.705406288463162
0.0073950000000000005,-4.271244521746372
0.0074,-6.828832551270142e-14
0.007405000000000001,5.205505927598647
0.007410000000000001,9.405409406118372
0.007415000000000001,8.889836011193294
0.00742,6.417415037075069
0.007425,2.04623617344947e-13
0.007430000000000001,-6.725754362005362
0.007435000000000001,-11.532628041509422
0.00744,-11.501958491167237
0.007445,-7.289361073512722
0.007450000000000001,9.695990881138107e-13
0.007455000000000001,7.3971186467748975
0.0074600000000000005,11.299172814688253
0.007465,11.516448095466142
0.007470000000000001,6.601590394459942
0.007475000000000001,-7.45164956238389e-13
0.0074800000000000005,-6.127056811954349
0.007485,-9.365512509575677
0.007490000000000001,-8.903624518691393
0.007495000000000001,-5.07696658686877
0.007500000000000001,4.541689876655084e-13
0.007505,3.9231319647121263
0.00751,6.297458132873506
0.007515000000000001,6.055758357596203
0.007520000000000001,3.345105165518676
0.0075250000000000004,-2.665164083376964e-13
0.00753,-2.4491980066112267
0.007535000000000001,-4.252536269397997
0.007540000000000001,-4.329648476335377
0.0075450000000000005,-2.473393591964729
0.00755,1.772984148492189e-13
0.007555000000000001,2.102655638918459
0.007560000000000001,4.332970270019278
0.0075650000000000005,4.927763279429361
0.00757,2.6544936938438783
0.007575000000000001,-8.50703686802556e-13
0.007580000000000001,-3.6983635278503786
0.007585000000000001,-5.9911902277744655
0.00759,-6.701357752191419
0.007595,-4.537448779683573
0.007600000000000001,1.0791153099812292e-12
0.007605000000000001,4.6842637242111715
0.0076100000000000004,8.518328550502092
0.007615,9.535516009574911
0.007620000000000001,6.468327093770642
0.007625000000000001,-1.3732730041037902e-12
0.0076300000000000005,-6.142518033764449
0.007635,-10.565073897288242
0.007640000000000001,-10.604108216921876
0.007645000000000001,-7.263547764584402
0.0076500000000000005,-2.3537248912393607e-14
0.007655,7.123567314526415
0.007660000000000001,11.654496442454727
0.007665000000000001,10.374312332972046
0.007670000000000001,6.79426839749568
0.007675,1.3083144616475544e-13
0.007680000000000001,-5.865249673813696
0.007685000000000001,-8.828394508145555
0.007690000000000001,-9.299393110912376
0.0076950000000000005,-5.018737975786915
0.0077,-1.7814482941201356e-13
0.007705000000000001,4.68357690615747
0.007710000000000001,6.3447245451097265
0.0077150000000000005,5.38941432186988
0.00772,3.6790865704831464
0.007725000000000001,-4.4427910508991745e-13
0.007730000000000001,-3.0386475385403573
0.0077350000000000006,-4.547390034604956
0.00774,-3.639881062498237
0.007745000000000001,-2.0885633090488813
0.007750000000000001,2.3966890559076e-13
0.007755000000000001,2.146937991169752
0.00776,4.428646072803093
0.007765000000000001,4.723456509166597
0.007770000000000001,2.687041425210945
0.007775000000000001,-3.3787269888682896e-13
0.0077800000000000005,-3.72156085662175
0.007785,-6.098686593610393
0.007790000000000001,-6.4801464289596415
0.007795000000000001,-4.184615641709587
0.0078000000000000005,3.3988812495533786e-13
0.007805,4.7642828402032515
0.007810000000000001,8.357320587937847
0.007815,8.958704040295077
0.00782,6.031502819888796
0.007825,-3.8119574833548224e-13
0.00783,-6.328917939933756
0.007835,-11.19868816602216
0.007840000000000001,-10.6168618113187
0.007845000000000001,-6.778666515261708
0.007850000000000001,1.616180393570923e-12
0.007855000000000001,7.0608766146484605
0.00786,10.628994707575169
0.007865,11.653777356890192
0.00787,6.3862637500439305
0.007875,-1.5064373875784075e-13
0.00788,-6.427184502819798
0.007885000000000001,-9.942196103935563
0.007890000000000001,-8.73056014068758
0.007895000000000001,-5.097437954600442
0.0079,1.0036872721854307e-12
0.007905,4.126757440687383
0.00791,6.2513350723495815
0.007915,5.480665295145964
0.00792,3.5497792740219243
0.007925000000000001,-1.2242446604903331e-12
0.007930000000000001,-2.568228659154261
0.007935000000000001,-3.611324209632049
0.007940000000000001,-3.5393412491550436
0.007945,-1.9399805450283152
0.00795,4.3004399092034557e-13
0.007955,1.971142463810431
0.00796,3.5535664903126905
0.007965,3.6359536751231953
0.007970000000000001,2.512830867521214
0.007975000000000001,-4.682939701946177e-13
0.007980000000000001,-3.7505458683357036
0.007985,-6.447676175814691
0.00799,-6.277742616373978
0.007995,-4.026768359183525
0.008,-3.1664221221804326e-13
0.008005,5.4376306083537544
0.008010000000000001,8.177034329429235
0.008015000000000001,9.647271860462263
0.008020000000000001,5.653594897128746
0.008025000000000001,-6.958835717109211e-13
0.00803,-6.212445649361107
0.008035,-11.51827343423442
0.00804,-11.174337590726205
0.008045,-6.673239839567068
0.00805,-6.926982801419032e-13
0.008055000000000001,6.6198242676671235
0.008060000000000001,11.064617828191473
0.008065000000000001,10.620623878831703
0.00807,7.067239266977031
0.008075,-4.87826579122655e-13
0.00808,-6.248317330735279
0.008085,-9.423121683735458
0.00809,-9.267476652880365
0.008095000000000001,-5.01083328713636
0.008100000000000001,1.2435502763266455e-12
0.008105000000000001,4.471991658644762
0.008110000000000001,5.908080578040048
0.008115,5.251450685130584
0.00812,3.3061860700351984
0.008125,-9.476409000836133e-14
0.00813,-2.7250308846072646
0.008135,-3.912532686812832
0.008140000000000001,-4.286132631957448
0.008145000000000001,-2.2322072974405716
0.008150000000000001,4.745544919384747e-13
0.008155,2.229130012868219
0.00816,4.022780040101461
0.008165,4.514543226477
0.00817,2.4410677857231518
0.008175,4.604084428344224e-15
0.008180000000000002,-2.992966905227429
0.008185000000000001,-6.588557103853838
0.008190000000000001,-6.888264927748901
0.008195000000000001,-4.728514992346779
0.0082,8.847888829923671e-13
0.008205,5.152344117257767
0.00821,9.247156028313215
0.008215,8.835001544913633
0.00822,6.038472723773549
0.008225000000000001,-2.175597657870478e-12
0.008230000000000001,-6.184724028564122
0.008235000000000001,-11.300333765032514
0.00824,-10.898970517081668
0.008245,-6.998648496131252
0.00825,9.941052853271318e-13
0.008255,7.485285487239456
0.00826,11.616221912779109
0.008265000000000002,11.569548892035309
0.008270000000000001,6.958417201607336
0.008275000000000001,-1.9293836119882875e-12
0.008280000000000001,-6.368575507474882
0.008285,-9.503372051235024
0.00829,-9.508207155026067
0.008295,-4.77975656094825
0.0083,4.863741419956049e-13
0.008305,4.201759717119079
0.008310000000000001,6.486183842750363
0.008315000000000001,5.745581769180652
0.008320000000000001,2.969872830468337
0.008325,-7.584109555564123e-13
0.00833,-3.0299482522749113
0.008335,-4.876340777788886
0.00834,-3.9734737484522262
0.008345,-2.7413876515753235
0.008350000000000002,1.261539898654682e-12
0.008355000000000001,2.3182857207161103
0.008360000000000001,3.286458373631875
0.008365000000000001,4.767836355827168
0.00837,2.6414259793327233
0.008375,-7.755008102234952e-13
0.00838,-3.6300531130909315
0.008385,-6.336745314969978
0.00839,-6.347476122385378
0.008395000000000001,-4.372367641535692
0.008400000000000001,1.8947515053954376e-12
0.008405000000000001,5.430063498889835
0.00841,9.06474701215037
0.008415,9.737763964737606
0.00842,5.909718740498134
0.008425,-1.2530702815161857e-12
0.00843,-6.230354960381262
0.008435000000000002,-11.343061333671534
0.008440000000000001,-11.048449585819993
0.008445000000000001,-6.9601986725289455
0.008450000000000001,-7.198860977127377e-14
0.008455,6.780900063227803
0.00846,11.175101682956775
0.008465,10.322367314103362
0.00847,6.225469055805614
0.008475,1.370555485825159e-12
0.008480000000000001,-6.4556279603861215
0.008485000000000001,-8.616128613854537
0.008490000000000001,-9.109960875257524
0.008495,-5.484509720442389
0.0085,-2.398850847384999e-13
0.008505,4.25568598167017
0.00851,6.013238331572678
0.008515,5.1446905620420225
0.008520000000000002,3.675335622464943
0.008525000000000001,-4.420977867038469e-13
0.008530000000000001,-2.5799315754468255
0.008535000000000001,-3.688505737630136
0.00854,-3.8650869640843197
0.008545,-2.087791786570475
0.00855,-2.0256103680560913e-13
0.008555,2.22541418247716
0.00856,4.367394035247071
0.008565000000000001,4.891186901149083
0.008570000000000001,2.8717814273364746
0.008575000000000001,-3.126587090762807e-13
0.00858,-3.4526330719900487
0.008585,-6.248037482213115
0.00859,-5.9296031232055
0.008595,-4.459506501758273
0.0086,-6.169129219921719e-13
0.008605000000000002,4.9723764508700885
0.008610000000000001,9.063945798160928
0.008615000000000001,9.350171769925911
0.008620000000000001,6.274960293961418
0.008625,-3.535974128050927e-13
0.00863,-6.744325034950196
0.008635,-10.269191511789531
0.00864,-11.403349833297478
0.008645,-6.727920214016136
0.008650000000000001,1.554077820332821e-12
0.008655000000000001,7.036362532206398
0.008660000000000001,10.824347552572826
0.008665,10.689295558975177
0.00867,6.164047716826164
0.008675,-1.1957181129529171e-13
0.00868,-6.088123413958748
0.008685,-10.08282237146033
0.008690000000000002,-9.276435899727492
0.008695000000000001,-5.388429302175329
0.008700000000000001,9.278145678972328e-13
0.008705000000000001,3.9313272075135357
0.00871,7.060131426681318
0.008715,5.650900299651988
0.00872,3.3935930906895564
0.008725,6.340958492975906e-14
0.00873,-3.262652934322815
0.008735000000000001,-3.6670980384927954
0.008740000000000001,-3.810509663248119
0.008745000000000001,-2.6477779157629673
0.00875,3.111828472720416e-13
0.008755,2.4027889516011496
0.00876,4.598388802509095
0.008765,4.006111868639201
0.00877,2.667242333424312
0.008775000000000002,-1.0322985686040072e-12
0.008780000000000001,-3.1112947062339713
0.008785000000000001,-5.556574224613335
0.008790000000000001,-5.8341933330179305
0.008795,-4.325016722821819
0.0088,5.629586376115967e-13
0.008805,4.758825126377794
0.00881,8.980872871619349
0.008815,9.064979835809563
0.008820000000000001,6.157000388074599
0.008825000000000001,-1.9247986453387573e-12
0.008830000000000001,-6.496311146664845
0.008835,-10.331512554978854
0.00884,-10.611705352603577
0.008845,-7.030861524541296
0.00885,5.544182667492582e-13
0.008855,7.438834483357377
0.008860000000000002,11.421764806197244
0.008865000000000001,11.013390029720243
0.008870000000000001,6.524847306910246
0.008875000000000001,-1.5305333317591687e-12
0.00888,-5.734128454547189
0.008885,-9.332652455593557
0.00889,-9.36771781248915
0.008895,-5.296340114299273
0.0089,2.2169211813098261e-13
0.008905000000000001,4.471260154865598
0.008910000000000001,5.71792451627542
0.008915000000000001,6.450511213452013
0.00892,2.8765621601501494
0.008925,-7.494662880443802e-13
0.00893,-2.6718866380184165
0.008935,-4.201928266532301
0.00894,-4.253219304474307
0.008945000000000002,-2.457752868618877
0.008950000000000001,8.560740348532012e-13
0.008955000000000001,2.534841395669446
0.008960000000000001,4.520463031675874
0.008965,3.981521093184049
0.00897,2.618018247471386
0.008975,-4.892532245165571e-13
0.00898,-3.6008222948180335
0.008985,-6.17100961657548
0.008990000000000001,-6.596589541145291
0.008995000000000001,-3.994514013223035
0.009000000000000001,1.6121184962463367e-12
0.009005,4.901094977036406
0.00901,9.055152904268425
0.009015,10.016537604861803
0.00902,6.177128599211378
0.009025,-9.105380144375934e-13
0.009030000000000002,-6.850387338244298
0.009035000000000001,-11.15761270989964
0.009040000000000001,-11.431071661484994
0.009045000000000001,-6.930701979038616
0.00905,2.201119408993683e-12
0.009055,7.201361169438834
0.00906,11.928697107079497
0.009065,11.213524423338907
0.00907,6.98049047734567
0.009075000000000001,-7.212443153469922e-13
0.009080000000000001,-6.357367877770346
0.009085000000000001,-9.8449288747896
0.00909,-8.93801883648935
0.009095,-4.788757183122404
0.0091,-4.862610214640448e-13
0.009105,4.445110959132003
0.00911,6.079622522499918
0.009115000000000002,6.357379746101103
0.009120000000000001,3.4302584752313567
0.009125000000000001,-2.0053828263069055e-13
0.009130000000000001,-2.5192134410641853
0.009135,-4.751338175149945
0.00914,-3.8496021393042708
0.009145,-2.1080221401541444
0.00915,-3.385019414127473e-13
0.009155,2.758642468630806
0.009160000000000001,4.737031642425652
0.009165000000000001,4.572480459698693
0.009170000000000001,2.551871150830299
0.009175,-1.30895179405115e-13
0.00918,-3.3836123886934963
0.009185,-5.720801190306469
0.00919,-7.068116563246659
0.009195,-4.64173690028326
0.009200000000000002,9.635878425520863e-13
0.009205000000000001,5.343663012740507
0.009210000000000001,8.799186128647495
0.009215000000000001,9.82463230688236
0.00922,6.451395577363719
0.009225,-1.0666784231276082e-14
0.00923,-6.720190301937823
0.009235,-11.686307905537321
0.00924,-11.2335620281456
0.009245000000000001,-7.224720185554146
0.009250000000000001,1.2157479852055407e-12
0.009255000000000001,6.987549673571221
0.009260000000000001,11.4902269923459
0.009265,11.103311329327875
0.00927,6.651836174376157
0.009275,2.0865453327522984e-13
0.00928,-6.346022948762684
0.009285000000000002,-8.796641505695312
0.009290000000000001,-8.62802577387061
0.009295000000000001,-5.135533262168611
0.009300000000000001,6.781177357698145e-13
0.009305,4.712593961099243
0.00931,6.810153757733913
0.009315,5.127730652431307
0.00932,3.7891796467378236
0.009325,2.332436491324528e-13
0.009330000000000001,-2.9536577487309312
0.009335000000000001,-3.8517507302913234
0.009340000000000001,-3.504643321474322
0.009345000000000001,-2.2974112862158327
0.00935,2.319909544212839e-13
0.009355,2.6435495111922673
0.00936,4.315854375905558
0.009365,3.6706193897631367
0.009370000000000002,2.7903390868038724
0.009375000000000001,-7.409638234853422e-13
0.009380000000000001,-3.5052429806838723
0.009385000000000001,-6.181829386777259
0.00939,-6.5668679626349515
0.009395,-4.141900920202596
0.0094,3.2960993539048755e-13
0.009405,5.061070800759437
0.00941,9.173731277683611
0.009415000000000001,9.006089823326578
0.009420000000000001,6.317729395658301
0.009425000000000001,-1.6064478557114588e-12
0.009430000000000001,-6.26314664263956
0.009435,-11.223538980194514
0.00944,-11.678763731757716
0.009445,-6.689483806624834
0.00945,2.1145793974523285e-13
0.009455000000000002,6.705655110711327
0.009460000000000001,10.80421831710421
0.009465000000000001,10.713695108584549
0.009470000000000001,6.73638969421826
0.009475,-1.3926882131437109e-12
0.00948,-6.491786047219309
0.009485,-9.865444873683614
0.00949,-9.287007238813608
0.009495,-5.192266099248495
0.009500000000000001,1.6528641712356364e-12
0.009505000000000001,4.737614967903738
0.009510000000000001,6.599513914129166
0.009515000000000001,6.390499730884062
0.00952,3.4834594275495396
0.009525,-5.651371934899398e-13
0.00953,-2.792826169191203
0.009535,-3.5792010922978608
0.009540000000000002,-3.8964252317870107
0.009545000000000001,-2.5682880235154877
0.009550000000000001,8.38222613699937e-13
0.009555000000000001,2.5427876969831846
0.00956,3.5941654735748663
0.009565,4.953894905681624
0.00957,2.669803739852088
0.009575,-4.080821887984623e-13
0.00958,-3.537542839812385
0.009585000000000002,-6.242868272251062
0.009590000000000001,-7.0681545278756115
0.009595000000000001,-4.295958810258715
0.009600000000000001,1.3649993407634407e-12
0.009605,4.7194207039941025
0.00961,8.06486853527355
0.009615,9.307495873696451
0.00962,5.687929046507675
0.009625000000000002,-3.2827136429450807e-12
0.009630000000000001,-6.623313482283433
0.009635000000000001,-10.928367261964208
0.009640000000000001,-11.736299886019438
0.009645,-6.803739602685621
0.00965,1.946149872247034e-12
0.009655,7.379042485809446
0.00966,11.653716063890565
0.009665,10.833663113125267
0.009670000000000002,6.194449115307654
0.009675000000000001,-3.552277606563358e-13
0.009680000000000001,-6.289961927741402
0.009685000000000001,-9.418011800096258
0.00969,-9.270286681261206
0.009695,-5.103250248012914
0.0097,-7.440591014347999e-13
0.009705,4.100986583017753
0.009710000000000002,5.7801950172100725
0.009715000000000001,6.091024391208788
0.009720000000000001,3.3697237785619127
0.009725000000000001,-7.083221109328362e-14
0.00973,-2.443245049930896
0.009735,-4.279130003163676
0.00974,-3.282400731924185
0.009745,-1.9675023219038104
0.00975,-5.105614766077584e-13
0.009755000000000002,2.1194058379598517
0.009760000000000001,4.046727441905924
0.009765000000000001,4.825320727100615
0.009770000000000001,2.9922105323681247
0.009775,4.8829930100469904e-14
0.00978,-3.6225707708351162
0.009785,-6.3020468142763555
0.00979,-7.130219299639051
0.009795000000000002,-4.596860172782543
0.009800000000000001,7.985322568682995e-13
0.009805000000000001,5.489923525515193
0.009810000000000001,9.026106168561254
0.009815,9.748282362056313
0.00982,6.488156026131091
0.009825,3.223101125962026e-13
0.00983,-6.884663519699772
0.009835,-10.559834841618654
0.009840000000000002,-11.575701181722495
0.009845000000000001,-6.576486839753961
0.009850000000000001,8.471658022006118e-13
0.009855000000000001,7.276071492454822
0.00986,10.846791598018841
0.009865,11.663315526952221
0.00987,6.24958548384292
0.009875,5.429546328285192e-13
0.009880000000000002,-6.215760803661488
0.009885000000000001,-9.223511651223074
0.009890000000000001,-9.428634673166808
0.009895000000000001,-5.493631378374855
0.0099,4.223337794350227e-13
0.009905,4.715828566790618
0.00991,6.997725154131362
0.009915,5.984456717424461
0.00992,3.3441162030344365
0.009925000000000002,-6.928413678389368e-13
0.009930000000000001,-2.691237337469423
0.009935000000000001,-4.2781031010383295
0.009940000000000001,-4.5275219492764665
0.009945,-2.60676344473733
0.00995,1.0342410491799035e-13
0.009955,2.3421106994294205
0.00996,4.209020929239299
0.009965000000000002,4.749632118191581
0.009970000000000001,3.2046941455284395
0.009975000000000001,-7.066385208004765e-13
0.009980000000000001,-3.6240612689424427
0.009985,-6.555824371831839
0.00999,-6.648488173909775
0.009995,-4.659135247904957
0.01,6.704693252169895e-14
0.010005,5.080318742958441
0.010010000000000002,8.757854475188756
0.010015000000000001,9.629432050547107
0.010020000000000001,5.746845486113223
0.010025000000000001,-1.2481578139186852e-12
0.01003,-6.247804364790273
0.010035,-10.481930230277133
0.01004,-11.749555494170282
0.010045,-7.461271599557618
0.010050000000000002,2.5012223777651875e-12
0.010055000000000001,6.951323332147834
0.010060000000000001,11.052004891302017
0.010065000000000001,10.759325207256161
0.01007,6.836362646043959
0.010075,-9.80927337986819e-13
0.01008,-5.877222921111449
0.010085,-9.565277502504939
0.01009,-8.548682884849905
0.010095000000000002,-5.478991426539163
0.010100000000000001,1.684085364212441e-12
0.010105000000000001,4.319895942559462
0.010110000000000001,6.796166683920066
0.010115,6.260893103830391
0.01012,3.587891167127484
0.010125,-4.0023991715419575e-13
0.01013,-2.466461270923245
0.010135000000000002,-3.58214138997284
0.010140000000000001,-3.6768667400382173
0.010145000000000001,-2.316607750944733
0.010150000000000001,6.815038001312203e-13
0.010155,2.0220387518596636
0.01016,4.451147866107803
0.010165,4.978903686294442
0.01017,3.056736165980965
0.010175,-2.3112737924244174e-13
0.010180000000000002,-3.6450659466829056
0.010185000000000001,-5.868852437446507
0.010190000000000001,-6.8616154690367
0.010195000000000001,-4.5227606370700615
0.0102,1.0900350587506432e-12
0.010205,4.964105140352704
0.01021,8.731326314096693
0.010215,9.58114803458826
0.010220000000000002,5.945754832575232
0.010225000000000001,-2.5352544774687584e-12
0.010230000000000001,-6.4613033637276835
0.010235000000000001,-11.366869283872333
0.01024,-11.396704927370939
0.010245,-6.866794056419208
0.01025,1.5989916180711539e-12
0.010255,7.328689295293313
0.01026,11.004228855155986
0.010265000000000002,10.818582944698903
0.010270000000000001,6.644033614396941
0.010275000000000001,-2.572986029002644e-12
0.010280000000000001,-6.222798216402993
0.010285,-9.43275473614285
0.01029,-8.613729549422425
0.010295,-5.369965892944368
0.0103,8.721987253904963e-13
0.010305000000000002,4.30891851389643
0.010310000000000001,5.697554255677555
0.010315000000000001,5.2941140258761195
0.010320000000000001,2.9333914875797626
0.010325,8.391436584355708e-14
0.01033,-3.1393370335812083
0.010335,-3.6552040836951263
0.01034,-4.260954944168359
0.010345,-2.3324848686795345
0.010350000000000002,3.152301729257742e-13
0.010355000000000001,2.363179217571275
0.010360000000000001,3.720687313452708
0.010365000000000001,4.3296420014974535
0.01037,2.4297658836584937
0.010375,1.7847435878856463e-13
0.01038,-3.341790955715907
0.010385,-5.959944646543375
0.010390000000000002,-6.028910538288082
0.010395000000000001,-4.201143189011477
0.010400000000000001,4.700093949352038e-13
0.010405000000000001,4.937015501951273
0.01041,8.429732773877403
0.010415,9.01267919669859
0.01042,5.750486763594865
0.010425,6.413588727717481e-13
0.01043,-6.564093526850313
0.010435000000000002,-11.679988343575486
0.010440000000000001,-10.884283974015956
0.010445000000000001,-6.756950296468425
0.010450000000000001,5.008192310859027e-13
0.010455,7.10863961854819
0.01046,11.32892651397322
0.010465,11.567806608687086
0.01047,6.542052053526968
0.010475000000000002,-1.651459259358472e-12
0.010480000000000001,-6.480893953902877
0.010485000000000001,-9.023082942197544
0.010490000000000001,-9.35869789340871
0.010495,-5.379751482785549
0.0105,1.5297683156629552e-13
0.010505,3.97139428604024
0.01051,7.134778411643888
0.010515,5.858129823982818
0.010520000000000002,3.3566608443044177
0.010525000000000001,-7.236820653859383e-13
0.010530000000000001,-3.183724065912902
0.010535000000000001,-4.512275403159078
0.01054,-4.094321795758879
0.010545,-2.6274178788850597
0.01055,-6.9184118030549585e-15
0.010555,2.255456335651396
0.010560000000000002,3.4242829821552827
0.010565000000000001,4.931502537247219
0.010570000000000001,2.52081172954921
0.010575000000000001,-6.010823125170613e-13
0.01058,-3.5494347093429757
0.010585,-5.9641504409045
0.01059,-7.059206550951904
0.010595,-4.152949710669712
0.0106,-1.8448628038726645e-13
0.010605000000000002,5.1435624513916665
0.010610000000000001,8.382845850040379
0.010615000000000001,8.832594218933261
0.010620000000000001,6.5244144238895245
0.010625,-9.217517247903973e-13
0.01063,-6.550246510864185
0.010635,-11.604932080492803
0.01064,-10.831969716255319
0.010645000000000002,-7.3743615359034065
0.010650000000000001,2.180282813057209e-12
0.010655000000000001,7.21235078019004
0.010660000000000001,11.292372709095371
0.010665000000000001,10.923191454900108
0.01067,6.950642641060398
0.010675,-5.888803375403422e-13
0.01068,-5.761867784071542
0.010685,-9.076494714190053
0.010690000000000002,-9.300424101357892
0.010695000000000001,-5.442833007475454
0.010700000000000001,1.2386323990420923e-12
0.010705000000000001,4.322841616014715
0.01071,7.085045257631621
0.010715,5.659575271190766
0.01072,3.0518600299610363
0.010725,-1.9653729305503178e-13
0.010730000000000002,-3.228924123507669
0.010735000000000001,-4.261799683143933
0.010740000000000001,-4.610317637623386
0.010745000000000001,-2.8017020237628216
0.010750000000000001,4.515355283280454e-13
0.010755,2.415496829011869
0.01076,4.750468855779145
0.010765,4.8044995118784755
0.01077,3.095659315814183
0.010775000000000002,-1.3012527113590842e-12
0.010780000000000001,-3.5183518453989757
0.010785000000000001,-6.3034067503874915
0.010790000000000001,-6.370284264228067
0.010795,-4.53722959381397
0.0108,9.503763246441402e-13
0.010805,4.961459365484066
0.01081,8.387210313923545
0.010815000000000002,9.22392835887471
0.010820000000000001,5.996619689878368
0.010825000000000001,-2.5176202204476184e-12
0.010830000000000001,-6.541437965894882
0.010835000000000001,-11.153591269301344
0.01084,-11.289148164740643
0.010845,-6.567956335067702
0.01085,1.1952440793120047e-12
0.010855,7.12806917118389
0.010860000000000002,11.231031484823019
0.010865000000000001,10.323691586714657
0.010870000000000001,6.943948468764222
0.010875000000000001,-2.1531599050758145e-12
0.01088,-5.986003553684513
0.010885,-9.474508587542816
0.01089,-9.151042605572075
0.010895,-5.13783188553311
0.010900000000000002,2.6298064480811494e-12
0.010905000000000001,4.782023536929797
0.010910000000000001,6.097128433282711
0.010915000000000001,6.016903050416162
0.010920000000000001,3.6236641396820475
0.010925,-8.628745957504597e-13
0.01093,-3.0519067407057254
0.010935,-4.550167025332309
0.01094,-3.9725133503274317
0.010945000000000002,-2.222492459629541
0.010950000000000001,2.3833654001974905e-13
0.010955000000000001,2.775706245786304
0.010960000000000001,4.504796422806805
0.010965,4.290462016488592
0.01097,3.245981216773749
0.010975,3.733780659267928e-13
0.01098,-3.3691726294570685
0.010985000000000002,-5.3254821026219386
0.010990000000000002,-6.392698169640935
0.010995000000000001,-4.259346638495756
0.011000000000000001,2.391086686558466e-13
0.011005000000000001,5.44630523138861
0.01101,8.491290716696545
0.011015,8.895676101169869
0.01102,5.880949260313817
0.011025,1.027732526631206e-12
0.011030000000000002,-6.898708048756458
0.011035000000000001,-10.343179155748432
0.011040000000000001,-10.696717817523758
0.011045000000000001,-7.193981645540146
0.01105,1.1805999105422432e-13
0.011055,6.909350233989989
0.01106,11.378770919906154
0.011065,10.791678451250473
0.011070000000000002,6.809310704406771
0.011075000000000002,-1.234980632981929e-12
0.011080000000000001,-6.293434850266811
0.011085000000000001,-8.986398965022211
0.011090000000000001,-8.558182611901039
0.011095,-4.978693029555062
0.0111,-8.891804837971443e-14
0.011105,4.611444028855483
0.01111,6.09032224336711
0.011115000000000002,6.013209145292221
0.011120000000000001,3.5225842438541806
0.011125000000000001,-4.096686711005872e-13
0.011130000000000001,-2.5358314063355154
0.011135,-3.8806254361443524
0.01114,-3.675998591387007
0.011145,-2.324111806164652
0.01115,-1.518155493622472e-13
0.011155000000000002,2.0689744648741395
0.011160000000000002,3.588507015818272
0.011165000000000001,4.363711095707578
0.011170000000000001,2.7332474413896684
0.011175000000000001,-3.3600951638965484e-13
0.01118,-3.3476267463285443
0.011185,-5.545699522847235
0.01119,-5.979369500344601
0.011195,-3.8673777641451355
0.011200000000000002,1.2510200564759803e-12
0.011205000000000001,5.468776574253867
0.011210000000000001,9.226114337961784
0.011215000000000001,9.660389532295905
0.01122,6.04197520028454
0.011225,-4.894709060341869e-13
0.01123,-6.137763308124256
0.011235,-11.330802258009586
0.011240000000000002,-10.606073038837414
0.011245000000000002,-7.454255639846419
0.011250000000000001,1.91347719964679e-12
0.011255000000000001,7.06280240903205
0.011260000000000001,11.889833398026367
0.011265,11.696949597007714
0.01127,6.381852300487286
0.011275,-2.707580685283614e-13
0.01128,-5.712375030528731
0.011285000000000002,-9.056910152128422
0.011290000000000001,-8.13843280728005
0.011295000000000001,-5.205279272339597
0.011300000000000001,9.910678978250388e-13
0.011305,4.2797228330464465
0.01131,5.799377636111682
0.011315,6.13612001716017
0.01132,2.8504376283993147
0.011325000000000002,-1.1800168511401607e-12
0.011330000000000002,-3.0034458195963483
0.011335000000000001,-3.5299506878247104
0.011340000000000001,-3.7909529358610174
0.011345000000000001,-1.9300926453151523
0.01135,3.7353000396378076e-13
0.011355,2.4859257021562096
0.01136,3.9058674487099783
0.011365,3.75003919610344
0.011370000000000002,3.0236403367692892
0.011375000000000001,-1.112008162911717e-12
0.011380000000000001,-3.2573895531216324
0.011385000000000001,-6.358339596502409
0.01139,-6.814364602898981
0.011395,-4.319735273008194
0.0114,6.825839265280006e-13
0.011405,5.119137710112671
0.011410000000000002,8.594421801537953
0.011415000000000002,8.887805347232053
0.011420000000000001,6.21820491744784
0.011425000000000001,-1.935453981431466e-12
0.011430000000000001,-6.189935435934
0.011435,-10.438773338625753
0.01144,-10.867909946779273
0.011445,-7.15944791556822
0.01145,7.263816600448519e-13
0.011455000000000002,7.124170611893742
0.011460000000000001,11.02099268677799
0.011465000000000001,10.75575681136544
0.011470000000000001,6.95678303655423
0.011475,-1.8700630328371566e-12
0.01148,-6.422084318860515
0.011485,-9.539270573499767
0.01149,-8.08839236660067
0.011495000000000002,-5.264752862333284
0.011500000000000002,2.261901141647377e-12
0.011505000000000001,4.668757296345908
0.011510000000000001,7.184091258417367
0.011515000000000001,5.562207470148729
0.01152,3.5390933104934086
0.011525,-7.527378855648394e-13
0.01153,-2.3844198469431626
0.011535,-4.112527274431534
0.011540000000000002,-4.609500776095224
0.011545000000000001,-2.5165175461617313
0.011550000000000001,8.557473247165672e-14
0.011555000000000001,2.7390946169006947
0.01156,3.601615822347911
0.011565,3.96598021007058
0.01157,2.7590322137432644
0.011575,5.851281628089022e-13
0.011580000000000002,-3.170795427621906
0.011585000000000002,-6.426388845280754
0.011590000000000001,-6.275531894170897
0.011595000000000001,-3.927684741982893
0.011600000000000001,1.6625309805938864e-16
0.011605,4.795238954619395
0.01161,8.391730078649529
0.011615,9.083595526459328
0.01162,6.145508511187233
0.011625000000000002,-1.0943071084544646e-12
0.011630000000000001,-6.2350553611655055
0.011635000000000001,-10.569210268222859
0.011640000000000001,-11.649571902421222
0.011645,-7.043645443861864
0.01165,-2.5946538045638383e-13
0.011655,7.1157219351159755
0.01166,11.014387332471873
0.011665000000000002,11.578071215822716
0.011670000000000002,6.338476553720322
0.011675000000000001,-9.064867045294385e-13
0.011680000000000001,-6.074971665727748
0.011685000000000001,-9.863803925645621
0.01169,-8.16899738598479
0.011695,-5.116932827497185
0.0117,-3.790726186260589e-13
0.011705,4.559777312476898
0.011710000000000002,6.9941035166724665
0.011715000000000001,6.42463689016821
0.011720000000000001,3.5492944330533773
0.011725000000000001,-2.963452258846423e-13
0.01173,-2.8335004545528895
0.011735,-3.966694843163746
0.01174,-4.27873284403579
0.011745,-2.759052263713055
0.011750000000000002,6.194288997133152e-13
0.011755000000000002,1.9110484398642273
0.011760000000000001,4.140762319929119
0.011765000000000001,4.876691099782161
0.011770000000000001,2.4465904258927806
0.011775,-1.9469668939341178e-13
0.01178,-2.9724246997671577
0.011785,-6.055783823561836
0.01179,-6.417623828998021
0.011795000000000002,-4.593507890595187
0.011800000000000001,1.2247071378221294e-12
0.011805000000000001,5.167566293750573
0.011810000000000001,9.053251982419559
0.011815,9.55033714208469
0.01182,6.288609348156725
0.011825,-1.8671034754116334e-13
0.01183,-6.5190668827119
0.011835000000000002,-10.979641749815338
0.011840000000000002,-11.807925774119953
0.011845000000000001,-6.704179018397073
0.011850000000000001,1.346072371629925e-12
0.011855000000000001,6.891492329099975
0.01186,10.527901389340256
0.011865,11.123577183787425
0.01187,6.869384072597365
0.011875,5.5709313883441693e-14
0.011880000000000002,-5.777757716785509
0.011885000000000001,-10.06942911714824
0.011890000000000001,-8.829232146405369
0.011895000000000001,-5.431202519694994
0.0119,8.024342118453651e-13
0.011905,4.233464534630404
0.01191,7.058503163896479
0.011915,6.135776368435717
0.011920000000000002,3.6237110835137027
0.011925000000000002,-1.0065510224743619e-12
0.011930000000000001,-2.813354376408471
0.011935000000000001,-3.817508888363716
0.011940000000000001,-4.715031916614182
0.011945,-2.277177977623158
0.01195,2.6640512305439667e-13
0.011955,2.3482539141941094
0.01196,3.8075966126925787
0.011965000000000002,4.354926590599119
0.011970000000000001,2.818591364656097
0.011975000000000001,-8.610704643287097e-13
0.011980000000000001,-3.7129976185862636
0.011985,-5.6500767101323195
0.01199,-5.748483770114104
0.011995,-3.953397962292609
0.012,4.3691352117193845e-13
0.012005000000000002,5.2306611852778
0.012010000000000002,8.908932001801547
0.012015000000000001,8.974019891049977
0.012020000000000001,6.40133232447827
0.012025000000000001,-1.824889958552702e-12
0.01203,-6.72330171183856
0.012035,-11.607013236008795
0.01204,-11.892553439867873
0.012045,-7.021638771802078
0.012050000000000002,3.20213808717772e-12
0.012055000000000001,7.034143628608566
0.012060000000000001,11.126115875329743
0.012065000000000001,11.214505762359979
0.01207,6.419286822157917
0.012075,-1.5461679725765748e-12
0.01208,-6.006866379111057
0.012085,-9.019514142861482
0.012090000000000002,-9.154035676801746
0.012095000000000002,-4.877039586231837
0.012100000000000001,1.873077216802557e-12
0.012105000000000001,4.6568949431082425
0.012110000000000001,5.92772619371678
0.012115,5.374971845985249
0.01212,3.488912297327059
0.012125,-5.85226177483886e-13
0.01213,-2.590013304949766
0.012135000000000002,-4.8110729273459185
0.012140000000000001,-3.515766873159205
0.012145000000000001,-2.030073936678427
0.012150000000000001,1.0437202737787957e-12
0.012155000000000001,2.1847134999029336
0.01216,3.3390313565348313
0.012165,4.024841855683047
0.01217,2.9283570391100517
0.012175000000000002,-5.521768853176455e-13
0.012180000000000002,-3.328127359389238
0.012185000000000001,-5.807827173969962
0.012190000000000001,-6.552765369977384
0.012195000000000001,-4.477437553857862
0.0122,-2.735674790032029e-13
0.012205,4.83339112340475
0.01221,9.104585715797256
0.012215,8.878540194800182
0.012220000000000002,5.649235105307674
0.012225000000000001,-7.767808250850842e-13
0.012230000000000001,-6.216202136991967
0.012235000000000001,-11.057763492146243
0.012240000000000001,-10.997961073796093
0.012245,-6.8837884635260265
0.01225,-6.344814670359215e-13
0.012255,6.566536296959496
0.012260000000000002,11.438794051695238
0.012265000000000002,10.908425447588986
0.012270000000000001,6.642388503501779
0.012275000000000001,-5.480253980914506e-13
0.012280000000000001,-5.991849396377063
0.012285,-8.692839274534267
0.01229,-8.40514979269644
0.012295,-5.382139471766088
0.0123,-5.395407627192131e-13
0.012305000000000002,4.06320303229446
0.012310000000000001,7.019212806004179
0.012315000000000001,6.513378397553277
0.012320000000000001,3.1533269906281802
0.012325000000000001,-1.354745971320082e-13
0.01233,-2.743011738164965
0.012335,-3.6819845065522974
0.01234,-3.537965349360833
0.012345000000000002,-2.7257015316908038
0.012350000000000002,5.640087116791561e-13
0.012355000000000001,2.7968380169698066
0.012360000000000001,3.3844694188417326
0.012365000000000001,3.8589185938693245
0.01237,2.944058661316745
0.012375,-3.1618479640425276e-14
0.01238,-3.2714721539064477
0.012385,-5.9246194992751
0.012390000000000002,-6.092401570615022
0.012395000000000002,-4.589929007111702
0.012400000000000001,8.736312614755397e-13
0.012405000000000001,5.001407234901176
0.012410000000000001,8.842345503692215
0.012415,9.85645544463373
0.01242,5.873799320980302
0.012425,1.684726090477713e-13
0.012430000000000002,-6.675724001712809
0.012435000000000002,-10.635764079944538
0.012440000000000001,-11.065325497174307
0.012445000000000001,-6.847806458731214
0.012450000000000001,9.927985054322055e-13
0.012455,7.188283723122969
0.01246,11.82496263575074
0.012465,11.12456684493343
0.01247,6.40732781775243
0.012475000000000002,-1.981508320377703e-12
0.012480000000000002,-6.438280170754073
0.012485000000000001,-8.699814832286949
0.012490000000000001,-8.972364247446308
0.012495000000000001,-4.903294276528748
0.0125,5.516097636112297e-13
0.012505,3.976188175410688
0.01251,6.742556074164158
0.012515000000000002,5.385012592073461
0.012520000000000002,3.2831476382063656
0.012525000000000001,-7.588414055989068e-13
0.012530000000000001,-2.6500603545160626
0.012535000000000001,-4.767324723145506
0.01254,-4.275465728313974
0.012545,-2.509598507807657
0.01255,2.064976248010927e-13
0.012555,2.0142071446994616
0.012560000000000002,4.66691839214988
0.012565000000000002,4.0226274362202625
0.012570000000000001,2.965192603413006
0.012575000000000001,-7.202549593873825e-13
0.012580000000000001,-2.908060338791706
0.012585,-6.3471411553424515
0.01259,-5.802282059047587
0.012595,-4.343403878532823
0.012600000000000002,1.853910104000777e-12
0.012605000000000002,5.192198936686298
0.012610000000000001,8.235183858545536
0.012615000000000001,9.875528489248662
0.012620000000000001,6.278440994169724
0.012625,-1.300079949068798e-12
0.01263,-6.896496164669114
0.012635,-10.519626094769693
0.01264,-11.901481446880108
0.012645000000000002,-6.765722615216729
0.012650000000000002,2.831795567724469e-12
0.012655000000000001,7.346135911804842
0.012660000000000001,10.9926284525925
0.012665000000000001,11.63463810675258
0.01267,6.628717695389868
0.012675,-1.1992954423434078e-12
0.01268,-6.010378286913878
0.012685000000000002,-9.531722693957857
0.012690000000000002,-9.120088069966808
0.012695000000000001,-5.161963950301739
0.012700000000000001,1.5722541048130962e-12
0.012705000000000001,4.664327376814708
0.01271,6.50121102837421
0.012715,5.937123686323609
0.01272,3.5366067353080073
0.012725,-4.8766637114857e-13
0.012730000000000002,-3.073506434482439
0.012735000000000002,-3.9862067396681464
0.012740000000000001,-4.057505130513424
0.012745000000000001,-2.1050167120332812
0.012750000000000001,7.758867968154471e-13
0.012755,2.549929978698486
0.01276,3.6821764185433112
0.012765,4.746576941420303
0.012770000000000002,2.623877814300935
0.012775000000000002,-1.6282874089823793e-12
0.012780000000000001,-3.2850615732755193
0.012785000000000001,-5.518756700401984
0.012790000000000001,-5.925499893832464
0.012795,-4.45505576004764
0.0128,1.2730670479875082e-12
0.012805,5.20722394490116
0.01281,9.40503640408292
0.012815000000000002,10.00845781272466
0.012820000000000002,5.73585987739291
0.012825000000000001,-4.624585702317778e-13
0.012830000000000001,-7.01964522651092
0.012835000000000001,-10.240141207418839
0.01284,-11.268085061551563
0.012845,-6.577156762453916
0.01285,-1.0743276963808582e-12
0.012855000000000002,7.422457750573252
0.012860000000000002,11.823546419081346
0.012865000000000001,10.913432338575813
0.012870000000000001,6.814676758083603
0.012875000000000001,-2.1030280651466357e-13
0.01288,-6.3116201422121385
0.012885,-9.987783278998483
0.01289,-8.469543978533864
0.012895,-4.735721930477497
0.012900000000000002,1.0632611593670305e-12
0.012905000000000002,4.087237859664306
0.012910000000000001,6.067488036808825
0.012915000000000001,5.367152275513708
0.012920000000000001,3.580148607691894
0.012925,1.3020556568588165e-14
0.01293,-2.3327129784513856
0.012935,-4.532707233173037
0.012940000000000002,-3.740471126093642
0.012945000000000002,-2.123999759220381
0.012950000000000001,4.678571279031956e-13
0.012955000000000001,2.835353709103805
0.012960000000000001,4.11793608970543
0.012965,3.7057599968023522
0.01297,2.871212394925299
0.012975,1.402769633166837e-13
0.01298,-3.6660666349551088
0.012985000000000002,-5.421770837205877
0.012990000000000002,-5.7846754450165045
0.012995000000000001,-4.678904357598295
0.013000000000000001,6.616663165078699e-13
0.013005000000000001,5.16082938487262
0.01301,8.350734833023516
0.013015,9.3945188013223
0.01302,5.849488317213563
0.013025000000000002,-1.9828985338241248e-12
0.013030000000000002,-6.143480531766885
0.013035000000000001,-10.774849614259148
0.013040000000000001,-11.06032624500792
0.013045000000000001,-6.637954464331586
0.01305,6.485345086902797e-13
0.013055,7.319535850607137
0.01306,11.47119756107288
0.013065,10.567146685572686
0.013070000000000002,6.220321084780246
0.013075000000000002,-1.6933443737352904e-12
0.013080000000000001,-6.199617927094864
0.013085000000000001,-9.765182435760009
0.013090000000000001,-8.618326038578383
0.013095,-5.300256150421826
0.0131,2.741990460220605e-13
0.013105,4.5736247602708735
0.013110000000000002,6.054876905884145
0.013115000000000002,6.113875056725802
0.013120000000000001,3.6554951194986898
0.013125000000000001,-6.649557584728331e-13
0.013130000000000001,-3.0061887124117703
0.013135,-4.800479677871507
0.01314,-4.205256152949442
0.013145,-2.1501180013897425
0.01315,6.299433086774414e-14
0.013155000000000002,2.4278882064380296
0.013160000000000002,4.53240753705399
0.013165000000000001,3.7863479116354752
0.013170000000000001,3.021479636107532
0.013175000000000001,-5.224134252882807e-13
0.01318,-3.5276834808851385
0.013185,-5.381211756270482
0.01319,-6.389428213646494
0.013195000000000002,-4.626892907250172
0.013200000000000002,1.854994822710535e-12
0.013205000000000001,5.026602681829812
0.013210000000000001,8.797848359171308
0.013215000000000001,8.727447838775626
0.01322,5.738832096017452
0.013225,-9.60821345801357e-13
0.01323,-6.551533448196196
0.013235,-11.015460348765684
0.013240000000000002,-10.498195688954628
0.013245000000000002,-6.921259443284325
0.013250000000000001,2.4786128616286562e-12
0.013255000000000001,7.024090825412873
0.013260000000000001,11.056606451303352
0.013265,11.615876129368305
0.01327,7.0602052691616555
0.013275,-7.794405549288614e-13
0.013280000000000002,-6.448994913513462
0.013285000000000002,-9.162518234196824
0.013290000000000001,-9.212821949513506
0.013295000000000001,-5.2811488321933595
0.013300000000000001,1.3512841172294635e-12
0.013305,4.342811531289375
0.01331,6.336406863039943
0.013315,6.029937593736734
0.01332,3.006440531277935
0.013325000000000002,-1.4357034578724817e-12
0.013330000000000002,-3.002066444799758
0.013335000000000001,-4.693073627599825
0.013340000000000001,-4.443423572782661
0.013345000000000001,-2.819144391241352
0.01335,5.593917859806211e-13
0.013355,1.9501443758705037
0.01336,3.847935605875766
0.013365000000000002,4.21527063618316
0.013370000000000002,2.6725554324785956
0.013375000000000001,-1.4101000212320924e-12
0.013380000000000001,-2.973492647176994
0.013385000000000001,-6.347927766451299
0.01339,-6.997364193061772
0.013395,-3.9988083080340453
0.0134,1.0862896245619893e-12
0.013405,5.216439207006969
0.013410000000000002,8.199352286095552
0.013415000000000002,9.04183746273914
0.013420000000000001,5.759528656139997
0.013425000000000001,-9.156762137078284e-14
0.013430000000000001,-7.012702541485607
0.013435,-11.56439221426542
0.01344,-11.6094359554364
0.013445,-6.63009876712064
0.013450000000000002,1.336059435235027e-12
0.013455000000000002,7.294220997680282
0.013460000000000001,11.82256073656801
0.013465000000000001,11.635826391277597
0.013470000000000001,6.424477304115562
0.013475,1.3349723658931936e-13
0.01348,-6.497268363828639
0.013485,-10.057802953329078
0.01349,-9.399662925931247
0.013495000000000002,-5.182776623798433
0.013500000000000002,6.839637863720288e-13
0.013505000000000001,4.239791960830837
0.013510000000000001,6.414648192841121
0.013515000000000001,6.420594185296093
0.01352,3.2699297628226343
0.013525,1.6935179237896208e-13
0.01353,-2.931653833223871
0.013535000000000002,-3.5929985947771597
0.013540000000000002,-4.117739324139306
0.013545000000000001,-2.750369414027285
0.013550000000000001,3.2823519184503327e-13
0.013555000000000001,2.4306674174273373
0.013560000000000001,4.1767264455963105
0.013565,4.247395771432335
0.01357,2.8649853169802624
0.013575,2.521446714775715e-13
0.013580000000000002,-3.488485361803669
0.013585000000000002,-5.845254577950176
0.013590000000000001,-6.561313016072688
0.013595000000000001,-4.716051831131559
0.013600000000000001,3.8887085158964295e-13
0.013605,5.0249872199773575
0.01361,9.415722352714225
0.013615,9.119342385243737
0.013620000000000002,6.021245245065666
0.013625000000000002,-1.5455418895090403e-12
0.013630000000000001,-6.488379067005231
0.013635000000000001,-10.38902515762865
0.013640000000000001,-11.722591229818724
0.013645000000000001,-7.4656530465935615
0.01365,3.117567749378141e-13
0.013655,7.140985677582532
0.01366,10.63771160017304
0.013665000000000002,10.889188443514609
0.013670000000000002,6.2265758881983855
0.013675000000000001,-1.4024379336531895e-12
0.013680000000000001,-6.261878266707254
0.013685000000000001,-8.797679440906409
0.01369,-9.161206200265973
0.013695,-5.2022890278598695
0.0137,2.948672408243508e-14
0.013705000000000002,4.293358712113275
0.013710000000000002,5.690564311337543
0.013715000000000001,5.866295580408506
0.013720000000000001,3.6632029126415366
0.013725000000000001,-6.088138598594335e-13
0.013730000000000001,-2.799417328015246
0.013735,-3.6529183542364656
0.01374,-3.5364928958323953
0.013745,-2.248873748202963
0.013750000000000002,9.67297077610207e-13
0.013755000000000002,1.9400933234813202
0.013760000000000001,4.6734459062208735
0.013765000000000001,4.695990248088775
0.013770000000000001,2.5552824464460255
0.013775,-4.09253493463737e-13
0.01378,-3.6717064582743406
0.013785,-6.061310334408349
0.013790000000000002,-6.636814880781058
0.013795000000000002,-4.049530459442597
0.013800000000000002,1.5322167947568083e-12
0.013805000000000001,5.172702219055587
0.013810000000000001,8.25194330948165
0.013815000000000001,9.294227447738194
0.01382,6.0022142983709115
0.013825,-6.661738150858676e-13
0.01383,-6.177878630710645
0.013835000000000002,-11.387871117043987
0.013840000000000002,-11.827142729566017
0.013845000000000001,-7.354860853053986
0.013850000000000001,1.9516482193950095e-12
0.013855000000000001,7.489587764878424
0.01386,11.439379017130399
0.013865,10.34680068439689
0.01387,6.995550680562733
0.013875000000000002,-2.7516792452431305e-12
0.013880000000000002,-6.352681591982568
0.013885000000000002,-8.595564948417973
0.013890000000000001,-8.302772930384592
0.013895000000000001,-5.091701550586174
0.013900000000000001,1.064547819818704e-12
0.013905,4.0164645685115925
0.01391,5.88715959833787
0.013915,5.531631056760243
0.013920000000000002,3.2383787073302512
0.013925000000000002,-1.4685287669727838e-12
0.013930000000000001,-2.967204105050352
0.013935000000000001,-4.315800389155064
0.013940000000000001,-4.23191290151988
0.013945,-2.0729137945672744
0.01395,4.149464920923385e-13
0.013955,2.4068179146462696
0.013960000000000002,3.89027746099577
0.013965000000000002,4.676273775623359
0.013970000000000002,3.165071012795892
0.013975000000000001,-1.0498474434692368e-12
0.013980000000000001,-3.020197894913807
0.013985000000000001,-5.907854089149398
0.01399,-5.718643223268546
0.013995,-4.249987386194348
0.014,8.892849689498901e-13
0.014005000000000002,5.508472694669966
0.014010000000000002,9.310755537859617
0.014015000000000001,9.86140792855288
0.014020000000000001,6.112097926012026
0.014025000000000001,-2.3285795655485712e-12
0.01403,-6.997952367697816
0.014035,-11.726254706552208
0.01404,-11.62583808201957
0.014045000000000002,-7.137434333580585
0.014050000000000002,1.023056057639643e-12
0.014055000000000002,7.065312854136455
0.014060000000000001,10.577232923291403
0.014065000000000001,10.275383075242578
0.014070000000000001,6.279100199384069
0.014075,4.722535233801725e-13
0.01408,-6.496122843994166
0.014085,-9.55269553087352
0.014090000000000002,-9.4659960851472
0.014095000000000002,-5.236809663578553
0.014100000000000001,4.4991427155849607e-13
0.014105000000000001,4.512762112140987
0.014110000000000001,7.023005981358729
0.014115,5.367827086607063
0.01412,3.003983249595395
0.014125,3.520971131345607e-13
0.014130000000000002,-2.4782260012154915
0.014135000000000002,-4.054028682717622
0.014140000000000002,-4.098555865643764
0.014145000000000001,-2.6731478554936463
0.014150000000000001,1.2402653492075858e-13
0.014155000000000001,2.4504175876703793
0.01416,3.8263657536764133
0.014165,4.134376442565018
0.01417,2.4820869690759912
0.014175000000000002,-7.559531913342407e-13
0.014180000000000002,-3.506375825291704
0.014185000000000001,-6.193480750179483
0.014190000000000001,-5.97640788906172
0.014195000000000001,-4.5529105517244
0.0142,1.174045175986149e-13
0.014205,5.327136910191682
0.01421,8.981322698019019
0.014215000000000002,8.791851531662447
0.014220000000000002,6.3038332463560005
0.014225000000000002,-1.2432380388524093e-12
0.014230000000000001,-6.44942242702139
0.014235000000000001,-10.744708927850626
0.014240000000000001,-10.796697194892454
0.014245,-6.72757910222072
0.01425,-6.668299232343439e-14
0.014255,7.382284648053792
0.014260000000000002,11.956645652091558
0.014265000000000002,11.663958723042029
0.014270000000000001,6.383984025579212
0.014275000000000001,-1.0186235972745017e-12
0.014280000000000001,-6.499025668651901
0.014285,-9.420623367572825
0.01429,-9.474035969029643
0.014295,-5.474838218650824
0.014300000000000002,1.4413563806748927e-12
0.014305000000000002,4.258878035074629
0.014310000000000002,5.702984630105868
0.014315000000000001,6.028119650488312
0.014320000000000001,3.329342121067053
0.014325000000000001,-3.34402091100386e-13
0.01433,-2.363555528126496
0.014335,-3.9935899524379344
0.01434,-3.27598336826906
0.014345000000000002,-2.0428104993329566
0.014350000000000002,7.39299283132234e-13
0.014355000000000001,2.423305795149206
0.014360000000000001,4.143909828606273
0.014365000000000001,3.7052569405345217
0.01437,2.8205679581279264
0.014375,-2.683172068370833e-13
0.01438,-3.1112707377345217
0.014385000000000002,-6.615524750544279
0.014390000000000002,-5.910544553800534
0.014395000000000002,-3.893400279495187
0.014400000000000001,1.2880782080782092e-12
0.014405000000000001,5.00244227767873
0.014410000000000001,8.478242425480326
0.014415,9.105143047756144
0.01442,5.969852100689432
0.014425,-3.7549957139133125e-13
0.014430000000000002,-6.885988010189113
0.014435000000000002,-11.739707705367579
0.014440000000000001,-10.75682278733798
0.014445000000000001,-6.659795886208318
0.014450000000000001,1.7216795309205417e-12
0.014455,7.321986685143315
0.01446,10.557105165181648
0.014465,11.520423599741557
0.014470000000000002,6.799365255681061
0.014475000000000002,-2.6172855162604284e-12
0.014480000000000002,-6.2062053957536465
0.014485000000000001,-9.008730523001075
0.014490000000000001,-8.317707892428922
0.014495000000000001,-5.365012565533233
0.0145,9.828722898313091e-13
0.014505,3.924229067314487
0.01451,6.885961246598584
0.014515000000000002,5.754113582430392
0.014520000000000002,3.579533281145842
0.014525000000000001,-9.603891794467392e-13
0.014530000000000001,-3.224842557550307
0.014535000000000001,-4.083257522904647
0.01454,-4.25614161668838
0.014545,-2.237943835099919
0.01455,4.081848050333098e-13
0.014555000000000002,1.9699035082915939
0.014560000000000002,4.019350517046071
0.014565000000000002,4.241600331309171
0.014570000000000001,2.5950794432544693
0.014575000000000001,-9.47480343599698e-13
0.014580000000000001,-3.242214518665961
0.014585,-6.193867421202106
0.01459,-6.531054061036069
0.014595,-3.9969777455581452
0.014600000000000002,2.5554703061500386e-12
0.014605000000000002,5.1045251440369706
0.014610000000000001,8.991296700293953
0.014615000000000001,9.950714147098752
0.014620000000000001,6.026287262315379
0.014625,-1.968069357188761e-12
0.01463,-6.77890414185635
0.014635,-11.435482318069035
0.014640000000000002,-11.67118700597997
0.014645000000000002,-6.8002144071031925
0.014650000000000002,3.528971685287547e-12
0.014655000000000001,7.3574846171282156
0.014660000000000001,11.842596698402705
0.014665000000000001,10.552097182240916
0.01467,6.270176193254848
0.014675,-1.6616905811665106e-12
0.01468,-6.375157336912676
0.014685000000000002,-8.780786095344043
0.014690000000000002,-8.105676560404845
0.014695000000000001,-5.291742380268698
0.014700000000000001,2.2455461509651103e-13
0.014705000000000001,3.8765562082345855
0.01471,7.087125472913537
0.014715,5.538337721311887
0.01472,3.1806910144574205
0.014725000000000002,-7.239267906966343e-13
0.014730000000000002,-3.2448237392380435
0.014735000000000002,-3.813046965058567
0.014740000000000001,-3.7485173928735493
0.014745000000000001,-2.7578773223691564
0.014750000000000001,2.0302203719715944e-14
0.014755,2.6149721172500833
0.01476,3.6827501904939166
0.014765,3.504932948492973
0.014770000000000002,2.449168746872772
0.014775000000000002,-5.16425492280544e-13
0.014780000000000001,-3.731391354175667
0.014785000000000001,-5.23197769215822
0.014790000000000001,-6.210273616872883
0.014795,-4.215250478698593
0.0148,-1.1538781938520158e-13
0.014805,5.293767543182686
0.014810000000000002,8.370484023452677
0.014815000000000002,8.648760486110595
0.014820000000000002,6.1285073996921025
0.014825000000000001,-9.099862577215877e-13
0.014830000000000001,-6.306987459189772
0.014835000000000001,-11.015873943652638
0.01484,-11.00027140752402
0.014845,-6.795630613443107
0.01485,-4.550459084167504e-13
0.014855000000000002,7.180246982704622
0.014860000000000002,10.528429765835915
0.014865000000000001,11.00704668350673
0.014870000000000001,6.939053718719391
0.014875000000000001,-6.736113820939574e-13
0.01488,-5.9737161223144195
0.014885,-9.605301695754887
0.01489,-8.794861166465143
0.014895000000000002,-5.136075995053017
0.014900000000000002,1.3640336186567607e-12
0.014905000000000002,3.878298471218431
0.014910000000000001,6.360168364894964
0.014915000000000001,6.522393786554687
0.014920000000000001,3.0794380015284357
0.014925,-2.063490219669349e-13
0.01493,-3.2357806250573957
0.014935,-4.230704085102351
0.014940000000000002,-4.176127939574944
0.014945000000000002,-2.2786314376125274
0.014950000000000001,5.624578437970369e-13
0.014955000000000001,2.006230234573486
0.014960000000000001,3.7045897662098466
0.014965000000000001,3.638785131115632
0.01497,2.4374347517183237
0.014975,-1.2677421716086627e-13
0.014980000000000002,-3.1276208296797763
0.014985000000000002,-6.5174296933559575
0.014990000000000002,-6.119184760414121
0.014995000000000001,-4.623195207366855
0.015000000000000001,1.0629832088806228e-12
0.015005000000000001,4.699909362246371
0.01501,8.606824867140748
0.015015,8.776829936743168
0.01502,5.961759893550505
0.015025000000000002,-2.4194429427974918e-12
0.015030000000000002,-6.953130092602785
0.015035000000000001,-11.742147521065162
0.015040000000000001,-10.952419853245845
0.015045000000000001,-6.824428086367045
0.015050000000000001,1.2896177569438838e-12
0.015055,6.872748709747449
0.01506,10.616003443923688
0.015065000000000002,10.662882510153953
0.015070000000000002,6.941672525025485
0.015075000000000002,-2.331795997702267e-12
0.015080000000000001,-5.745263833303167
0.015085000000000001,-8.668459684384434
0.015090000000000001,-8.248429877386219
0.015095,-4.831081777528446
0.0151,6.132110940751434e-13
0.015105,3.960837849554238
0.015110000000000002,5.783316785399612
0.015115000000000002,6.462624371190511
0.015120000000000001,3.154134189030919
0.015125000000000001,-9.793311022223678e-13
0.015130000000000001,-3.1818532568469093
0.015135000000000001,-4.499352810127665
0.01514,-3.8848441736928123
0.015145,-2.1266223563442646
0.015150000000000002,1.1461992139729e-12
0.015155000000000002,2.051345381897016
0.015160000000000002,3.81915901185371
0.015165000000000001,3.522508963199537
0.015170000000000001,2.910880272872504
0.015175000000000001,-8.852970024861854e-13
0.01518,-3.514809012231316
0.015185,-6.491855435292122
0.01519,-6.69215511901558
0.015195000000000002,-4.449837415203901
0.015200000000000002,2.0536991782415697e-12
0.015205000000000002,5.227544915260713
0.015210000000000001,8.650632428992195
0.015215000000000001,9.566731812085695
0.015220000000000001,6.326765549948088
0.015225,-1.449004223335148e-12
0.01523,-6.938625973352662
0.015235000000000002,-11.41089817865533
0.015240000000000002,-11.831244696849744
0.015245000000000002,-6.838865272072857
0.015250000000000001,2.9195407097558044e-12
0.015255000000000001,7.009217575329091
0.015260000000000001,10.70528245734746
0.015265,11.112362163947695
0.01527,6.81373411455415
0.015275,-1.3818215342039445e-12
0.015280000000000002,-6.488812390593127
0.015285000000000002,-8.649683811851242
0.015290000000000002,-8.36807951555813
0.015295000000000001,-5.489817506649273
0.015300000000000001,-3.2611479480161765e-14
0.015305000000000001,4.433701872312106
0.01531,6.38689734916215
0.015315,5.438398546464243
0.015320000000000002,3.1422703747054146
0.015325000000000002,-4.4959360519193575e-13
0.015330000000000002,-3.1906734898386953
0.015335000000000001,-3.8414248257478003
0.015340000000000001,-3.788438500460738
0.015345000000000001,-2.1446971881282266
0.01535,-1.045491270997054e-13
0.015355,2.450724900127209
0.015360000000000002,3.4277110940655326
0.015365000000000002,4.1462180997360525
0.015370000000000002,2.960862955351758
0.015375000000000002,-3.427390280469817e-13
0.015380000000000001,-2.946899043649166
0.015385000000000001,-5.624681773638617
0.015390000000000001,-6.720785147978933
0.015395,-4.431445985202231
0.0154,-4.0916849649635126e-13
0.015405000000000002,4.833850624355728
0.015410000000000002,8.747021534458538
0.015415000000000002,9.692558110686935
0.015420000000000001,5.695618957844647
0.015425000000000001,-5.654546473120938e-13
0.015430000000000001,-6.828924064607936
0.015435,-10.602133461855413
0.01544,-11.280438266522896
0.015445000000000002,-7.31274877822386
0.015450000000000002,1.855687876880662e-12
0.015455000000000002,6.604623069461664
0.015460000000000002,11.397915767888092
0.015465000000000001,10.490493888985869
0.015470000000000001,6.855889186430752
0.015475000000000001,-3.4454050334943297e-13
0.01548,-6.231360518214457
0.015485,-9.91954657293301
0.015490000000000002,-8.129476287019406
0.015495000000000002,-5.2208704226587415
0.015500000000000002,1.1633536074064847e-12
0.015505000000000001,4.594072330387731
0.015510000000000001,7.004557642454187
0.015515000000000001,6.16284876873423
0.01552,3.2498524805695443
0.015525,-7.384390504218186e-14
0.015530000000000002,-2.603021157877205
0.015535000000000002,-4.2505833602215075
0.015540000000000002,-4.531385213355239
0.015545000000000002,-2.0826764607824666
0.015550000000000001,4.909033239605627e-13
0.015555000000000001,2.5221134715090257
0.015560000000000001,4.1779206270210665
0.015565,4.723808955845101
0.01557,2.5728717364733726
0.015575000000000002,-1.2561831163324404e-12
0.015580000000000002,-3.1967714448309232
0.015585000000000002,-6.535025310623373
0.015590000000000001,-6.1258533768390775
0.015595000000000001,-4.793204121160346
0.015600000000000001,6.977030209308565e-13
0.015605,5.20182909436003
0.01561,9.369163491319515
0.015615000000000002,8.868207697007158
0.015620000000000002,6.12069576553757
0.015625,3.518248267713835e-13
0.01563,-6.498149684784644
0.015635,-11.077286301278946
0.01564,-11.810412257283561
0.015645000000000003,-7.207863358506824
0.01565,8.343305684305684e-13
0.015655000000000002,7.453726569171388
0.01566,11.488730511010468
0.015665000000000002,11.649292872091605
0.01567,6.273276763874402
0.015675,-1.8299829107718362e-12
0.015680000000000003,-6.148503311511466
0.015685,-8.982115093060157
0.015690000000000003,-9.312571794608964
0.015695,-5.485631028708378
0.015700000000000002,2.3545960032528944e-12
0.015705,4.123492103702062
0.015710000000000002,5.678912331561592
0.015715,5.854254372156573
0.01572,3.309255581815197
0.015725000000000003,-2.068347391012873e-12
0.01573,-3.0496712139914863
0.015735000000000002,-4.8338169534522395
0.01574,-4.607319039691355
0.015745000000000002,-2.3577070604868906
0.01575,1.373708573178977e-13
0.015755,2.175138243870482
0.01576,3.407989208273581
0.015765,3.5865646274942717
0.015770000000000003,2.7001551649054245
0.015775,-6.691362370516607e-13
0.015780000000000002,-3.6470733809374205
0.015785,-6.440370363753456
0.015790000000000002,-6.295397798492669
0.015795,-4.188069506178052
0.0158,1.9876049862259704e-12
0.015805,5.18320866684543
0.01581,9.23611301759014
0.015815000000000003,10.049771767111231
0.01582,5.876455524296754
0.015825000000000002,-3.658803134755045e-12
0.01583,-6.648293465117194
0.015835000000000002,-11.218514346028725
0.01584,-11.041540326098046
0.015845,-6.661099429195969
0.015850000000000003,5.057598919240081e-12
0.015855,7.132205001158935
0.015860000000000003,11.88413030723512
0.015865,10.385906608328767
0.015870000000000002,6.473737549161667
0.015875,-1.0176684062354116e-12
0.015880000000000002,-6.275128327938659
0.015885,-8.881861924089858
0.01589,-8.2044205480569
0.015895000000000003,-4.63574310925487
0.0159,1.4935648348907142e-12
0.015905000000000002,4.659508932466457
0.01591,6.021776215623637
0.015915000000000002,6.268994149733434
0.01592,3.3945794540303442
0.015925,-3.817768450534707e-13
0.01593,-2.4632842848968157
0.015935,-4.930883607816735
0.015940000000000003,-3.591998231662311
0.015945,-2.3995872577292987
0.015950000000000002,7.88179971081738e-13
0.015955,2.4775439568636957
0.015960000000000002,3.558765279318269
0.015965,3.479597310995182
0.01597,2.8673694362123276
0.015975,8.114203090475385e-13
0.01598,-3.651228360905661
0.015985000000000003,-6.062994541055094
0.01599,-5.82451198619559
0.015995000000000002,-3.954368614220073
0.016,-6.322917517444448e-13
0.016005000000000002,4.9974362387805105
0.01601,9.211790809792339
0.016015,8.729991364100632
0.016020000000000003,5.831201075110654
0.016025,-2.85118656345054e-13
0.016030000000000003,-6.970544537969305
0.016035,-10.800895000757787
0.016040000000000002,-11.777170574734235
0.016045,-7.338327343746065
0.016050000000000002,1.508111323846434e-12
0.016055,7.429151380382181
0.01606,11.473589048986891
0.016065000000000003,10.687209540390965
0.01607,6.386284345668545
0.016075000000000002,-2.6584371386709393e-12
0.01608,-6.0183147217767665
0.016085000000000002,-9.367803841733522
0.01609,-9.360203362603233
0.016095,-4.773487555353545
0.0161,-9.355815034532107e-13
0.016105,4.292504823042889
0.016110000000000003,7.099527873390482
0.016115,5.672192385740675
0.016120000000000002,2.8674957501186062
0.016125,8.28393286759469e-14
0.016130000000000002,-2.44517263565601
0.016135,-3.7569411844770175
0.01614,-3.4999444813113896
0.016145,-2.3330394521629416
0.01615,3.627745655287766e-13
0.016155000000000003,2.36986369334738
0.01616,4.006914485043531
0.016165000000000002,4.0460672896189855
0.01617,2.668447571254204
0.016175000000000002,-9.780190311235055e-13
0.01618,-3.0740463492347065
0.016185,-5.168220837433074
0.016190000000000003,-6.830220738500318
0.016195,-3.96170496236724
0.016200000000000003,2.4748019470020933e-12
0.016205,5.097318097419914
0.016210000000000002,8.931297631647743
0.016215,8.895628728158913
0.016220000000000002,6.277892717657718
0.016225,6.569102333464246e-13
0.01623,-7.010860863315608
0.016235000000000003,-11.556782050172162
0.01624,-10.501891508924963
0.016245000000000002,-6.648206129577295
0.01625,4.634026555857647e-13
0.016255000000000002,7.424049455822641
0.01626,10.51310833267287
0.016265,10.4610275270819
0.01627,6.99791333191992
0.016275,-1.6138948818402647e-12
0.016280000000000003,-5.772379932804642
0.016285,-8.98341445348433
0.016290000000000002,-8.09280694556421
0.016295,-5.322255101499024
0.016300000000000002,1.8393383908212857e-12
0.016305,4.574685030262436
0.01631,7.14630260144981
0.016315,6.35626631306871
0.01632,3.6349426206314455
0.016325000000000003,-5.511999975499925e-13
0.01633,-2.7732781912075737
0.016335000000000002,-4.936739491821177
0.01634,-3.6436039182364257
0.016345000000000002,-2.4454927621140246
0.01635,-7.127856524629351e-15
0.016355,2.3041036507020474
0.016360000000000003,3.3100565712876526
0.016365,4.326176197499635
0.016370000000000003,2.9366971883665562
0.016375,6.361619102286688e-13
0.016380000000000002,-3.0609882093032987
0.016385,-6.513422808675664
0.016390000000000002,-6.873320082347054
0.016395,-4.353577135624725
0.0164,1.6589308778924268e-12
0.016405000000000003,4.98228239985253
0.01641,8.679238660973676
0.016415000000000003,9.7172332217441
0.01642,6.091199950037386
0.016425000000000002,-8.810072699438299e-13
0.01643,-6.9584558531093625
0.016435,-11.74473894131699
0.01644,-10.482207239143209
0.016445,-6.732518575870713
0.016450000000000003,4.9436390361254225e-12
0.016455,7.099264367381527
0.016460000000000002,10.850480854737954
0.016465,10.85561409985292
0.016470000000000002,6.3156722020042375
0.016475,1.8111427684252604e-12
0.01648,-5.710429532872208
0.016485,-9.548925138747508
0.01649,-9.15399841708582
0.016495000000000003,-4.850172020950619
0.0165,1.4037784828592044e-12
0.016505000000000002,4.491302362969319
0.01651,6.455740557822352
0.016515000000000002,5.726870456931832
0.01652,2.895514540204794
0.016525,-1.6628324767725582e-13
0.016530000000000003,-2.375915660973309
0.016535,-4.454205017249888
0.016540000000000003,-4.527913817575224
0.016545,-2.3261190528510363
0.016550000000000002,1.3634836404617537e-12
0.016555,2.273076422023399
0.016560000000000002,3.7962409416818392
0.016565,4.639891381648347
0.01657,2.600164222246573
0.016575000000000003,-1.42678936131991e-12
0.01658,-2.8514032326781766
0.016585000000000003,-5.732601810250399
0.01659,-6.79310642411613
0.016595000000000002,-4.515754962616489
0.0166,9.402084655548212e-13
0.016605,4.786848766770078
0.01661,8.459866580326363
0.016615,10.014968016040191
0.016620000000000003,5.771266877368715
0.016625,6.877877903578773e-14
0.016630000000000002,-6.1478304144030185
0.016635,-10.824822412385206
0.016640000000000002,-11.495434805470218
0.016645,-7.293171954740229
0.01665,3.7738791693431715e-12
0.016655,7.193842070973904
0.01666,11.761167760854057
0.016665000000000003,11.65425729534498
0.01667,6.584350531337276
0.016675000000000002,-2.07955998455582e-12
0.01668,-5.726650688648029
0.016685000000000002,-9.469445315210358
0.01669,-8.310899053081968
0.016695,-5.410798451923297
0.016700000000000003,4.1087595248177905e-12
0.016705,4.7334372367117235
0.016710000000000003,6.079675585542939
0.016715,6.062065980949416
0.016720000000000002,3.359971665125228
0.016725,2.7700280794259766e-13
0.016730000000000002,-3.1831177063984417
0.016735,-4.547263881262569
0.01674,-3.8258180328029923
0.016745000000000003,-2.4356384564133546
0.01675,1.2828371650106252e-12
0.016755000000000003,2.368290943479991
0.01676,4.018874990732172
0.016765000000000002,4.977367805877499
0.01677,2.917625317898456
0.016775,-7.22044888111467e-13
0.01678,-3.543228192862903
0.016785,-5.531628323645553
0.016790000000000003,-6.168120620421946
0.016795,-4.270702807322809
0.016800000000000002,3.945394322981368e-12
0.016805,4.7989097948211334
0.016810000000000002,8.721908975035513
0.016815,9.340263291282383
0.01682,5.924264486149115
0.016825,9.46780640694009e-13
0.01683,-6.435937469537474
0.016835000000000003,-11.453687879223146
0.01684,-11.932130998697456
0.016845000000000002,-6.779286472655243
0.01685,2.9893133236443958e-12
0.016855000000000002,6.646750004144772
0.01686,11.705385759128857
0.016865,10.856330258828814
0.016870000000000003,6.150939620067458
0.016875,-1.209312086494809e-12
0.016880000000000003,-6.2715023543309805
0.016885,-9.019821590635752
0.016890000000000002,-9.226494975191171
0.016895,-5.054693245998393
0.016900000000000002,-9.659702721164381e-14
0.016905,4.096296902857541
0.01691,6.0220111570918124
0.016915000000000003,5.846342922357184
0.01692,3.588104022504785
0.016925000000000003,-1.5848188501805193e-12
0.01693,-2.937082796517496
0.016935000000000002,-4.327857628232193
0.01694,-4.2070883302464015
0.016945,-2.3507363193753883
0.01695,-1.1383929097356555e-12
0.016955,2.196127170268741
0.016960000000000003,4.253815702777265
0.016965,4.117521521907332
0.016970000000000002,3.0561064708379853
0.016975,-4.024042720193172e-13
0.016980000000000002,-3.1328115352911525
0.016985,-5.304829396442853
0.01699,-7.097619407843834
0.016995,-4.4607142804917475
0.017,-4.687729818861532e-13
0.017005000000000003,4.6872889541274185
0.01701,8.234547923370512
0.017015000000000002,8.588722509438375
0.01702,6.239610872321935
0.017025000000000002,-3.1524142032642206e-12
0.01703,-6.731033667717005
0.017035,-10.56012404646694
0.017040000000000003,-10.986446384362292
0.017045,-6.593409466086542
0.017050000000000003,1.9038415628723967e-12
0.017055,6.93371975651524
0.017060000000000002,11.357164568273815
0.017065,10.249372808058409
0.017070000000000002,6.771333069790778
0.017075,-2.7826700609164946e-13
0.01708,-6.017602250965823
0.017085000000000003,-9.311095129336072
0.01709,-8.866241355460236
0.017095000000000003,-5.052341628684602
0.0171,-7.067468777417293e-13
0.017105000000000002,4.0326271960173266
0.01711,6.60592138184166
0.017115000000000002,5.511180322778687
0.01712,3.167082172011424
0.017125,-1.2735578731816105e-12
0.017130000000000003,-2.406904326636061
0.017135,-4.557841043560247
0.017140000000000002,-4.167800707950634
0.017145,-2.772599032882303
0.017150000000000002,4.221936945422442e-13
0.017155,2.447697006063055
0.01716,3.7797564429261516
0.017165,4.3014438636583305
0.01717,2.7107302472041894
0.017175000000000003,-2.056239946655332e-12
0.01718,-2.90375122002282
0.017185000000000002,-6.584556851384144
0.01719,-5.746927055592422
0.017195000000000002,-3.957522587991499
0.0172,-1.1978365614944399e-12
0.017205,4.7748973498864995
0.017210000000000003,8.221515645768841
0.017215,8.896060065223438
0.017220000000000003,5.973036662645693
0.017225,-1.974772603443428e-12
0.017230000000000002,-6.609497798580534
0.017235,-10.911797310633473
0.017240000000000002,-11.11284323335764
0.017245,-7.138425067288441
0.01725,7.92246715230191e-13
0.017255000000000003,6.973465916485178
0.01726,11.751374440367648
0.017265000000000003,11.434140075941613
0.01727,6.565125504259793
0.017275000000000002,-4.118991028008633e-12
0.01728,-6.280398696261936
0.017285000000000002,-10.062364917377861
0.01729,-8.576892955286077
0.017295,-4.688013232731797
0.017300000000000003,2.3158032057039828e-12
0.017305,4.217148024667833
0.017310000000000002,6.8254289414092435
0.017315,5.952191133741866
0.017320000000000002,2.889753623159552
0.017325,-6.851936793257516e-13
0.01733,-3.22322375640737
0.017335,-3.74224649256851
0.01734,-3.3552194185083493
0.017345000000000003,-2.5052344379650444
0.01735,8.970907973764463e-14
0.017355000000000002,2.1520140918763846
0.01736,4.059684338727956
0.017365000000000002,4.71111055490464
0.01737,2.445354922843131
0.017375,-2.086541839003633e-12
0.017380000000000003,-3.3367889609794394
0.017385,-6.140798637566618
0.017390000000000003,-6.160166827816188
0.017395,-4.330715323651333
0.017400000000000002,1.9057051041986722e-12
0.017405,5.21639965011361
0.017410000000000002,8.803194159541428
0.017415,9.637329488854999
0.01742,6.315725254674089
0.017425000000000003,-5.645808669221812e-12
0.01743,-6.815534095597796
0.017435000000000003,-11.604837069964677
0.01744,-11.671284196485773
0.017445000000000002,-6.559646191537976
0.01745,-2.593167246581178e-13
0.017455000000000002,6.744895121548057
0.01746,11.210372651185372
0.017465,10.255698937936662
0.017470000000000003,6.807279606939341
0.017475,-3.1227324664134147e-12
0.017480000000000002,-6.471105566432284
0.017485,-10.072430217250963
0.017490000000000002,-8.095279191964705
0.017495,-5.527542095726679
0.0175,1.3842331775065944e-12
0.017505,4.448916037768176
0.01751,6.204705366801975
0.017515000000000003,5.930313129112765
0.01752,3.5275914519844798
0.017525000000000002,-3.314258319688238e-13
0.01753,-2.74107958700724
0.017535000000000002,-4.193872779188743
0.01754,-3.8006463632771776
0.017545,-2.7347385835975677
0.017550000000000003,1.5965577184899948e-12
0.017555,1.9762960149483357
0.017560000000000003,3.729891630417079
0.017565,4.918558218713644
0.017570000000000002,2.747899798423995
0.017575,9.609581574169098e-13
0.017580000000000002,-3.470459622318026
0.017585,-6.553370794166407
0.01759,-6.121829608367574
0.017595000000000003,-3.9427863865482866
0.0176,1.0967397786232156e-12
0.017605000000000003,5.108386748944975
0.01761,9.514159436295753
0.017615000000000002,9.558427873745542
0.01762,6.148759757793242
0.017625000000000002,-1.7562299304636472e-13
0.01763,-6.932487704709706
0.017635,-10.693276618886543
0.017640000000000003,-11.287351845472141
0.017645,-7.483989445299291
0.017650000000000002,4.07437430560215e-12
0.017655,6.67265210523784
0.017660000000000002,11.043069322484344
0.017665,11.712367419824634
0.01767,6.291238741848394
0.017675,2.536107601658136e-12
0.01768,-6.2110768999437544
0.017685000000000003,-9.234429244469542
0.01769,-8.996926129643946
0.017695000000000002,-5.244165419072893
0.0177,7.188214810987972e-13
0.017705000000000002,4.47442793181426
0.01771,6.310769788719379
0.017715,5.9912427124743415
0.017720000000000003,3.76816298279191
0.017725,1.3181538184516321e-13
0.017730000000000003,-2.685498920279738
0.017735,-4.877904784042923
0.017740000000000002,-4.582121501471778
0.017745,-2.5705083147729786
0.017750000000000002,9.752389836791057e-13
0.017755,2.7552487889152513
0.01776,3.8332873313072606
0.017765000000000003,3.722171365086712
0.01777,2.5972517798111117
0.017775000000000003,-8.746642491306101e-13
0.01778,-3.4615152036557033
0.017785000000000002,-5.817921515649805
0.01779,-6.334725893428498
0.017795000000000002,-3.883659102292263
0.0178,4.4844669269836646e-13
0.017805,5.461050235838747
0.017810000000000003,8.971723054630854
0.017815,9.101045900385376
0.017820000000000003,6.06981100311568
0.017825,7.722447920404817e-13
0.017830000000000002,-6.663671273093742
0.017835,-11.046946484228691
0.01784,-10.96714951943498
0.017845,-6.5999503618608575
0.01785,2.99528911379129e-12
0.017855000000000003,6.909655822316118
0.01786,11.840294645226113
0.017865000000000002,11.123308533305371
0.01787,6.755357110442725
0.017875000000000002,-1.4541907195560573e-12
0.01788,-5.992891517786202
0.017885,-8.57665184916757
0.017890000000000003,-8.401300144132419
0.017895,-5.027817260092181
0.017900000000000003,3.64969821237027e-12
0.017905,4.581708863015851
0.017910000000000002,6.618219596264393
0.017915,6.320079396186531
0.017920000000000002,3.4778811273862176
0.017925,6.551761627878709e-13
0.01793,-3.0972200523372737
0.017935000000000003,-4.0331660744821844
0.01794,-4.528950782762543
0.017945000000000003,-2.7736617098800984
0.01795,9.113447426143286e-13
0.017955000000000002,2.68907794049701
0.01796,3.3857639139577924
0.017965000000000002,4.3871235651655205
0.01797,2.6761635888110358
0.017975,-5.000312337434407e-13
0.017980000000000003,-3.0637405142239755
0.017985,-6.2411425652767445
0.017990000000000003,-5.743073418119875
0.017995,-4.485512075854307
0.018000000000000002,3.6172487528703477e-12
0.018005,4.613969461063379
0.01801,9.299303574070258
0.018015,8.673897131265727
0.01802,5.888719136372507
0.018025000000000003,-3.3896159257379597e-12
0.01803,-6.809333132541032
0.018035000000000002,-11.474013690664325
0.01804,-11.520850304252086
0.018045000000000002,-7.491471598075766
0.01805,2.1776814734565413e-12
0.018055,6.576176844602605
0.018060000000000003,10.56848618611284
0.018065,10.920567588943925
0.018070000000000003,6.54478755896277
0.018075,-5.18851630201027e-13
0.018080000000000002,-6.2199812629861375
0.018085,-9.015346138722359
0.018090000000000002,-9.032196558964161
0.018095,-5.268438427167104
0.0181,3.0193277466689935e-12
0.018105000000000003,3.96245693056091
0.01811,6.7162683828161125
0.018115000000000003,5.918020343468266
0.01812,3.351725868166946
0.018125000000000002,-1.2910539427955777e-12
0.01813,-3.0848595512589347
0.018135000000000002,-4.863296714533145
0.01814,-3.579246914137844
0.018145,-2.244892195545451
0.018150000000000003,4.802325055695587e-13
0.018155,2.7195953017528782
0.018160000000000003,4.543393354268525
0.018165,4.204302955755981
0.018170000000000002,2.6629376118328896
0.018175,-3.231041095253272e-14
0.01818,-3.765492593776183
0.018185,-5.426633692780945
0.01819,-6.7592046888762125
0.018195000000000003,-3.921888765769423
0.0182,-9.508787023031699e-13
0.018205000000000002,4.799566830906998
0.01821,8.925986703662732
0.018215000000000002,10.004230981531597
0.01822,5.711488534815168
0.018225,-2.2992408347627054e-12
0.018230000000000003,-6.634037992507613
0.018235,-11.227721355007928
0.018240000000000003,-11.198953025875136
0.018245,-6.988929641926432
0.018250000000000002,1.0203670482320066e-12
0.018255,7.028533532133234
0.018260000000000002,10.89732238726535
0.018265,11.437016147954965
0.01827,6.934834112763746
0.018275000000000003,-4.5142496679813635e-12
0.01828,-6.242613260627225
0.018285000000000003,-9.41625397965245
0.01829,-9.110745234596193
0.018295000000000002,-5.091793641525133
0.0183,-1.162716656091234e-12
0.018305000000000002,4.787749525605743
0.01831,6.45204169589023
0.018315,5.790332076503128
0.018320000000000003,3.0054118943940415
0.018325,-9.083208432788714e-13
0.018330000000000003,-2.7921359853610688
0.018335,-3.901618852508169
0.018340000000000002,-3.306141809087922
0.018345,-2.2342669876384758
0.01835,2.009143036636443e-13
0.018355,2.7155402484700026
0.01836,4.323290195941604
0.018365000000000003,4.6914666035934305
0.01837,2.9916945219979363
0.018375000000000002,-1.8358210885386113e-12
0.01838,-3.396987470998783
0.018385000000000002,-6.103508575299827
0.01839,-6.841801517287243
0.018395,-4.204770472916587
0.018400000000000003,2.1594055850650374e-12
0.018405,5.053631678303894
0.018410000000000003,8.51153240469561
0.018415,9.109000328299246
0.018420000000000002,5.997614414532721
0.018425,-1.3635137593665153e-12
0.018430000000000002,-6.644594149137363
0.018435,-11.669514412423165
0.01844,-10.906121077680973
0.018445000000000003,-6.77379312986404
0.01845,2.417446615636626e-14
0.018455000000000003,7.046898639912828
0.01846,10.891045194048045
0.018465000000000002,10.850369836613877
0.01847,6.625527016780568
0.018475000000000002,-3.5190949407281104e-12
0.01848,-6.308594478829164
0.018485,-9.261267621753408
0.018490000000000003,-8.577173270911066
0.018495,-5.033235160003538
0.018500000000000003,1.768726314885915e-12
0.018505,4.464475336002642
0.018510000000000002,6.92345536980635
0.018515,6.5141919894919
0.018520000000000002,3.6771681622771086
0.018525,-4.939272112557342e-13
0.01853,-2.6676799834184473
0.018535000000000003,-4.281075724394284
0.01854,-3.3872467589827235
0.018545000000000002,-2.4717156082509915
0.01855,-1.5424832918380713e-13
0.018555000000000002,2.8247418792803396
0.01856,3.8420631993258514
0.018565,4.35072506856822
0.018570000000000003,3.2581572599742685
0.018575,-1.4033305327271537e-12
0.018580000000000003,-3.4716808783142894
0.018585,-5.155978748091106
0.018590000000000002,-6.843059797953618
0.018595,-4.673339309265667
0.018600000000000002,1.2811560598281663e-12
0.018605,5.300310637748316
0.01861,8.14547029528235
0.018615000000000003,10.000574463491965
0.01862,6.319447925916931
0.018625000000000003,-5.2524657309772124e-12
0.01863,-6.396515272071098
0.018635000000000002,-11.290162887852748
0.01864,-11.443462295700707
0.018645000000000002,-6.858427460021333
0.01865,-9.58764221256587e-13
0.018655,6.909982511477513
0.018660000000000003,11.459682553534106
0.018665,11.3296302844788
0.018670000000000003,7.007431301566335
0.018675,-2.7935451277534047e-12
0.018680000000000002,-6.096189966013198
0.018685,-9.670369812872194
0.018690000000000002,-9.128075244343563
0.018695,-4.700303085636888
0.0187,1.015968803002582e-12
0.018705000000000003,4.5546871278483305
0.01871,6.080519126877109
0.018715000000000002,6.407548961043957
0.01872,2.9102331112681767
0.018725000000000002,1.2872361480391328e-14
0.01873,-2.8897315478251517
0.018735,-3.466569981158702
0.018740000000000003,-3.4152531455202397
0.018745,-2.4616211834604824
0.018750000000000003,1.3485494801502953e-12
0.018755,1.9138988111868467
0.018760000000000002,3.242613889787369
0.018765,3.5727894916834746
0.018770000000000002,2.3541373198944235
0.018775,1.214351382775231e-12
0.01878,-3.4566487690029106
0.018785000000000003,-5.7900680212064515
0.01879,-6.483750562097351
0.018795000000000003,-3.883165472364973
0.0188,5.896242388391393e-13
0.018805000000000002,4.730681016031641
0.01881,8.892786063666517
0.018815000000000002,8.757385833106222
0.01882,6.413301748544824
0.018825,4.713889242627508e-13
0.018830000000000003,-6.449734582608485
0.018835,-10.802904283468733
0.018840000000000003,-10.530223743635885
0.018845,-7.160565457006248
0.018850000000000002,3.390141789605236e-12
0.018855,6.673743023754115
0.018860000000000002,10.47609634395993
0.018865,10.29606735138192
0.01887,6.538200953378307
0.018875000000000003,-1.7806782439679163e-12
0.01888,-6.25194939283242
0.018885000000000002,-9.243253116863732
0.01889,-9.374191965272594
0.018895000000000002,-5.305594223234655
0.0189,2.9410748491312755e-13
0.018905,4.709309542152584
0.018910000000000003,6.24121548828875
0.018915,6.556846315920118
0.018920000000000003,3.7666943408877853
0.018925,5.236333456065585e-13
0.018930000000000002,-3.094513357796857
0.018935,-4.525927287653192
0.018940000000000002,-3.5238836802035016
0.018945,-2.028355378405342
0.01895,8.819753825994696e-13
0.018955000000000003,2.226113293229921
0.01896,3.755022460942864
0.018965000000000003,3.8372466986159397
0.01897,2.771651500985289
0.018975000000000002,-5.9614999172363e-13
0.01898,-3.184178234997148
0.018985000000000002,-5.983259505384078
0.01899,-6.14827609848284
0.018995,-4.0588567390741375
0.019000000000000003,3.92317706086403e-12
0.019005,4.762410772117049
0.019010000000000003,9.028114095070864
0.019015,8.79699760068184
0.019020000000000002,5.8404839317849335
0.019025,1.465421037305164e-12
0.019030000000000002,-6.250878278911428
0.019035,-11.66750406630698
0.01904,-11.728161518017588
0.019045000000000003,-6.904547335908256
0.01905,2.5091978625539503e-12
0.019055000000000002,6.83524630310261
0.01906,11.475392993792441
0.019065000000000002,10.978524957202643
0.01907,6.679257237551759
0.019075,-8.526756615471119e-13
0.019080000000000003,-5.728117021617442
0.019085,-8.695412562444224
0.019090000000000003,-9.440875430356423
0.019095,-4.821800589707185
0.019100000000000002,3.270041182429745e-12
0.019105,4.537482741996196
0.019110000000000002,6.6599185754015835
0.019115,5.746366175206136
0.01912,3.7308366942712197
0.019125000000000003,-1.4739734594205185e-12
0.01913,-2.6956240977942745
0.019135000000000003,-4.684995737072042
0.01914,-4.294550696716515
0.019145000000000002,-1.973444574569977
0.01915,6.04617384913642e-13
0.019155000000000002,2.30571728355667
0.01916,4.4461273813036035
0.019165,4.605882837460597
0.019170000000000003,3.0300220839704552
0.019175,-1.356251316497722e-13
0.019180000000000003,-3.0075653170966254
0.019185,-6.275182875101724
0.019190000000000002,-6.554256867184267
0.019195,-3.868835787001308
0.019200000000000002,2.682281632339558e-12
0.019205,5.332482532415447
0.01921,8.211779274239996
0.019215000000000003,9.281811024504382
0.01922,6.494764705740119
0.019225000000000003,-2.4666279017575475e-12
0.01923,-6.739693902231099
0.019235000000000002,-11.269543622128765
0.01924,-11.530456679978956
0.019245,-6.604823794766851
0.019250000000000003,6.835404512865157e-12
0.019255,6.8227326236230015
0.019260000000000003,11.054144899706317
0.019265,10.61565976764849
0.019270000000000002,7.008448030819567
0.019275,1.3111079212972222e-13
0.019280000000000002,-5.792058474513062
0.019285,-9.864262150339274
0.01929,-8.425732659934514
0.019295000000000003,-4.727590799108095
0.0193,2.316306346124068e-12
0.019305000000000003,3.8646204936946367
0.01931,5.771249933800141
0.019315000000000002,5.298221637586366
0.01932,3.6314392384598615
0.019325000000000002,-9.39799259644764e-13
0.01933,-3.1164221851535316
0.019335,-3.550497921562883
0.019340000000000003,-4.586586174237372
0.019345,-2.5863144669085703
0.019350000000000003,2.5857966461830095e-13
0.019355,2.529796405240353
0.019360000000000002,4.284775983562549
0.019365,4.727107451592859
0.019370000000000002,3.2559303458504094
0.019375,2.530754773365932e-13
0.01938,-2.9797861514367168
0.019385000000000003,-5.76495420577241
0.01939,-5.915390438711707
0.019395000000000003,-4.527147720743448
0.0194,-1.3139974669706707e-12
0.019405000000000002,5.510602232001533
0.01941,9.161614878590495
0.019415,8.690555533365814
0.019420000000000003,5.621054737321163
0.019425,-1.5590997284443162e-12
0.019430000000000003,-6.540509288494347
0.019435,-11.428174218002
0.019440000000000002,-11.267920313082406
0.019445,-7.402134708924533
0.019450000000000002,3.027912972177038e-13
0.019455,6.867727117747818
0.01946,10.74953247408975
0.019465000000000003,10.298862829947515
0.01947,6.6298301956253685
0.019475000000000003,-3.724747276598848e-12
0.01948,-5.8923691828494515
0.019485000000000002,-9.545913986423079
0.01949,-8.46485022926656
0.019495000000000002,-5.522386046876695
0.0195,-1.9187407208911204e-12
0.019505,4.221590144661879
0.019510000000000003,6.977436560853545
0.019515,6.529620526090433
0.019520000000000003,3.192887494106999
0.019525,-5.534641946908442e-13
0.019530000000000002,-3.038723284983883
0.019535,-3.5026685731119156
0.019540000000000002,-3.289495940914984
0.019545,-2.7497305093689177
0.01955,-7.148980200421478e-14
0.019555000000000003,2.3720177507227955
0.01956,4.227176599847883
0.019565000000000003,4.202397269146734
0.01957,3.0406799939141007
0.019575000000000002,-1.7509157344530464e-12
0.01958,-3.474926990038695
0.019585,-5.397375207633191
0.019590000000000003,-6.831191048863212
0.019595,-4.316718704909111
0.019600000000000003,1.4342769905212448e-12
0.019605,5.507545655771108
0.019610000000000002,9.471159553887283
0.019615,9.687889316325592
0.019620000000000002,6.305629770157852
0.019625,-7.369478343168077e-13
0.01963,-6.802803076918889
0.019635000000000003,-11.371141206980255
0.01964,-11.501435073333427
0.019645000000000003,-6.900786983562656
0.01965,-7.023019646145195e-13
0.019655000000000002,6.645964987480141
0.01966,11.500149767319186
0.019665000000000002,11.577364944656912
0.01967,6.492268504175488
0.019675,-2.8208132098009866e-12
0.019680000000000003,-5.731411453313596
0.019685,-9.951355715891452
0.019690000000000003,-8.76531799312952
0.019695,-4.807315697515355
0.019700000000000002,1.1047550108191966e-12
0.019705,4.083669217501614
0.019710000000000002,7.175408947273254
0.019715,5.665399551175088
0.01972,3.15179578727821
0.019725000000000003,-2.81995354726272e-12
0.01973,-2.6461160899003318
0.019735000000000003,-4.555651716972504
0.01974,-3.8814864124926
0.019745000000000002,-2.459926505275238
0.01975,-3.8318768959499993e-13
0.019755,2.830794584627074
0.019760000000000003,3.8072064497324023
0.019765,3.9817138252607074
0.019770000000000003,2.904915425969892
0.019775,-1.2830857273512162e-12
0.019780000000000002,-2.94344669117872
0.019785,-5.617288710508845
0.019790000000000002,-6.598611364580565
0.019795,-4.4369599497171865
0.0198,7.507382511271147e-13
0.019805000000000003,4.742167149822043
0.01981,8.268610098805862
0.019815000000000003,9.080985137468614
0.01982,5.776619069493287
0.019825000000000002,-4.667800036087657e-12
0.01983,-7.034401576491496
0.019835000000000002,-10.57950392009432
0.01984,-11.933798067648427
0.019845,-7.39553222116489
0.019850000000000003,3.5535925954805718e-12
0.019855,7.157242548316719
0.019860000000000003,11.951451464124212
0.019865,10.862935237722201
0.019870000000000002,6.764071186495825
0.019875,-1.9118718732449617e-12
0.019880000000000002,-6.188448508403118
0.019885,-9.220470914107583
0.01989,-8.482137650780302
0.019895000000000003,-4.781255763701172
0.0199,4.823103076986056e-13
0.019905000000000003,4.234711436930784
0.01991,6.531031345901047
0.019915000000000002,5.2297350183884985
0.01992,3.205777737531047
0.019925000000000002,-1.892804923183463e-12
0.019930000000000003,-2.5728781999604826
0.019935,-3.975650909660097
0.019940000000000003,-4.243253547055191
0.019945,-2.677783985704307
0.019950000000000002,1.0751138134338431e-12
0.019955,2.670425706906257
0.019960000000000002,3.642039473644317
0.019965,4.604384449016422
0.01997,2.402005375452307
0.019975000000000003,-6.393783851637121e-13
0.01998,-3.7135445330035983
0.019985000000000003,-5.2071885363859565
0.01999,-7.161046859311971
0.019995000000000002,-3.9394447516295608
0.02,1.1382328312611855e-13
0.020005000000000002,4.601801165512274
0.02001,8.353764606991446
0.020015,9.958052970806516
0.020020000000000003,5.796965242441315
0.020025,1.1992929652957506e-12
0.020030000000000003,-6.720508078633365
0.020035,-11.27215941020647
0.020040000000000002,-11.091524592369403
0.020045,-6.781518912143303
0.020050000000000002,2.8109230192117245e-12
0.020055,7.418719791489287
0.02006,11.258326395269311
0.020065000000000003,10.726283624984314
0.02007,6.872525540376303
0.020075000000000003,-1.1232569539620775e-12
0.02008,-5.725157870185302
0.020085000000000002,-9.688946898221594
0.02009,-9.248366188944143
0.020095000000000002,-4.835278870434537
0.020100000000000003,3.6181722803286626e-12
0.020105,3.9871312029625474
0.020110000000000003,6.267866745957425
0.020115,6.516349952139752
0.020120000000000002,3.731873776782399
0.020125,6.694179762954854e-13
0.020130000000000002,-3.225280351239799
0.020135,-4.049268374245193
0.02014,-4.403959208720174
0.020145000000000003,-1.9776394941753601
0.02015,8.004694422166099e-13
0.020155000000000003,2.139080525522738
0.02016,4.155547864384233
0.020165000000000002,4.8478648551156045
0.02017,3.242402984326569
0.020175000000000002,-2.692517427207754e-13
0.02018,-3.306065302286988
0.020185,-5.743195407368864
0.020190000000000003,-5.970053939374732
0.020195,-4.114320553291919
0.020200000000000003,3.082017264251751e-12
0.020205,5.440220170412637
0.020210000000000002,8.53292751363557
0.020215,8.955553215580258
0.020220000000000002,5.663804818913864
0.020225,1.98212245878457e-12
0.02023,-6.991700364215144
0.020235000000000003,-11.595924821498611
0.02024,-10.798381764277302
0.020245000000000003,-6.91132723677497
0.02025,1.6836358493757724e-12
0.020255000000000002,7.151383159876343
0.02026,11.322963982639132
0.020265000000000002,11.721319183494334
0.020270000000000003,6.929197961481166
0.020275,-1.158758913188863e-13
0.020280000000000003,-5.801858719275647
0.020285,-8.817577451698554
0.020290000000000002,-8.611778725727085
0.020295,-5.407772643159418
0.020300000000000002,2.9007524183168774e-12
0.020305,4.463579267552141
0.02031,5.900652805793393
0.020315000000000003,6.444354699979284
0.02032,3.1667740991036926
0.020325000000000003,-1.101472881911691e-12
0.02033,-2.5581545917352355
0.020335000000000002,-4.9551774537086635
0.02034,-3.830953563414417
0.020345000000000002,-2.3570207343295175
0.02035,4.0224362972035855e-13
0.020355,1.9650235081442469
0.020360000000000003,4.518384367663323
0.020365,4.862047194722178
0.020370000000000003,3.05198882520347
0.020375,1.4595323177018197e-13
0.020380000000000002,-3.1488875529716718
0.020385,-6.2348689516673845
0.020390000000000002,-6.506782312502384
0.020395,-3.887524972630904
0.0204,2.186610567596097e-12
0.020405000000000003,4.760812147811619
0.02041,8.67773509323058
0.020415000000000003,9.077695493680578
0.02042,6.242362586845986
0.020425000000000002,-1.806197673393622e-12
0.02043,-6.302939211362197
0.020435000000000002,-10.435493896257615
0.020440000000000003,-10.523980624671314
0.020445,-7.313184511663806
0.020450000000000003,6.175196243357383e-12
0.020455,6.5583095846493995
0.020460000000000002,10.512228097742975
0.020465,10.405134758005698
0.020470000000000002,6.857707975200331
0.020475,8.749422836185708e-13
0.02048,-5.883725524446163
0.020485000000000003,-10.060802659904617
0.02049,-8.02396042124865
0.020495000000000003,-4.71789492899259
0.0205,2.205661447383064e-12
0.020505000000000002,3.9015188316935876
0.02051,6.348047785099662
0.020515000000000002,6.320047945518972
0.02052,3.1837870638335053
0.020525,-7.754249126223309e-13
0.020530000000000003,-2.3994305717947753
0.020535,-4.137526726100456
0.020540000000000003,-4.531886787764758
0.020545,-2.2597712461606814
0.020550000000000002,1.5325626114477923e-12
0.020555,2.6573611964650947
0.020560000000000002,4.426367626709212
0.020565000000000003,4.274976928030119
0.02057,3.267370585848886
0.020575000000000003,-1.4979912324446066e-12
0.02058,-3.275934288731995
0.020585000000000003,-6.193539713810752
0.02059,-5.7384765940973645
0.020595000000000002,-4.220244965131386
0.0206,1.5776119744352024e-12
0.020605000000000002,5.18753714677893
0.020610000000000003,8.903735123997432
0.020615,10.091163885743114
0.020620000000000003,6.201313850646389
0.020625,-9.756560744370592e-13
0.020630000000000003,-6.2743792727201635
0.020635,-11.537656786392096
0.020640000000000002,-10.757629744573705
0.020645,-7.477872056569597
0.02065,-4.640377977095463e-13
0.020655000000000003,7.203528595321045
0.02066,10.837066471212324
0.020665000000000003,11.115796118533712
0.02067,6.762133156508281
0.020675000000000002,-3.055947124151264e-12
0.02068,-6.184199479742412
0.020685000000000002,-9.995460033733533
0.02069,-8.844771878349787
0.020695,-5.316734143055525
0.020700000000000003,1.3270079961437582e-12
0.020705,3.9427693652953084
0.020710000000000003,6.941273123143828
0.020715,6.265125066999825
0.020720000000000002,3.7229129151308586
0.020725,-1.9888285183299355e-13
0.020730000000000002,-2.7232981991651943
0.020735000000000003,-4.926059448374605
0.02074,-4.504263380775033
0.020745000000000003,-2.053888070855519
0.02075,-3.308952276740415e-13
0.020755000000000003,2.3094756111248413
0.02076,4.034645602191266
0.020765000000000002,4.499714975141936
0.02077,2.485076075252073
0.020775000000000002,-1.1483798379531436e-12
0.020780000000000003,-3.632911350570077
0.020785,-6.051997893019582
0.020790000000000003,-6.8467710043971755
0.020795,-4.584474609533087
0.020800000000000003,1.0572089162213635e-12
0.020805,5.308529044901034
0.020810000000000002,8.988718424054385
0.020815,8.808782210672936
0.02082,6.403935477843042
0.020825000000000003,-5.2023752161119225e-12
0.02083,-6.820457732430391
0.020835000000000003,-11.314041615860317
0.02084,-11.738130254606824
0.020845000000000002,-6.88247259500445
0.02085,-1.5062509991054344e-12
0.020855000000000002,7.278733636511478
0.02086,11.544168857236885
0.020865,11.335520347516159
0.020870000000000003,6.503946444169214
0.020875,-2.3875476542084745e-12
0.020880000000000003,-6.5072811692999615
0.020885,-9.481875424581006
0.020890000000000002,-8.324567263542377
0.020895,-5.1917493046707035
0.020900000000000002,6.559546714780864e-13
0.020905000000000003,4.007747470081846
0.02091,6.102175701176868
0.020915000000000003,5.703532075137989
0.02092,3.053554578931106
0.020925000000000003,-2.4119588142299807e-12
0.02093,-2.74021391288713
0.020935000000000002,-4.441397311172754
0.02094,-3.428014271615236
0.020945000000000002,-1.9713205261974254
0.020950000000000003,1.017389884354868e-12
0.020955,2.001713366348201
0.020960000000000003,3.733093750953752
0.020965,4.533752883119167
0.020970000000000003,2.5691415875103325
0.020975,-8.891764216545536e-13
0.020980000000000002,-3.4027339244286914
0.020985,-5.358160920835776
0.02099,-6.588277710844041
0.020995000000000003,-4.331940761891248
0.021,2.9832789929341923e-13
0.021005000000000003,5.506260038226662
0.02101,8.46385959125143
0.021015000000000002,9.052855476524586
0.02102,5.897020096333008
0.021025000000000002,-4.187595549865636e-12
0.02103,-6.861209877774523
0.021035,-11.053925872353538
0.021040000000000003,-10.83090973322293
0.021045,-6.872638662413706
0.021050000000000003,2.9942596999744826e-12
0.021055,6.797399607776724
0.021060000000000002,11.240520523299395
0.021065,10.858975393083915
0.021070000000000002,6.741549115351192
0.021075000000000003,-5.956183941059326e-12
0.02108,-6.394684960010259
0.021085000000000003,-9.12005684999451
0.02109,-8.045235679733254
0.021095000000000003,-4.657392133639355
0.0211,-2.9253497492338236e-14
0.021105000000000002,4.190334983623461
0.02111,6.722567828420544
0.021115000000000002,5.730238770493795
0.021120000000000003,3.2868915503372014
0.021125,-1.6975716222037987e-12
0.021130000000000003,-3.0521285618045697
0.021135,-3.7817826854826726
0.021140000000000003,-3.384099102227709
0.021145,-2.2272275928940775
0.021150000000000002,7.038907078395449e-13
0.021155,2.4629797370100857
0.02116,3.5590803899700574
0.021165000000000003,4.320279664406871
0.02117,2.674204327650588
0.021175000000000003,-2.9792694398523774e-12
0.02118,-3.5810886029909446
0.021185000000000002,-6.128880340614729
0.02119,-7.080856912502918
0.021195000000000002,-3.8844604094236543
0.0212,-3.5169961225404593e-13
0.021205,4.980966064743648
0.021210000000000003,8.073687020112784
0.021215,9.61613479190641
0.021220000000000003,6.1299846561714775
0.021225,-3.1420409604276726e-12
0.021230000000000002,-6.972970511019011
0.021235,-11.434251384813422
0.021240000000000002,-10.797163261278397
0.021245000000000003,-7.230271475394475
0.02125,1.818190962417437e-12
0.021255000000000003,7.08192712099409
0.02126,10.959953558181056
0.021265000000000003,11.403719048054414
0.02127,6.723615299322767
0.021275000000000002,-3.9293453598248225e-13
0.02128,-6.075482952090056
0.021285000000000002,-8.810877375059222
0.021290000000000003,-8.92097755550757
0.021295,-4.898459900560934
0.021300000000000003,2.647485336927063e-12
0.021305,4.523765151344311
0.021310000000000003,6.552718256953829
0.021315,5.2725459249937705
0.021320000000000002,3.7279668647056785
0.021325,1.090535292530168e-12
0.021330000000000002,-2.382684657327922
0.021335000000000003,-4.647755417023192
0.02134,-3.4921931615106896
0.021345000000000003,-2.6734642349519127
0.02135,4.742719678448855e-13
0.021355000000000002,2.7157102375107014
0.02136,3.463008468677766
0.021365000000000002,3.7972634447842593
0.02137,3.217439860627735
0.021375,4.9593281848525266e-14
0.021380000000000003,-3.4962770470863664
0.021385,-6.2394527176866985
0.021390000000000003,-6.730796990538983
0.021395,-4.023464550496994
0.021400000000000002,2.700399013499293e-12
0.021405,5.31178545637471
0.021410000000000002,8.569098589049261
0.021415000000000003,10.038442928222599
0.02142,5.911495229322574
0.021425000000000003,-2.125482335011332e-12
0.02143,-6.989592198144267
0.021435000000000003,-11.549623855877558
0.02144,-10.829636683255545
0.021445000000000002,-7.0784690967234605
0.02145,8.740814582153983e-13
0.021455000000000002,6.816412717125751
0.021460000000000003,11.553852718569962
0.021465,11.029291139312843
0.021470000000000003,6.801890747649299
0.021475,5.948981499501364e-13
0.021480000000000003,-6.146372890986104
0.021485,-9.01163837897437
0.021490000000000002,-9.403234915381702
0.021495,-4.730016340015539
0.021500000000000002,2.230011225668593e-12
0.021505000000000003,4.637601397178804
0.02151,6.767220682037921
0.021515000000000003,6.192086529937672
0.02152,2.920145007437263
0.021525000000000002,-7.864252064891341e-13
0.02153,-3.219842829762556
0.021535000000000002,-4.813023466290359
0.02154,-3.4057859802939494
0.021545,-2.6720945390225475
0.021550000000000003,1.7914359047040636e-12
0.021555,2.6321913678149667
0.021560000000000003,4.191085632314479
0.021565,4.0901701736577145
0.021570000000000002,2.633874273022518
0.021575,5.025197401715097e-13
0.021580000000000002,-3.4950366625388636
0.021585000000000003,-6.520024678216413
0.02159,-6.257912311859643
0.021595000000000003,-4.786227019982992
0.0216,1.7041886687985967e-12
0.021605000000000003,5.476077320927213
0.02161,9.251720210477295
0.021615000000000002,9.802394264335403
0.02162,6.281344344182941
0.021625000000000002,-1.134717476987085e-12
0.021630000000000003,-6.793110233477716
0.021635,-10.255312882582999
0.021640000000000003,-11.42299185934559
0.021645,-6.979734532011591
0.021650000000000003,5.4620657855468274e-12
0.021655,6.637911805880746
0.021660000000000002,11.358085325211922
0.021665,11.548491435157247
0.021670000000000002,6.812779416077643
0.021675000000000003,-3.3227088279876627e-12
0.02168,-6.5342571362563735
0.021685000000000003,-8.748853316468294
0.02169,-8.753266647036895
0.021695000000000002,-5.4303812136243526
0.0217,1.6496921590961973e-12
0.021705000000000002,4.626576739100476
0.02171,6.229164145915246
0.021715,5.21014988811641
0.021720000000000003,3.2774061549393854
0.021725,-3.8520126343130706e-13
0.021730000000000003,-2.330313869301619
0.021735,-4.373523758857173
0.021740000000000002,-4.63506474910703
0.021745,-2.1971621315891565
0.021750000000000002,1.5476317191529833e-12
0.021755000000000004,2.3367725128173356
0.02176,3.987700380148002
0.021765000000000003,3.9670976743208923
0.02177,2.93261905015193
0.021775000000000003,-1.437968278025266e-12
0.02178,-3.7373616709220094
0.021785000000000002,-5.642750456734645
0.02179,-6.2115230004383175
0.021795000000000002,-4.628333944628005
0.021800000000000003,5.119184623770918e-12
0.021805,5.4414242365767445
0.021810000000000003,9.05341476515469
0.021815,9.491869323001023
0.021820000000000003,6.312837950354111
0.021825,-2.4888720912611003e-13
0.021830000000000002,-6.563990806289484
0.021835,-10.676459071168987
0.021840000000000002,-11.205791581610308
0.021845000000000003,-6.778695952729703
0.02185,4.198293559804028e-12
0.021855000000000003,6.597217870020937
0.02186,11.045771955848135
0.021865000000000002,10.817807706877943
0.02187,6.3906938883522315
0.021875000000000002,-2.5257451323952647e-12
0.02188,-6.3371137195738685
0.021885,-10.029931098736736
0.021890000000000003,-9.4665133628182
0.021895,-4.864035879852757
0.021900000000000003,7.799143530313477e-13
0.021905,3.959544644516395
0.021910000000000002,6.09887635786206
0.021915,5.720961144291817
0.021920000000000002,3.501053019430667
0.021925000000000004,-2.414765285039893e-12
0.02193,-3.2121011561209145
0.021935000000000003,-4.251154798128332
0.02194,-4.34140031564166
0.021945000000000003,-2.137008804844067
0.02195,-6.261356830510604e-13
0.021955000000000002,2.2898450399036157
0.02196,3.5139344784212496
0.021965000000000002,4.633377465705344
0.021970000000000003,3.1897440448959733
0.021975,-8.6265426851677e-13
0.021980000000000003,-3.3065247992372395
0.021985,-6.5809978627909835
0.021990000000000003,-6.566763398238724
0.021995,-3.9855295415894645
0.022000000000000002,5.086637517350212e-13
0.022005,4.8795772835815825
0.022010000000000002,8.211613893676285
0.022015000000000003,9.716528573049647
0.02202,6.035852377710832
0.022025000000000003,-4.0370235320852476e-12
0.02203,-6.475261466997158
0.022035000000000003,-11.04766582690881
0.02204,-10.85173318569633
0.022045000000000002,-6.708436950341123
0.02205,-2.215526592004131e-12
0.022055,6.8635602635153345
0.022060000000000003,11.430329076051255
0.022065,11.690477525013174
0.022070000000000003,6.82252121662705
0.022075,-1.6576751748241035e-12
0.022080000000000002,-5.8424795609049
0.022085,-9.129064052223367
0.022090000000000002,-8.21331264588975
0.022095000000000004,-5.00630945308937
0.0221,1.6794554073972626e-13
0.022105000000000003,4.353243275864464
0.02211,6.630455055563791
0.022115000000000003,6.598690236483458
0.02212,3.264772790090116
0.022125000000000002,-1.909943116788661e-12
0.02213,-2.8551344543338777
0.022135000000000002,-4.260694149873012
0.022140000000000003,-3.3285409570005156
0.022145,-2.5941918588759876
0.022150000000000003,9.020446596045599e-13
0.022155,2.8297197310683506
0.022160000000000003,4.094809964650044
0.022165,4.9575226050712855
0.022170000000000002,3.1638504112772945
0.022175,-4.563522084940586e-13
0.022180000000000002,-3.2233800785288476
0.022185000000000003,-5.9916076927613515
0.02219,-5.701928629275708
0.022195000000000003,-4.066293717992059
0.0222,-1.8818871675733283e-13
0.022205000000000003,4.907156191320826
0.02221,8.087791945815807
0.022215000000000002,8.708781156532124
0.02222,6.53119603254429
0.022225,-3.1875434653317643e-12
0.022230000000000003,-6.7459970355707455
0.022235,-10.708502751140042
0.022240000000000003,-11.618520145513639
0.022245,-7.485395720930837
0.022250000000000002,2.0907059784256693e-12
0.022255,7.132460588522671
0.022260000000000002,10.528908535918202
0.022265000000000004,11.388902625344373
0.02227,6.490160018788818
0.022275000000000003,-5.272001562115572e-12
0.02228,-5.91087119584376
0.022285000000000003,-9.137404892897864
0.02229,-8.81495465110531
0.022295000000000002,-5.01981353476385
0.0223,-5.183079529822212e-13
0.022305000000000002,4.670889696150158
0.022310000000000003,6.553180941146625
0.022315,6.287834729392547
0.022320000000000003,2.9238658621357545
0.022325,-1.3196999250659496e-12
0.022330000000000003,-2.7531450453453616
0.022335,-3.7361998611061127
0.022340000000000002,-3.986272168194595
0.022345,-2.329819770319005
0.022350000000000002,5.600843552335281e-13
0.022355000000000003,2.604383368928927
0.02236,3.901965499569888
0.022365000000000003,4.885072385411457
0.02237,2.603210995191876
0.022375000000000003,-2.6419772922706887e-12
0.02238,-3.162878428086049
0.022385000000000002,-6.315241662649121
0.02239,-6.815613370940252
0.022395,-4.073249749054458
0.022400000000000003,2.9406928178044448e-12
0.022405,4.977738243463537
0.022410000000000003,8.497739716455188
0.022415,8.7274714516252
0.022420000000000002,6.261840700151689
0.022425,-2.383162395312428e-12
0.022430000000000002,-6.668768086686515
0.022435000000000004,-10.704878689274722
0.02244,-11.198154165606962
0.022445000000000003,-7.255727626956977
0.02245,1.1249529737261563e-12
0.022455000000000003,6.728787817170154
0.02246,10.952142838000025
0.022465000000000002,11.227820511252581
0.02247,6.517472463782541
0.022475000000000002,2.956964450712665e-13
0.022480000000000003,-5.8803232756926125
0.022485,-9.45265634120377
0.022490000000000003,-8.828739293316435
0.022495,-4.63621375468007
0.022500000000000003,2.368903250666165e-12
0.022505,4.463696127300078
0.022510000000000002,6.090531303602242
0.022515,5.218473573868224
0.022520000000000002,3.4579328194357872
0.022525000000000003,-9.29023585037029e-13
0.02253,-2.491952700460737
0.022535000000000003,-3.746891024952364
0.02254,-4.054427360950624
0.022545000000000003,-2.462642478620675
0.02255,1.8727860633431912e-13
0.022555000000000002,2.102069054448686
0.02256,4.709211716998074
0.022565,4.202570108942761
0.022570000000000003,2.6315305696229347
0.022575,3.907058016424824e-13
0.022580000000000003,-2.902300162238276
0.022585,-6.361666324956406
0.022590000000000002,-6.540577010109944
0.022595,-4.2497118919709225
0.022600000000000002,2.2430630900609695e-12
0.022605000000000004,5.5204128736527345
0.02261,8.385670391096467
0.022615000000000003,9.979430312884709
0.02262,6.148591911934316
0.022625000000000003,-1.4310060739554354e-12
0.02263,-6.664402475215509
0.022635000000000002,-11.217229641677793
0.02264,-11.980443655905802
0.022645000000000002,-6.84700145050743
0.022650000000000003,5.864016215773054e-12
0.022655,7.439495098507868
0.022660000000000003,11.74446672018622
0.022665,11.672394794631721
0.022670000000000003,6.805168874993638
0.022675,1.1518238984936262e-12
0.022680000000000002,-5.755242112954979
0.022685,-9.579038359688068
0.022690000000000002,-8.307843230161287
0.022695000000000003,-4.652829125813491
0.0227,1.5895975616817514e-12
0.022705000000000003,4.128756742533744
0.02271,6.120284581988204
0.022715000000000003,6.602932956725243
0.02272,2.9658555518832332
0.022725000000000002,-4.04729712059715e-13
0.02273,-2.7718464001044065
0.022735000000000002,-4.914155416244162
0.022740000000000003,-4.453763559401228
0.022745,-2.1662517848302767
0.022750000000000003,2.0031106359854605e-12
0.022755,2.041581565423203
0.022760000000000002,3.7911686997052256
0.022765,4.329082686152206
0.022770000000000002,3.08485012496415
0.022775000000000004,-1.4579164214360217e-12
0.02278,-3.09265880149752
0.022785000000000003,-6.288568435982789
0.02279,-6.697316319866509
0.022795000000000003,-4.563551393555469
0.0228,1.370071985908014e-12
0.022805000000000002,4.687496315199929
0.02281,9.188535885294597
0.022815000000000002,9.74058846550176
0.022820000000000003,6.146414771178327
0.022825,-5.17798349635641e-13
0.022830000000000003,-6.937445461355487
0.022835,-10.889340502247537
0.022840000000000003,-11.921237712257579
0.022845,-6.618142373929435
0.022850000000000002,4.61887513729204e-12
0.022855,6.68748967305117
0.022860000000000002,11.59212674478104
0.022865000000000003,11.626911600122472
0.02287,6.605834481211687
0.022875000000000003,-2.8073147128506418e-12
0.02288,-5.910326870038062
0.022885000000000003,-8.661091259774986
0.02289,-8.535827102710064
0.022895000000000002,-4.951793946328286
0.0229,1.1372438738653957e-12
0.022905000000000002,4.524704466481397
0.022910000000000003,7.02358231670008
0.022915,6.146525916180118
0.022920000000000003,3.3187836968785427
0.022925,-2.9138570921766936e-14
0.022930000000000002,-2.4545915714859547
0.022935,-4.977249005112856
0.022940000000000002,-4.570835354511956
0.022945000000000004,-2.488186757967221
0.02295,1.421331572685305e-12
0.022955000000000003,2.186922274832089
0.02296,4.499889759467866
0.022965000000000003,4.615516932820129
0.02297,2.8344086644563116
0.022975000000000002,-9.699086103802045e-13
0.02298,-3.1640917046421815
0.022985000000000002,-6.2675938940657705
0.022990000000000003,-6.839542383087982
0.022995,-4.697679084919576
0.023000000000000003,4.4691039944815606e-12
0.023005,4.909627572672496
0.023010000000000003,9.476681557275455
0.023015,9.99396793084861
0.023020000000000002,5.819472283355184
0.023025,4.357787826521613e-13
0.023030000000000002,-6.935911426902521
0.023035000000000003,-11.621974538451745
0.02304,-11.268099619202342
0.023045000000000003,-6.648777642019913
0.02305,3.367398176208753e-12
0.023055000000000003,6.828332152058897
0.02306,11.688590217917016
0.023065000000000002,10.909624085410288
0.02307,6.183255048981393
0.023075000000000002,-1.819449798744979e-12
0.023080000000000003,-6.375234599007407
0.023085,-9.995895250494993
0.023090000000000003,-9.515587879567674
0.023095,-4.873247643842796
0.023100000000000002,3.269231762141663e-13
0.023105,4.392275106472427
0.023110000000000002,6.277484735050303
0.023115000000000004,6.236270651308146
0.02312,3.342619743179337
0.023125000000000003,-1.7899909699600593e-12
0.02313,-3.254447700333107
0.023135000000000003,-3.725630433032756
0.02314,-4.633471731213971
0.023145000000000002,-2.524748370871735
0.02315,-9.577827461748347e-13
0.023155000000000002,2.4741662828490307
0.023160000000000004,3.743209420750748
0.023165,3.6800172942076594
0.023170000000000003,2.4449316615415415
0.023175,-6.52211319115512e-13
0.023180000000000003,-3.637290656861634
0.023185,-5.947220998008182
0.023190000000000002,-6.813328697273491
0.023195,-3.963321319254373
0.023200000000000002,3.4187292401552475e-16
0.023205000000000003,5.508016683410374
0.02321,8.700857880036132
0.023215000000000003,10.064312626817934
0.02322,6.328742920169466
0.023225000000000003,-3.797079650644565e-12
0.02323,-6.465098596704093
0.023235000000000002,-11.24911884321326
0.02324,-11.672437194626182
0.023245000000000002,-6.9597165242484005
0.023250000000000003,2.5950382993571256e-12
0.023255,7.258982492261483
0.023260000000000003,11.304907567049215
0.023265,10.7021495721372
0.023270000000000002,6.5352240576590175
0.023275,-8.386488871582616e-13
0.023280000000000002,-6.204612305895643
0.023285000000000004,-8.591767890017099
0.02329,-9.404105093323126
0.023295000000000003,-5.214639035972666
0.0233,-3.125469871684599e-13
0.023305000000000003,4.471378494809691
0.02331,6.123197496868173
0.023315000000000002,5.969320178462621
0.02332,3.6329808090386395
0.023325000000000002,-1.2568724842255095e-12
0.023330000000000004,-2.819857856847378
0.023335,-3.8453572810360654
0.023340000000000003,-4.6164402733300856
0.023345,-2.2766767774946373
0.023350000000000003,6.649052884864906e-13
0.023355,2.629909387617295
0.023360000000000002,4.696866082980798
0.023365,4.54655394440863
0.023370000000000002,3.1909024618677724
0.023375000000000003,-2.9134767493731126e-12
0.02338,-3.717097436738571
0.023385000000000003,-6.607293919160965
0.02339,-6.58788059302637
0.023395000000000003,-4.773647314779106
0.0234,-7.149896267794189e-13
0.023405000000000002,5.029134107112329
0.02341,8.439557246324314
0.023415000000000002,8.717780837936509
0.023420000000000003,6.057009950731101
0.023425,-2.824939838217767e-12
0.023430000000000003,-6.753264723152511
0.023435,-11.431860901911516
0.023440000000000003,-11.06043579607647
0.023445,-7.074946639958711
0.023450000000000002,1.4499178541693202e-12
0.023455000000000004,6.79909861870845
0.02346,10.72340841387165
0.023465000000000003,11.105365539326082
0.02347,6.273106221223591
0.023475000000000003,-5.2168729632614535e-12
0.02348,-6.294350835564751
0.023485000000000002,-9.942220569178714
0.02349,-9.35100474739506
0.023495000000000002,-4.602478775018359
0.023500000000000004,2.4236649250038546e-12
0.023505,4.153290906082792
0.023510000000000003,5.835787765983899
0.023515,6.113423042645329
0.023520000000000003,2.9975912746467293
0.023525,-9.733128105901474e-13
0.023530000000000002,-3.1532786473961956
0.023535,-4.417255766093733
0.023540000000000002,-4.209903779430855
0.023545000000000003,-2.4535278155015026
0.02355,2.694815600399362e-13
0.023555000000000003,2.1408486799438444
0.02356,3.726671147983757
0.023565000000000003,4.5973541416043515
0.02357,3.2160081720517213
0.023575000000000002,-2.347209501542039e-12
0.02358,-2.9009246295257523
0.023585000000000002,-5.862040048740177
0.023590000000000003,-6.056535016918715
0.023595,-4.737677388159514
0.023600000000000003,2.1933985054341956e-12
0.023605,5.3839428516694365
0.023610000000000003,9.036728545148943
0.023615,9.528663431247058
0.023620000000000002,6.142327829867987
0.023625000000000004,-6.2881747832233124e-12
0.02363,-6.343787480141465
0.023635000000000003,-11.054017190206547
0.02364,-10.6284747693176
0.023645000000000003,-7.126745235841246
0.02365,3.8847216594099996e-13
0.023655000000000002,6.852992098302175
0.02366,11.277498585798313
0.023665000000000002,11.144386198581964
0.023670000000000004,6.410265842970509
0.023675,-4.226454368514299e-12
0.023680000000000003,-6.406119388709492
0.023685,-8.750895738509032
0.023690000000000003,-8.603844892038198
0.023695,-4.8247585287709
0.023700000000000002,1.8749589921792756e-12
0.023705,4.362858235499005
0.023710000000000002,6.540092670174916
0.023715000000000003,6.472513917342878
0.02372,3.055084559222842
0.023725000000000003,-5.787944084711876e-13
0.02373,-2.5285117967651
0.023735000000000003,-4.550080088518221
0.02374,-3.9444188987881783
0.023745000000000002,-1.9541075350957615
0.02375,-3.611340353151423e-14
0.023755000000000002,2.162407356168257
0.023760000000000003,3.2751090379816374
0.023765,4.176698900687003
0.023770000000000003,2.9407966420869736
0.023775,6.487630970078272e-13
0.023780000000000003,-2.9441503307292933
0.023785,-5.158244657388492
0.023790000000000002,-6.44643388176957
0.023795000000000004,-4.715216998172104
0.0238,1.5887956787499682e-12
0.023805000000000003,4.827556281438423
0.02381,8.677520372787448
0.023815000000000003,9.625539782381061
0.02382,6.153788025587078
0.023825000000000002,-7.620026283789089e-13
0.02383,-6.346354209639117
0.023835000000000002,-10.782394745223808
0.023840000000000004,-11.146052374462721
0.023845,-7.159987965762508
0.023850000000000003,4.87861973387109e-12
0.023855,7.090899935418734
0.023860000000000003,11.18151598637057
0.023865,11.342876207381355
0.023870000000000002,6.500767232858043
0.023875,2.0344851621863036e-12
0.023880000000000002,-5.615201969784216
0.023885000000000003,-9.180181622363596
0.02389,-8.036775132151387
0.023895000000000003,-4.613387570751774
0.0239,1.2668830684705607e-12
0.023905000000000003,4.587674488312325
0.02391,5.8144753498220485
0.023915000000000002,6.514404452242526
0.02392,3.078766101869813
0.023925000000000002,-1.599726400813597e-13
0.023930000000000003,-2.477065821966366
0.023935,-3.63644960513598
0.023940000000000003,-3.4409789246533777
0.023945,-2.11464287144278
0.023950000000000003,1.566185785942533e-12
0.023955,2.4545307239753877
0.023960000000000002,4.244697782001399
0.023965000000000004,3.5468096011962915
0.02397,3.010882340355462
0.023975000000000003,-1.1142908476258943e-12
0.02398,-3.3501662410343385
0.023985000000000003,-6.5637026802096585
0.02399,-5.7263314154091205
0.023995000000000002,-4.692873336166346
0.024,9.495605630014978e-13
0.024005000000000002,4.795396318934174
0.024010000000000004,8.405257422476591
0.024015,10.046416299391295
0.024020000000000003,5.688421791670523
0.024025,1.529785179061736e-13
0.024030000000000003,-6.573389755453822
0.024035,-10.957214165820996
0.024040000000000002,-11.902503969255939
0.024045,-7.252440669504333
0.024050000000000002,3.582329932420165e-12
0.024055000000000003,7.325092324017731
0.02406,10.8435994203501
0.024065000000000003,11.471581854531118
0.02407,6.6779809572486615
0.024075000000000003,-2.0059165782629872e-12
0.02408,-6.064824155354986
0.024085000000000002,-8.734245898604147
0.02409,-9.141985813297307
0.024095000000000002,-5.2952954902202825
0.024100000000000003,3.8068716701871955e-12
0.024105,4.097811521405943
0.024110000000000003,6.277475032748006
0.024115,5.833610689440649
0.024120000000000003,3.784826165646656
0.024125,2.7269201373878463e-13
0.024130000000000002,-2.3454056401103522
0.024135000000000004,-3.4876861822989254
0.02414,-4.197535187504813
0.024145000000000003,-2.13972805202867
0.02415,1.1878054125943908e-12
0.024155000000000003,2.847222795426765
0.02416,4.698293727588862
0.024165000000000002,3.5619245048886046
0.02417,2.3887675008016727
0.024175000000000002,-6.598030973360316e-13
0.024180000000000004,-2.994145805921321
0.024185,-6.330477330793845
0.024190000000000003,-6.895400612906029
0.024195,-3.990145452038961
0.024200000000000003,3.6958589035302135e-12
0.024205,4.732738582923977
0.024210000000000002,8.535110009829777
0.024215,10.036068426485466
0.024220000000000002,5.949035724728578
0.024225000000000003,-3.577885947153292e-12
0.02423,-6.17163247641398
0.024235000000000003,-10.347316675611047
0.02424,-11.883773813202783
0.024245000000000003,-6.692789588534825
0.02425,2.653625513849093e-12
0.024255000000000002,7.050463236383595
0.02426,10.743572977414797
0.024265000000000002,11.61566883525256
0.024270000000000003,6.492611140068845
0.024275,-1.1330938261763649e-12
0.024280000000000003,-5.791742955691716
0.024285,-9.97500523905427
0.024290000000000003,-8.836490311350474
0.024295,-4.897052454203446
0.024300000000000002,3.690147083999816e-12
0.024305000000000004,4.437265116309718
0.024310000000000002,6.9710972032912535
0.024315000000000003,6.367020925845845
0.02432,3.35386572647552
0.024325000000000003,-1.502428938308951e-12
0.02433,-3.0451781665279345
0.024335000000000002,-4.572269178756171
0.02434,-4.577698670747584
0.024345000000000002,-2.2298947036219072
0.024350000000000004,8.448562013637243e-13
0.024355,2.4757499038417268
0.024360000000000003,4.501761035709218
0.024365,3.7855087606902007
0.024370000000000003,2.5562974475166356
0.024375,-3.681424500643752e-13
0.024380000000000002,-3.768791220974667
0.024385,-6.448350444684465
0.024390000000000002,-6.842928847041245
0.024395000000000003,-3.8943301726299935
0.0244,-4.727568275109309e-13
0.024405000000000003,5.366587938771249
0.02441,8.169381824587257
0.024415000000000003,9.957841390641955
0.02442,5.66394790279555
0.024425000000000002,-2.963387892095661e-12
0.02443,-6.95266573587293
0.024435000000000002,-10.402230917393245
0.024440000000000003,-11.084748391602464
0.024445,-7.324636227361081
0.024450000000000003,1.7003983735190755e-12
0.024455,6.554259098782233
0.024460000000000003,10.540461062286255
0.024465,11.67470711762215
0.024470000000000002,6.887162338071339
0.024475000000000004,-5.4334633617415784e-12
0.024480000000000002,-5.6626020048999255
0.024485000000000003,-9.330231704158914
0.02449,-9.141063461581721
0.024495000000000003,-4.907610934937639
0.0245,-8.676590992573237e-13
0.024505000000000002,4.2082432627785815
0.02451,7.029106118163196
0.024515000000000002,6.259458196172425
0.024520000000000004,3.1763506996893
0.024525,-1.1709556420263541e-12
0.024530000000000003,-3.083566793621732
0.024535,-3.6941410572249804
0.024540000000000003,-4.733247462580572
0.024545,-2.6538980582558716
0.024550000000000002,4.0286707774334527e-13
0.024555,2.799697589378427
0.024560000000000002,3.6137692741212777
0.024565000000000003,4.970863576880564
0.02457,2.5498884740438768
0.024575000000000003,-2.116836189423758e-12
0.02458,-3.646295125549059
0.024585000000000003,-6.572506895689421
0.02459,-6.258136084177567
0.024595000000000002,-3.9661167751422357
0.0246,-1.2531158911925462e-12
0.024605000000000002,5.367359435960214
0.024610000000000003,8.888220454801697
0.024615,9.26589112774464
0.024620000000000003,5.646364337938206
0.024625,-2.0331501672564345e-12
0.024630000000000003,-6.575391023624408
0.024635,-10.569597715491826
0.024640000000000002,-11.534270192708524
0.024645000000000004,-7.397553875842347
0.024650000000000002,7.114505533811101e-13
0.024655000000000003,7.344489501604273
0.02466,11.556983172452997
0.024665000000000003,10.773932248882451
0.02467,6.776120810567863
0.024675000000000002,-4.1173712059015004e-12
0.02468,-6.406719210090993
0.024685000000000002,-8.978772317348072
0.024690000000000004,-8.609396261159572
0.024695,-4.821774855873445
0.024700000000000003,2.2619534031737737e-12
0.024705,4.196247793117418
0.024710000000000003,6.53217323675539
0.024715,6.125512611619871
0.024720000000000002,3.3366573339906576
0.024725,-6.946483449821379e-13
0.024730000000000002,-2.3608086245009576
0.024735000000000004,-4.003353080513994
0.02474,-3.7528230251286585
0.024745000000000003,-2.5174318622299054
0.02475,5.5135136715036504e-14
0.024755000000000003,1.9525579207203727
0.02476,4.163240560513579
0.024765000000000002,3.877908892352876
0.02477,2.8046346493250507
0.024775000000000002,-1.5661316522262095e-12
0.024780000000000003,-3.422251168919011
0.024785,-6.075720721521737
0.024790000000000003,-5.990512199061079
0.024795,-4.780092385643568
0.024800000000000003,1.878711515334219e-12
0.024805,4.833432428530735
0.024810000000000002,8.703810920257272
0.024815000000000004,9.866905136598014
0.024820000000000002,5.721634193104011
0.024825000000000003,-6.3790318274542885e-12
0.02483,-6.627076625190053
0.024835000000000003,-10.33372040549366
0.02484,-10.988511438176545
0.024845000000000002,-6.661190112299661
0.02485,-3.7550968757267744e-13
0.024855000000000002,7.131573051516619
0.024860000000000004,11.443381344644669
0.024865,11.580392220604448
0.024870000000000003,6.448908546652371
0.024875,-3.4321205559467986e-12
0.024880000000000003,-6.3413194093954495
0.024885,-9.004521466734651
0.024890000000000002,-8.66694130980903
0.024895,-5.0108880191773215
0.024900000000000002,1.4789485704590392e-12
0.024905000000000004,4.3466093693049785
0.02491,6.176217498079093
0.024915000000000003,5.866411190504668
0.02492,3.107000410842836
0.024925000000000003,-2.821470941875375e-12
0.02493,-2.575243094579828
0.024935000000000002,-4.017080553155424
0.02494,-4.3079553312659
0.024945000000000002,-2.553230197055561
0.024950000000000003,1.6130162798013212e-12
0.024955,1.967445859851517
0.024960000000000003,3.9913001510402877
0.024965,4.948473434324346
0.024970000000000003,2.8158744110191645
0.024975,-1.4274469964600687e-12
0.024980000000000002,-2.875752655224173
0.024985000000000004,-6.269329057654709
0.024990000000000002,-5.921006279143578
0.024995000000000003,-4.086527711581477
0.025,1.0913947022998757e-12
0.025005000000000003,4.8963784443287865
0.02501,9.089618576251477
0.025015000000000003,10.047102983105212
0.02502,6.432372537843194
0.025025000000000002,-9.430716726799476e-14
0.025030000000000004,-6.430687249997069
0.025035,-11.166211774775084
0.025040000000000003,-11.020994095668255
0.025045,-7.104871446839988
0.025050000000000003,4.20394751109002e-12
0.025055,6.764106623207753
0.025060000000000002,11.97970356405752
0.025065,10.83338718446607
0.025070000000000002,6.317033664995999
0.025075000000000004,-2.1597676018784024e-12
0.02508,-5.74625335371551
0.025085000000000003,-9.072705460257675
0.02509,-8.190458917435686
0.025095000000000003,-5.426920757818388
0.0251,7.314420728986706e-13
0.025105000000000002,4.119140651454146
0.02511,5.783109097629719
0.025115000000000002,5.71628407496879
0.025120000000000003,3.3842718453243443
0.025125,1.950199374341374e-13
0.025130000000000003,-3.0796609633779597
0.025135,-4.311657545015322
0.025140000000000003,-3.3508705026712047
0.025145,-2.5443091496225256
0.025150000000000002,1.0362806588441572e-12
0.025155000000000004,2.264883763442646
0.025160000000000002,3.3742575365446696
0.025165000000000003,3.640220051431908
0.02517,3.119194991950443
0.025175000000000003,-7.578970657993899e-13
0.02518,-3.295841191921487
0.025185000000000003,-5.912604408903101
0.02519,-6.93315664522154
0.025195000000000002,-4.1827855923490675
0.025200000000000004,3.729622264735282e-12
0.025205,4.990610288881428
0.025210000000000003,9.52123609888414
0.025215,9.338861311050925
0.025220000000000003,5.959172188252714
0.025225,8.887911559458708e-13
0.025230000000000002,-6.738571168368198
0.025235,-10.930957714976563
0.025240000000000002,-11.343125654123064
0.025245000000000004,-7.335804780477534
0.02525,2.9700930759288734e-12
0.025255000000000003,7.323468588677345
0.02526,11.067424344065925
0.025265000000000003,10.881609488472707
0.02527,6.409131097477347
0.025275000000000002,-1.4464583259523794e-12
0.02528,-5.927957289182183
0.025285000000000002,-9.53868790514561
0.025290000000000003,-8.419816384633053
0.025295,-5.453857408993142
0.025300000000000003,3.82121161029345e-12
0.025305,4.151693132173298
0.025310000000000003,6.9769175602062665
0.025315,5.6038986235350565
0.025320000000000002,2.9516538286953113
0.025325000000000004,-1.8958732277863433e-12
0.025330000000000002,-2.3433731123985377
0.025335000000000003,-4.920039451644035
0.02534,-4.492491086954234
0.025345000000000003,-2.588890462034801
0.02535,7.101932487081793e-13
0.025355000000000003,2.201745625101113
0.02536,3.490022840047086
0.025365000000000002,4.320503736742709
0.025370000000000004,2.94482407490666
0.025375,-4.906287502989881e-13
0.025380000000000003,-3.5226733430876336
0.025385,-5.450770702623231
0.025390000000000003,-6.694916988253607
0.025395,-4.463466279908179
0.025400000000000002,3.5989129082064085e-12
0.025405,5.316162749718502
0.025410000000000002,9.331779775535315
0.025415000000000004,9.854527302026902
0.02542,6.3565297640754945
0.025425000000000003,-3.107625150148231e-12
0.02543,-7.041158470868643
0.025435000000000003,-10.521474367091173
0.02544,-11.404942961604098
0.025445000000000002,-7.119916642597835
0.02545,1.964921996486857e-12
0.025455000000000002,6.718038863713538
0.025460000000000003,11.840082724323457
0.025465,11.45657911489979
0.025470000000000003,7.047240018675628
0.025475,-4.775062371035874e-13
0.025480000000000003,-5.696254221943206
0.025485,-8.662820542852586
0.025490000000000002,-8.455746086539317
0.025495000000000004,-5.4234132624691185
0.025500000000000002,3.0161569861389254e-12
0.025505000000000003,4.374771607352643
0.02551,6.914668782320165
0.025515000000000003,6.270769997784576
0.02552,3.1738157690724784
0.025525000000000003,-1.169575662940232e-12
0.02553,-2.9076915810670627
0.025535000000000002,-4.239198935886139
0.025540000000000004,-4.486009844865798
0.025545,-1.972064978896731
0.025550000000000003,1.868752769348101e-12
0.025555,2.719082974468906
0.025560000000000003,4.115170021284765
0.025565,4.731957735593137
0.025570000000000002,2.6067393730596606
0.025575,5.037662126398995e-15
0.025580000000000002,-2.8524931076210125
0.025585000000000004,-5.596945051309651
0.02559,-6.959921773430416
0.025595000000000003,-4.137716096633434
0.0256,2.671951009854141e-12
0.025605000000000003,5.149173869348586
0.02561,8.326896729500119
0.025615000000000002,9.236323807412177
0.02562,5.971643098933791
0.025625000000000002,-2.3775285702179177e-12
0.025630000000000003,-6.330269089120552
0.025635,-10.704488405887197
0.025640000000000003,-10.48562461848873
0.025645,-6.711493240530581
0.025650000000000003,1.0144575095858866e-12
0.025655,6.891946848335259
0.025660000000000002,11.327145765930036
0.025665000000000004,10.246276732551221
0.025670000000000002,7.056711875923048
0.025675000000000003,-4.372245172214675e-12
0.02568,-5.849670476073397
0.025685000000000003,-9.043366856331607
0.02569,-8.260266395990135
0.025695000000000003,-5.140487159367887
0.0257,-1.3303124224648463e-12
0.025705000000000002,4.475041765395214
0.025710000000000004,6.493997400437671
0.025715000000000002,5.889531901806026
0.025720000000000003,3.744585172803534
0.025725,-8.962673771769548e-13
0.025730000000000003,-2.978580843882411
0.025735,-4.916035428020578
0.025740000000000002,-3.8791561503390017
0.025745,-2.372177100253297
0.025750000000000002,1.3708979984389176e-13
0.025755000000000004,2.4851172569593682
0.02576,4.003271839780325
0.025765000000000003,4.034520467386754
0.02577,2.6865365952808067
0.025775000000000003,-2.146678229968158e-12
0.02578,-3.309356148296082
0.025785000000000002,-6.317202343201125
0.02579,-5.956893558985829
0.025795000000000002,-4.094263182139658
0.025800000000000003,2.0426859838059687e-12
0.025805,5.175357171338721
0.025810000000000003,8.322590760224614
0.025815,8.712379171426864
0.025820000000000003,6.383628215499825
0.025825,-1.2817590670030594e-12
0.025830000000000002,-6.443218697951814
0.025835000000000004,-11.238621572076886
0.025840000000000002,-10.496889056005653
0.025845000000000003,-6.830667852540945
0.02585,-7.073613926145313e-14
0.025855000000000003,6.65026837186676
0.02586,11.312557833455807
0.025865000000000003,11.031522523768487
0.02587,7.057214522603197
0.025875000000000002,-3.5069315514359645e-12
0.025880000000000004,-5.66033140039819
0.025885000000000002,-9.192906645611174
0.025890000000000003,-9.240913766534128
0.025895,-4.938680474840678
0.025900000000000003,1.532767305769687e-12
0.025905,4.625100583474111
0.025910000000000002,6.347566453371831
0.025915,6.6007559540899585
0.025920000000000002,3.5653112568403333
0.025925000000000004,-2.9850619211625057e-12
0.02593,-2.5677043715082264
0.025935000000000003,-3.6892030527366058
0.02594,-3.805137867226477
0.025945000000000003,-2.265857274817639
0.02595,-1.900938822677531e-13
0.025955000000000002,2.022195965094679
0.02596,3.7633004355865856
0.025965000000000002,4.025787181236169
0.025970000000000003,3.1000902201988927
0.025975,-1.3095250308035716e-12
0.025980000000000003,-3.157265479147182
0.025985,-5.506016344579924
0.025990000000000003,-5.846560127312097
0.025995,-4.241713225164878
0.026000000000000002,1.3488799932436643e-12
0.026005000000000004,4.768837789643637
0.026010000000000002,9.414506899134015
0.026015000000000003,8.693823750048706
0.02602,5.931877680079025
0.026025000000000003,-5.3312823493924056e-12
0.02603,-6.272064747114117
0.026035000000000003,-11.108206172905028
0.02604,-10.990392387094646
0.026045000000000002,-7.140045617089767
0.026050000000000004,4.497581511214768e-12
0.026055000000000002,6.676739258673963
0.026060000000000003,10.492272739018071
0.026065,10.413311057304348
0.026070000000000003,6.2246947251216325
0.026075,-2.560947869984233e-12
0.026080000000000002,-6.037752413214385
0.026085,-9.312356654244041
0.026090000000000002,-8.54744280564637
0.026095000000000004,-5.151378791305422
0.0261,8.727707563528803e-13
0.026105000000000003,4.741798399086314
0.02611,6.277336291567429
0.026115000000000003,5.928188041840003
0.02612,3.1902098368731187
0.026125000000000002,-2.4437952042792353e-12
0.02613,-2.7816374890512594
0.026135000000000002,-4.617564896021951
0.026140000000000004,-3.385840877956758
0.026145,-2.814658309850261
0.026150000000000003,1.2444641357211316e-12
0.026155,2.7901901437090286
0.026160000000000003,3.772618860286782
0.026165,4.027047568645308
0.026170000000000002,2.856651689245572
0.026175000000000004,-3.1229415202446377e-12
0.026180000000000002,-3.1857713268026067
0.026185000000000003,-6.013885970880064
0.02619,-5.77496845586316
0.026195000000000003,-4.490399626502964
0.0262,5.717931829294292e-13
0.026205000000000003,5.442293884930071
0.02621,8.190780992812408
0.026215000000000002,9.494360197006621
0.026220000000000004,6.394850531383326
0.026225000000000002,5.987651377450026e-13
0.026230000000000003,-6.993003235316168
0.026235,-11.255139074134693
0.026240000000000003,-11.293074876084226
0.026245,-7.472830159648545
0.026250000000000002,3.2775202883796562e-12
0.026255,7.11969344462742
0.026260000000000002,11.778195659953097
0.026265000000000004,10.398778066600164
0.02627,6.91173605751287
0.026275000000000003,-1.5423988583684438e-12
0.02628,-6.020435737987731
0.026285000000000003,-8.887331328731367
0.02629,-8.22606566004206
0.026295000000000002,-5.0950899811331585
0.0263,2.38747794409842e-13
0.026305000000000002,4.356333964899652
0.026310000000000004,6.248654342665281
0.026315,5.1634596524377425
0.026320000000000003,3.088261472103885
0.026325,5.28602965052673e-13
0.026330000000000003,-2.405326257387865
0.026335,-4.371992696768255
0.026340000000000002,-4.20116685175093
0.026345000000000004,-2.4460372016215004
0.026350000000000002,8.286655868762899e-13
0.026355000000000003,2.054144283008376
0.02636,3.855563751575575
0.026365000000000003,3.9749650119223485
0.02637,2.9502233831359086
0.026375000000000003,-5.166789059592226e-13
0.02638,-3.7682537794768116
0.026385000000000002,-5.640026003442923
0.026390000000000004,-6.675870092991538
0.026395000000000002,-4.155793086264182
0.026400000000000003,3.419318179262326e-12
0.026405,5.0883548131183405
0.026410000000000003,9.516409241006908
0.026415,9.70345469901512
0.026420000000000003,5.762353499220148
0.026425,1.5395494435030804e-12
0.026430000000000002,-7.072154199232108
0.026435000000000004,-11.019480476015236
0.02644,-11.767096645204177
0.026445000000000003,-6.911466722912496
0.02645,2.418214171144157e-12
0.026455000000000003,7.298911477764648
0.02646,11.61454200932569
0.026465000000000002,10.656267740745688
0.02647,6.773556507150183
0.026475000000000002,-7.356345501865517e-13
0.026480000000000004,-6.475116405749587
0.026485,-9.385863052863114
0.026490000000000003,-8.577467438570357
0.026495,-5.445670184317309
0.026500000000000003,3.1996687401811645e-12
0.026505,4.7953665453864485
0.026510000000000002,6.713085634931899
0.026515000000000004,6.3553762174155635
0.026520000000000002,3.4181934566181367
0.026525000000000003,-1.5859110722140095e-12
0.02653,-2.418604867263624
0.026535000000000003,-4.846042759335907
0.02654,-4.474352264898123
0.026545000000000003,-2.738490877294105
0.02655,5.490958094496655e-13
0.026555000000000002,2.5511239937228423
0.026560000000000004,4.360203663695924
0.026565000000000002,4.30921086697097
0.026570000000000003,3.1070611028562163
0.026575,-1.0076365160804583e-13
0.026580000000000003,-3.4472226617060633
0.026585,-5.629404839924633
0.026590000000000003,-6.2642129537380535
0.026595,-4.277632994281877
0.026600000000000002,3.067932564894545e-12
0.026605000000000004,5.223530766073427
0.02661,9.518953201234932
0.026615000000000003,9.017039125140956
0.02662,6.2489966643450945
0.026625000000000003,-2.5638998224101176e-12
0.02663,-7.074258356809209
0.026635000000000002,-11.56236194730931
0.02664,-10.851315424489794
0.026645000000000002,-7.460202006038262
0.026650000000000004,6.373294113682096e-12
0.026655,7.275064768692773
0.026660000000000003,11.563841451185308
0.026665,11.621100006490389
0.026670000000000003,6.460875641856642
0.026675,2.3805582865950934e-13
0.026680000000000002,-5.776689876352864
0.026685000000000004,-9.040163757542215
0.026690000000000002,-8.294613126132122
0.026695000000000003,-5.4897704510874075
0.0267,2.7184712572668057e-12
0.026705000000000003,4.142849051011079
0.02671,5.740299143874596
0.026715000000000003,6.482601295460714
0.02672,2.853984780736636
0.026725000000000002,-1.0217727903655447e-12
0.026730000000000004,-3.2152789230114136
0.026735000000000002,-4.62940132317527
0.026740000000000003,-3.734525750858099
0.026745,-2.3388571712074078
0.026750000000000003,2.2081080831330155e-12
0.026755,2.286332837843062
0.026760000000000003,3.2402260908559635
0.026765,4.262100008464157
0.026770000000000002,2.555259408607568
0.026775000000000004,-2.01987164881063e-12
0.02678,-3.2825398488103485
0.026785000000000003,-5.340423808347265
0.02679,-6.67773968687979
0.026795000000000003,-3.935444653895399
0.0268,2.158575630168899e-12
0.026805000000000002,4.76257954076132
0.02681,8.402734181740971
0.026815000000000002,9.813869956743476
0.026820000000000004,6.4702922562024625
0.026825,-1.5425782096256423e-12
0.026830000000000003,-6.821233788106173
0.026835,-10.317106026800971
0.026840000000000003,-11.837088643351953
0.026845,-7.038445100308021
0.026850000000000002,2.1867626865194267e-13
0.026855000000000004,6.9296409913407135
0.026860000000000002,11.790949993153722
0.026865000000000003,10.734018145841103
0.02687,7.0736070030041756
0.026875000000000003,-3.8877157255086905e-12
0.02688,-6.259250893746502
0.026885000000000003,-8.837479721204378
0.02689,-8.87528295985233
0.026895000000000002,-4.793726424495127
0.026900000000000004,1.6606898302983628e-12
0.026905000000000002,4.560548023716857
0.026910000000000003,5.728611901757794
0.026915,5.724571554395704
0.026920000000000003,3.0887284413421363
0.026925,-5.811372451328093e-13
0.026930000000000003,-2.760613146305158
0.026935,-4.164818124166424
0.026940000000000002,-3.603696421265018
0.026945000000000004,-2.522009737332996
0.02695,-1.0587442025741583e-13
0.026955000000000003,2.7869282892735168
0.02696,4.316805973296618
0.026965000000000003,3.5352597439662836
0.02697,2.941317895737351
0.026975000000000002,-1.744996775001575e-12
0.02698,-3.623705464830403
0.026985000000000002,-6.1537100312221265
0.026990000000000004,-6.117050946519939
0.026995,-4.147004282793539
0.027000000000000003,1.565945589007275e-12
0.027005,5.254082539028424
0.027010000000000003,9.313276763449723
0.027015,10.077280853721145
0.027020000000000002,5.780419898923961
0.027025000000000004,-5.6841726043540775e-12
0.027030000000000002,-6.867445382849523
0.027035000000000003,-11.530140184158771
0.02704,-11.236401377315891
0.027045000000000003,-7.380155205363169
0.02705,-8.113259887172582e-13
0.027055000000000003,6.8963057345782435
0.02706,11.010144609232043
0.027065000000000002,11.351698891292836
0.027070000000000004,6.668737555349495
0.027075000000000002,-2.8909722419225198e-12
0.027080000000000003,-5.876827116672945
0.027085,-10.05133857369576
0.027090000000000003,-8.515553880249463
0.027095,-5.243238001732092
0.027100000000000003,1.2007898820986672e-12
0.027105,4.66311364582494
0.027110000000000002,5.858558506908219
0.027115000000000004,6.33215503502992
0.027120000000000002,3.6844887634663612
0.027125000000000003,-2.6670130070447557e-12
0.02713,-2.6968549362921848
0.027135000000000003,-3.8604593483507865
0.02714,-3.3598712977674623
0.027145000000000002,-2.2971724449895987
0.02715,-4.354221916583539e-13
0.027155000000000002,2.815850351405815
0.027160000000000004,3.942847086064351
0.027165,4.952950146784691
0.027170000000000003,2.4405060975870163
0.027175,-1.2922701881988558e-12
0.027180000000000003,-3.371129449688002
0.027185,-6.388524436961315
0.027190000000000002,-6.54257591645187
0.027195000000000004,-4.247634723689492
0.027200000000000002,7.981660569247077e-13
0.027205000000000003,4.989631929351405
0.02721,8.50671397909604
0.027215000000000003,8.810813682068733
0.02722,5.928895516528061
0.027225000000000003,-4.796414241393082e-12
0.02723,-6.853148791542196
0.027235000000000002,-10.59638455824536
0.027240000000000004,-11.423809705277359
0.027245000000000002,-7.486137663665556
0.027250000000000003,3.4819574900509717e-12
0.027255,6.684075473806228
0.027260000000000003,10.63832353900751
0.027265,11.239629634565093
0.027270000000000003,6.40685630100176
0.027275,-1.9819704507569387e-12
0.027280000000000002,-5.8160937779775415
0.027285000000000004,-8.880417745322555
0.027290000000000002,-9.253105923965117
0.027295000000000003,-4.741289063696959
0.0273,4.0856695854106407e-13
0.027305000000000003,4.2426131625580235
0.02731,6.73851183318275
0.027315000000000002,5.413096090516459
0.02732,3.4583419107162023
0.027325000000000002,-1.9948347974186838e-12
0.027330000000000004,-2.762447679445054
0.027335,-4.580909660390811
0.027340000000000003,-4.247058945925221
0.027345,-2.235257348255984
0.027350000000000003,9.519008464391382e-13
0.027355,2.6397913629101373
0.027360000000000002,4.521917227314139
0.027365000000000004,3.6130077620596563
0.027370000000000002,2.724626868161807
0.027375000000000003,-2.9439979108168413e-12
0.02738,-3.321252418508353
0.027385000000000003,-5.884714893798501
0.02739,-6.35959508629213
0.027395000000000003,-4.797131271459762
0.0274,6.661072217908069e-14
0.027405000000000002,5.180535962645175
0.027410000000000004,9.223593585867402
0.027415000000000002,8.894088846047664
0.027420000000000003,5.876472286460879
0.027425,-3.929315211862851e-12
0.027430000000000003,-6.544083210719427
0.027435,-10.651431179769427
0.027440000000000003,-11.166021722511427
0.027445,-6.974040100949212
0.027450000000000002,2.484005492011596e-12
0.027455000000000004,6.974087214141477
0.027460000000000002,11.567888812542353
0.027465000000000003,11.237167117568061
0.02747,6.484735110060562
0.027475000000000003,-9.37553325711392e-13
0.02748,-5.784817491889999
0.027485000000000002,-9.721469439660423
0.02749,-8.905530393003641
0.027495000000000002,-4.6537856173833685
0.027500000000000004,3.395552091842176e-12
0.027505,4.272292498984393
0.027510000000000003,6.746235747045704
0.027515,5.644899579439112
0.027520000000000003,2.9949104533925053
0.027525,8.934031335610573e-13
0.027530000000000002,-2.861975983920502
0.027535000000000004,-3.5458971180944707
0.027540000000000002,-3.899097859790548
0.027545000000000004,-2.4609624321584276
0.02755,6.115881457972509e-13
0.027555000000000003,2.8488401586953764
0.02756,4.117202802104245
0.027565000000000003,4.351060649771525
0.02757,2.3565033298162343
0.027575000000000002,-2.2545916388204465e-13
0.027580000000000004,-2.885274479759366
0.027585000000000002,-6.227010425099312
0.027590000000000003,-6.9879645797765875
0.027595,-3.9532910408871023
0.027600000000000003,2.778856665137515e-12
0.027605,5.012226656267401
0.027610000000000003,9.366663832827651
0.027615,9.925728634498142
0.027620000000000002,5.69460729459571
0.027625000000000004,-2.8371798301828788e-12
0.027630000000000002,-6.2281211974002915
0.027635000000000003,-10.827371161781354
0.02764,-11.930349111679172
0.027645000000000003,-7.009912525107093
0.02765,1.578297818720827e-12
0.027655000000000002,7.056436323934863
0.02766,10.73211366769753
0.027665000000000002,11.037264972324257
0.027670000000000004,7.04039047021136
0.027675,-3.430878638292943e-14
0.027680000000000003,-5.618595643763982
0.027685,-9.045979108460317
0.027690000000000003,-8.198136437286246
0.027695,-4.947716354413895
0.027700000000000002,2.4345453158974627e-12
0.027705000000000004,4.246500498342955
0.027710000000000002,7.173535054753764
0.027715000000000004,5.279426716807986
0.02772,3.241917433368414
0.027725000000000003,-1.1354918188581029e-12
0.02773,-2.943358630084914
0.027735000000000003,-4.748378927352923
0.02774,-3.734425378792736
0.027745000000000002,-2.3434173058766237
0.027750000000000004,2.153192434122249e-12
0.027755000000000002,2.426132529216588
0.027760000000000003,3.3742541767016365
0.027765,4.051463484775742
0.027770000000000003,2.91063434522555
0.027775,1.79134454075439e-13
0.027780000000000003,-3.403377023955137
0.027785,-6.25435700843245
0.027790000000000002,-6.68233181157118
0.027795000000000004,-4.261589507452702
0.027800000000000002,2.2190104296711956e-12
0.027805000000000003,4.844252163241879
0.02781,9.119232336456166
0.027815000000000003,8.930582454937655
0.02782,5.704135648600394
0.027825000000000003,-1.9001089916432482e-12
0.02783,-6.372576291388001
0.027835000000000002,-10.759117763731195
0.027840000000000004,-10.58435915414992
0.027845,-6.9499792452507725
0.027850000000000003,5.940602829055032e-12
0.027855,6.578783718341913
0.027860000000000003,11.626142565088353
0.027865,10.948091798634067
0.027870000000000002,6.9346665014480635
0.027875000000000004,-4.044803047535257e-12
0.027880000000000002,-6.482751365697102
0.027885000000000004,-8.719872987703623
0.02789,-8.948525057665137
0.027895000000000003,-5.5327970199303875
0.0279,2.147989885710816e-12
0.027905000000000003,4.339013662267595
0.02791,6.757605711507478
0.027915000000000002,6.103395125180218
0.027920000000000004,3.250854286390451
0.027925000000000002,-6.56347734169042e-13
0.027930000000000003,-2.375250023010945
0.027935,-3.735645944228192
0.027940000000000003,-3.979969084725233
0.027945,-2.493026438774033
0.027950000000000003,1.6604455523308551e-12
0.027955,2.470895004629841
0.027960000000000002,3.61242619864516
0.027965000000000004,3.6026702310294616
0.027970000000000002,3.1001525371304
0.027975000000000003,-1.926218735576751e-12
0.02798,-3.1790830355295765
0.027985000000000003,-6.239920500379637
0.02799,-6.615437698919368
0.027995000000000003,-4.307290906900377
0.028,1.6251842939471588e-12
0.028005000000000002,5.264677747432614
0.028010000000000004,8.36327178109504
0.028015,9.120517548705491
0.028020000000000003,5.886251572045674
0.028025,-9.135989750951182e-13
0.028030000000000003,-6.781162111937822
0.028035,-10.561845121304138
0.028040000000000002,-10.780750773544918
0.028045000000000004,-6.7952302341282795
0.028050000000000002,4.603716333952142e-12
0.028055000000000004,7.135875995726473
0.02806,11.47844830172015
0.028065000000000003,11.302701835938883
0.02807,6.489191924314624
0.028075000000000003,-3.0018399725573272e-12
0.02808,-5.620891916194744
0.028085000000000002,-9.75926127180733
0.028090000000000004,-9.447624868238849
0.028095000000000002,-5.314535385908286
0.028100000000000003,1.28201644242699e-12
0.028105,4.076578072743007
0.028110000000000003,6.83734527846022
0.028115,6.538943755312581
0.028120000000000003,3.6867980438926753
0.028125,-1.6717675308709638e-13
0.028130000000000002,-2.3973316881023146
0.028135000000000004,-4.400289428420084
0.028140000000000002,-3.5505938558799652
0.028145000000000003,-2.6129502990467848
0.02815,-3.290581780024301e-13
0.028155000000000003,1.9595868032937522
0.02816,4.443496747185843
0.028165000000000003,3.6530375874462915
0.02817,2.623351404561686
0.028175000000000002,-1.4085555451482465e-12
0.028180000000000004,-3.004321744360508
0.028185,-5.619182465710773
0.028190000000000003,-6.464373798602823
0.028195,-4.495695043481879
0.028200000000000003,8.598372406697041e-13
0.028205,4.861164674930375
0.028210000000000002,8.475777749648595
0.028215000000000004,8.646726480242036
0.028220000000000002,6.479795174746648
0.028225000000000004,-4.636946983662072e-12
0.02823,-6.648884257919786
0.028235000000000003,-10.335366674571315
0.02824,-11.899225694372758
0.028245000000000003,-7.124324792826615
0.02825,-1.4910166527837444e-12
0.028255000000000002,7.387317009618193
0.028260000000000004,11.96656220122113
0.028265000000000002,11.17661201925283
0.028270000000000003,6.989645222445485
0.028275,-2.1006105433333045e-12
0.028280000000000003,-5.969279065535634
0.028285,-8.847438638752507
0.028290000000000003,-8.12400785202021
0.028295,-4.676156719007895
0.028300000000000002,5.452231337264099e-13
0.028305000000000004,4.763537541090001
0.028310000000000002,6.87022032238918
0.028315000000000003,5.422912918439293
0.02832,3.243448262244685
0.028325000000000003,-2.2927061978421088e-12
0.02833,-2.792271219920043
0.028335000000000003,-4.046349232542775
0.02834,-4.190689612412324
0.028345000000000002,-2.4596774920505755
0.028350000000000004,9.38940656358915e-13
0.028355,2.3784756558214655
0.028360000000000003,4.309137859712771
0.028365,4.952440336261594
0.028370000000000003,2.454754986157981
0.028375,-8.57456510750469e-13
0.028380000000000002,-2.903795070282921
0.028385000000000004,-5.570515480552883
0.028390000000000002,-6.734311870032629
0.028395000000000004,-4.750041271225616
0.0284,2.3703553998674253e-13
0.028405000000000003,5.464817762485173
0.02841,9.194731092465581
0.028415000000000003,9.762758926797881
0.02842,5.905602232275525
0.028425000000000002,-4.169256268374916e-12
0.028430000000000004,-7.029152986511158
0.028435000000000002,-10.782355166314689
0.028440000000000003,-11.5568361960104
0.028445,-6.668062842360291
0.028450000000000003,3.0078784612116264e-12
0.028455,7.258743942476799
0.028460000000000003,10.62085034378412
0.028465,11.171491205004658
0.028470000000000002,6.722292372360134
0.028475000000000004,-6.168704157368056e-12
0.028480000000000002,-6.1230754633084565
0.028485000000000003,-9.060552328075566
0.02849,-8.475028132497945
0.028495000000000003,-4.884558089612279
0.0285,-9.666238571517508e-14
0.028505000000000003,4.16249209726172
0.02851,5.717669615021438
0.028515000000000002,6.583975457263222
0.028520000000000004,3.3149122477288904
0.028525000000000002,-1.8565369620898266e-12
0.028530000000000003,-2.527181834797377
0.028535,-4.04592039787132
0.028540000000000003,-3.9847880216968883
0.028545,-1.9536697358717636
0.028550000000000002,8.124454446725803e-13
0.028555000000000004,2.2460010158631563
0.028560000000000002,4.225460702248935
0.028565000000000004,3.5630817890542983
0.02857,3.1142879182849255
0.028575000000000003,-2.8461357992526878e-12
0.02858,-3.045311974611191
0.028585000000000003,-5.456684982334151
0.02859,-5.842117319031022
0.028595000000000002,-4.079642843493095
0.028600000000000004,2.928436982460456e-12
0.028605000000000002,5.309166805981709
0.028610000000000003,9.019659270476424
0.028615,9.378186758091328
0.028620000000000003,6.389669242053927
0.028625,-3.0812925138410572e-12
0.028630000000000003,-6.9055281538170465
0.028635,-10.78502472394984
0.028640000000000002,-11.035057935960744
0.028645000000000004,-7.4615547166975045
0.028650000000000002,1.886230537500539e-12
0.028655000000000003,7.154574950822968
0.02866,11.635114455017112
0.028665000000000003,10.809823261229516
0.02867,6.502341530065255
0.028675000000000003,-5.300321735671132e-12
0.02868,-6.469798706276721
0.028685000000000002,-9.136412238125562
0.028690000000000004,-8.597329367840334
0.028695000000000002,-4.841670063916218
0.028700000000000003,2.7433946736385887e-12
0.028705,4.492019988216061
0.028710000000000003,6.526918662721551
0.028715,6.333496531780812
0.028720000000000002,3.3645027441360886
0.028725000000000004,-1.2980587151310478e-12
0.028730000000000002,-2.587460272195059
0.028735000000000004,-4.022429170838794
0.02874,-4.308202345319204
0.028745000000000003,-2.6886376933620064
0.02875,3.708787327716175e-13
0.028755000000000003,2.8276799066334153
0.02876,4.6452622025268395
0.028765000000000002,3.4987609400733883
0.028770000000000004,2.866784324905294
0.028775000000000002,7.567805825291451e-14
0.028780000000000003,-2.9119135645124343
0.028785,-5.933928973962083
0.028790000000000003,-6.3045189195763625
0.028795,-3.9752994858108974
0.028800000000000003,2.741081143316347e-12
0.028805,5.12816077368803
0.028810000000000002,9.062355552955282
0.028815000000000004,8.616300362410968
0.028820000000000002,5.9413206581407145
0.028825000000000003,-2.025700171093076e-12
0.02883,-6.353589812981637
0.028835000000000003,-10.280313584204857
0.02884,-10.611926411395519
0.028845000000000003,-7.313874765587531
0.02885,7.558834800824377e-13
0.028855000000000002,6.721831767951365
0.028860000000000004,11.170285261317476
0.028865000000000002,10.375212436478604
0.028870000000000003,6.657906836412363
0.028875,6.925597757304874e-13
0.028880000000000003,-6.530183791616578
0.028885,-9.163010232037978
0.028890000000000002,-9.130206269327092
0.028895000000000004,-4.869904057933869
0.028900000000000002,2.3071919261372416e-12
0.028905000000000004,4.748214333890221
0.02891,6.04118275914122
0.028915000000000003,5.252576917565543
0.02892,3.3752611466646645
0.028925000000000003,-6.977857755347223e-13
0.02893,-2.9929355773040576
0.028935000000000002,-4.475106886624925
0.028940000000000004,-4.519683423494895
0.028945000000000002,-2.7077081770682727
0.028950000000000004,2.0542387388569696e-12
0.028955,2.744176383510433
0.028960000000000003,4.507214132843876
0.028965,4.224240493874011
0.028970000000000003,2.7593859063378146
0.028975,5.771560099825289e-13
0.028980000000000002,-3.0240533771971965
0.028985000000000004,-5.1860458155209725
0.028990000000000002,-6.260999370656705
0.028995000000000003,-4.390703273876279
0.029,1.756577265750083e-12
0.029005000000000003,5.139257560434982
0.02901,9.014232913245719
0.029015000000000003,8.852366295921396
0.02902,6.04744674711836
0.029025000000000002,-1.176284558616178e-12
0.029030000000000004,-6.974835061602595
0.029035000000000002,-10.928180193881118
0.029040000000000003,-11.434974292779403
0.029045,-6.748144794883329
0.029050000000000003,4.950181671158e-12
0.029055,7.0876778414187545
0.029060000000000002,11.841984126976326
0.029065000000000004,11.744772259630222
0.029070000000000002,6.3447555064658125
0.029075000000000004,-3.202177201628277e-12
0.02908,-5.813324898003377
0.029085000000000003,-9.703505338824348
0.02909,-8.977791669089223
0.029095000000000003,-4.742365566917693
0.0291,1.4820745460172027e-12
0.029105000000000002,4.72237860995288
0.029110000000000004,6.6709901229222925
0.029115000000000002,6.246235212405603
0.029120000000000004,3.4316619469628837
0.029125,-2.8905539631421835e-13
0.029130000000000003,-2.5156124399165405
0.029135,-3.4788020693174038
0.029140000000000003,-4.577115346786715
0.029145,-2.717684899860901
0.029150000000000002,1.3002244653615952e-12
0.029155000000000004,2.414887121923349
0.029160000000000002,4.230988956675876
0.029165000000000003,4.731522479277244
0.02917,2.870179627217079
0.029175000000000003,-1.1711169690726528e-12
0.02918,-3.3219868495741873
0.029185000000000003,-5.850266760310759
0.02919,-6.132138824662007
0.029195000000000002,-4.3315691109334
0.029200000000000004,4.848787177163899e-12
0.029205000000000002,5.308448031045415
0.029210000000000003,8.1353858677766
0.029215,9.475173360314832
0.029220000000000003,5.732894981747366
0.029225,-1.8607180146608826e-13
0.029230000000000003,-6.567344950649717
0.029235000000000004,-11.078934749410601
0.029240000000000002,-11.253993857115518
0.029245000000000004,-7.273614678708077
0.02925,3.990131365529379e-12
0.029255000000000003,7.2364251585624055
0.02926,11.609222297660423
0.029265000000000003,11.41427358840495
0.02927,7.005256570047174
0.029275000000000002,-2.556471356801281e-12
0.029280000000000004,-6.403366847504074
0.029285000000000002,-10.07191411676948
0.029290000000000004,-8.496582414037833
0.029295,-5.288552196375074
0.029300000000000003,3.990757554000753e-12
0.029305,4.167833214748792
0.029310000000000003,6.887439981017308
0.029315,5.7255400986570075
0.029320000000000002,3.406890545850962
0.029325000000000004,-2.297023208777229e-12
0.029330000000000002,-2.4115045512728766
0.029335000000000003,-4.736146017691218
0.02934,-4.593625233840959
0.029345000000000003,-2.759054022742372
0.02935,1.326184022626368e-12
0.029355000000000003,2.063235108480832
0.02936,4.347672440106168
0.029365000000000002,4.04772068146912
0.029370000000000004,2.831791268694622
0.029375000000000002,-1.004766775851621e-12
0.029380000000000003,-3.3701124889134935
0.029385,-5.992351725907446
0.029390000000000003,-6.824489274589949
0.029395,-4.628149225444343
0.029400000000000003,4.1887548282645226e-13
0.029405000000000004,5.201668095454549
0.029410000000000002,9.035636288595777
0.029415000000000004,9.159497727214054
0.02942,6.108527757721453
0.029425000000000003,-3.872178563027003e-12
0.02943,-6.503953845233011
0.029435000000000003,-10.682948133362716
0.02944,-10.944126031738461
0.029445000000000002,-7.0078220047691335
0.029450000000000004,3.325214685739593e-12
0.029455000000000002,7.4658737441522485
0.029460000000000004,11.55795440068142
0.029465,10.750584607340638
0.029470000000000003,6.664112945171382
0.029475,-1.5299374753747661e-12
0.029480000000000003,-5.645118007508924
0.029485,-8.709165695626373
0.029490000000000002,-9.170431321017544
0.029495000000000004,-5.489344507576395
0.029500000000000002,8.720184510354414e-14
0.029505000000000003,4.385341278629585
0.02951,5.831435638674507
0.029515000000000003,5.594972505714063
0.02952,3.177897031167736
0.029525000000000003,-1.7414380255781073e-12
0.02953,-3.092607489831888
0.029535000000000002,-4.451158279302437
0.029540000000000004,-3.305953819112903
0.029545000000000002,-2.8155511147586676
0.029550000000000003,8.875156974951109e-13
0.029555,2.5484375496630385
0.029560000000000003,4.651649990912134
0.029565,3.7613042809685333
0.029570000000000003,3.0491199233416593
0.029575000000000004,-2.9503203390158477e-12
0.029580000000000002,-3.616519799613128
0.029585000000000004,-6.499319035302464
0.02959,-6.586316001070938
0.029595000000000003,-4.084271103412075
0.0296,-2.68261806510771e-13
0.029605000000000003,4.899089453639803
0.02961,9.339800650707065
0.029615000000000002,9.902160207490706
0.029620000000000004,5.916317864883644
0.029625000000000002,-3.0998119051846822e-12
0.029630000000000004,-7.0661674608218155
0.029635,-10.490154334455042
0.029640000000000003,-11.710873323507027
0.029645,-7.094484592991175
0.029650000000000003,2.0957958429463745e-12
0.029655,7.147064895081654
0.029660000000000002,11.036878575436063
0.029665000000000004,11.601958611313965
0.029670000000000002,6.891469467667819
0.029675000000000003,-5.24816826753931e-12
0.02968,-6.16073120096507
0.029685000000000003,-8.586604750947243
0.02969,-8.07614055142224
0.029695000000000003,-4.695993489976382
0.0297,-5.646443104262263e-13
0.029705000000000002,4.472637406475574
0.029710000000000004,7.183348740864109
0.029715000000000002,5.580009905261012
0.029720000000000003,3.661425807543771
0.029725,-1.1216146372303952e-12
0.029730000000000003,-3.097226292818813
0.029735,-4.73281243922971
0.029740000000000003,-4.681769353190195
0.029745000000000004,-2.111330825969011
0.029750000000000002,6.145897552744173e-13
0.029755000000000004,2.6181292345204445
0.02976,4.525277151968529
0.029765000000000003,4.942465726885472
0.02977,3.20724415203323
0.029775000000000003,-2.1072494100352013e-12
0.02978,-3.3504192536349917
0.029785000000000002,-5.396174846341283
0.029790000000000004,-6.9582647237024675
0.029795000000000002,-4.045262494019139
0.029800000000000004,2.7350794596930056e-12
0.029805,5.105801075162949
0.029810000000000003,9.301758070537511
0.029815,9.315652247256052
0.029820000000000003,6.3535392341402295
0.029825,-2.2289341523071524e-12
0.029830000000000002,-6.9555381303396855
0.029835000000000004,-10.980571202987791
0.029840000000000002,-11.677242015690643
0.029845000000000003,-6.931049687206104
0.02985,1.0515039342047352e-12
0.029855000000000003,6.9329654860159895
0.02986,10.7192271446891
0.029865000000000003,11.476719163139583
0.02987,6.368591154892789
0.029875000000000002,-4.564808912067015e-12
0.029880000000000004,-6.47610237921175
0.029885000000000002,-9.961509854603586
0.029890000000000003,-9.193851365651096
0.029895,-5.404271782696837
0.029900000000000003,2.3246219528151086e-12
0.029905,4.211567268730543
0.029910000000000003,5.926731299369935
0.029915000000000004,5.1256462489866275
0.029920000000000002,3.676434379276344
0.029925000000000004,-3.5370173533566346e-12
0.029930000000000002,-2.4480479252772813
0.029935000000000003,-3.8911418125540407
0.02994,-4.614161846413191
0.029945000000000003,-2.5585395150604704
0.02995,1.832847056017895e-13
0.029955000000000002,2.140418014876033
0.029960000000000004,4.497529092891486
0.029965000000000002,4.012530133022158
0.029970000000000004,2.6702692448669483
0.029975,-2.032439408557045e-12
0.029980000000000003,-3.2023840755154023
0.029985,-6.550182275925297
0.029990000000000003,-6.020686665398346
0.029995,-4.200875276280149
0.030000000000000002,2.1925271970495148e-12
0.030005000000000004,5.3314013521377825
0.030010000000000002,9.535519437277657
0.030015000000000003,9.38092791122091
0.03002,6.497151390051831
0.030025000000000003,-1.4008328759281448e-12
0.03003,-6.578124177561433
0.030035000000000003,-10.774015996739223
0.03004,-10.872118781860369
0.030045000000000002,-7.272894017418704
0.030050000000000004,5.280895872562456e-12
0.030055000000000002,7.101396932102162
0.030060000000000003,10.751150741055387
0.030065,11.642420123356478
0.030070000000000003,6.695343974836691
0.030075,1.3002415761097749e-12
0.030080000000000003,-5.961765410057313
0.030085000000000004,-8.891289307075551
0.030090000000000002,-9.242502086936822
0.030095000000000004,-4.903681420768675
0.030100000000000002,1.8227498643526754e-12
0.030105000000000003,4.536749578612
0.03011,6.984458709275661
0.030115000000000003,5.770271097677165
0.03012,3.644024006254578
0.030125000000000002,-4.821184094762555e-13
0.030130000000000004,-2.475734411002968
0.030135000000000002,-4.514230316121498
0.030140000000000004,-3.872672447068013
0.030145,-2.729651904385032
0.030150000000000003,1.7486319739487612e-12
0.030155,1.9842287886258034
0.030160000000000003,4.086963387251193
0.030165,3.942550963050574
0.030170000000000002,2.86654297581861
0.030175000000000004,-1.47918705199437e-12
0.030180000000000002,-2.9493359164334287
0.030185000000000003,-6.259468419672064
0.03019,-5.700544272250452
0.030195000000000003,-3.9674534923767784
0.0302,1.2593510261243926e-12
0.030205000000000003,5.471366616796866
0.03021,9.258999170264413
0.030215000000000002,9.923700019472133
0.030220000000000004,5.635128316170874
0.030225000000000002,-4.121884676403066e-13
0.030230000000000003,-6.449686847564078
0.030235,-10.727544897362323
0.030240000000000003,-10.67965291920452
0.030245,-6.908774362544461
0.030250000000000003,4.263168082216797e-12
0.030255000000000004,6.702606695187587
0.030260000000000002,10.545708128136669
0.030265000000000004,11.331702336782998
0.030270000000000002,6.777889971966375
0.030275000000000003,-2.6784932670706294e-12
0.03028,-6.154563772800381
0.030285000000000003,-9.854217355951823
0.03029,-8.712411590453575
0.030295000000000002,-4.71806582059891
0.030300000000000004,4.902685932675044e-12
0.030305000000000002,4.116482592480193
0.030310000000000004,5.688836711673987
0.030315,5.174983201817618
0.030320000000000003,3.0356620477308396
0.030325,1.349499377900457e-14
0.030330000000000003,-2.4269933608934475
0.030335,-4.199741355991963
0.030340000000000002,-4.06371147152335
0.030345000000000004,-2.382607923358742
0.030350000000000002,1.0608033859704074e-12
0.030355000000000004,2.5462231039117684
0.03036,4.437785547005843
0.030365000000000003,4.55828081019052
0.03037,2.4861743056494823
0.030375000000000003,-1.148960274780287e-12
0.03038,-3.648597184226132
0.030385000000000002,-6.499226202502935
0.030390000000000004,-6.287376972925514
0.030395000000000002,-4.319396423273234
0.030400000000000003,4.267538163871051e-12
0.030405,4.74084143974494
0.030410000000000003,8.685965737047757
0.030415,9.865451286972629
0.030420000000000003,6.308174112876214
0.030425000000000004,-4.419129915449617e-12
0.030430000000000002,-6.28529360968422
0.030435000000000004,-11.755418535188534
0.030440000000000002,-10.585484421647829
0.030445000000000003,-6.765945254623363
0.03045,3.6161358103749585e-12
0.030455000000000003,7.075345150798448
0.03046,11.211497972367047
0.030465000000000002,11.037289909977233
0.030470000000000004,6.744581511010336
0.030475000000000002,-1.780957377112911e-12
0.030480000000000004,-5.686206118369861
0.030485,-9.735516452486683
0.030490000000000003,-8.294829423247489
0.030495,-5.191433162933414
0.030500000000000003,3.5500082624283697e-12
0.030505,4.592793219654531
0.030510000000000002,6.872975251338602
0.030515000000000004,6.042886604864479
0.030520000000000002,3.369377343294215
0.030525000000000004,-1.8225353981337503e-12
0.03053,-2.7393107724336745
0.030535000000000003,-3.7206906741217787
0.03054,-3.968098933160061
0.030545000000000003,-2.6839989560797237
0.03055,8.38549301921648e-13
0.030555000000000002,2.5502534212858277
0.030560000000000004,4.625313712096631
0.030565000000000002,4.958823306397577
0.030570000000000003,2.8069464907437145
0.030575,-5.337879231894932e-13
0.030580000000000003,-3.2853749962517234
0.030585,-5.295955547782559
0.030590000000000003,-5.9699783930569685
0.030595000000000004,-4.241637573841287
0.030600000000000002,-6.382105845319006e-14
0.030605000000000004,4.702688478954086
0.030610000000000002,8.28384060077685
0.030615000000000003,9.491293016945285
0.03062,5.843602140255178
0.030625000000000003,-3.3621244642711443e-12
0.03063,-6.28979492471204
0.030635000000000003,-10.32706645174904
0.030640000000000004,-10.7284055140594
0.030645000000000002,-6.687104669289333
0.030650000000000004,2.2329922332446003e-12
0.030655,6.9016089038818915
0.030660000000000003,10.628198195456227
0.030665,11.750132792033225
0.030670000000000003,6.412304747450461
0.030675,-8.375321362138087e-13
0.030680000000000002,-6.221563048008112
0.030685000000000004,-9.364935301490114
0.030690000000000002,-8.255365867394712
0.030695000000000004,-5.174270460248268
0.0307,-4.059800391537237e-13
0.030705000000000003,4.692785685971422
0.03071,7.0168424042797035
0.030715000000000003,5.785297114090619
0.030720000000000004,3.710883822892303
0.030725000000000002,-1.6211252973005192e-12
0.030730000000000004,-2.701057781935842
0.030735000000000002,-3.7272985306828375
0.030740000000000003,-4.189398243022638
0.030745,-2.36998568259782
0.030750000000000003,5.845483142027657e-13
0.030755,2.2664846565823913
0.030760000000000003,4.640903541473646
0.030765000000000004,4.658338307465649
0.030770000000000002,2.5887112486489525
0.030775000000000004,-2.243711879908748e-12
0.030780000000000002,-3.05668685707762
0.030785000000000003,-5.206827241656427
0.03079,-7.135842484096828
0.030795000000000003,-4.137547054078774
0.0308,-7.729673290297287e-13
0.030805000000000003,4.633065646935038
0.030810000000000004,9.29752568146253
0.030815000000000002,9.668446198848573
0.030820000000000004,6.47422615770206
0.030825,-2.5708647688961124e-12
0.030830000000000003,-6.53387776228597
0.030835,-10.586598997540305
0.030840000000000003,-11.908636878444314
0.030845,-6.571396151761296
0.030850000000000002,1.259879665320885e-12
0.030855000000000004,7.068344401896453
0.030860000000000002,11.256350909324205
0.030865000000000004,10.91286850808832
0.03087,6.7292273796876945
0.030875000000000003,-4.79856336792711e-12
0.03088,-6.337329039508404
0.030885000000000003,-9.180498742133903
0.030890000000000004,-9.460478033281483
0.030895000000000002,-4.987817224386749
0.030900000000000004,2.690939419264524e-12
0.030905000000000002,4.3765849304635225
0.030910000000000003,6.21028646127916
0.030915,5.8955148179001995
0.030920000000000003,2.9300501160777093
0.030925,-1.0469061318119814e-12
0.030930000000000003,-2.574976760964407
0.030935000000000004,-3.937191621487656
0.030940000000000002,-4.211808037641307
0.030945000000000004,-2.046559618987835
0.030950000000000002,3.168278056416801e-13
0.030955000000000003,2.06337379176928
0.03096,4.5229642789240465
0.030965000000000003,4.538837140509918
0.03097,2.831979879061257
0.030975000000000003,-2.2497441254542777e-12
0.030980000000000004,-3.4521663880738496
0.030985000000000002,-6.064121502121298
0.030990000000000004,-6.552313947555521
0.030995,-4.402125580843228
0.031000000000000003,2.333486016507514e-12
0.031005,4.885527461158756
0.031010000000000003,9.193548734131172
0.031015,9.659060975970311
0.031020000000000002,6.392786438069646
0.031025000000000004,-6.703874682841344e-12
0.031030000000000002,-6.382462356002992
0.031035000000000004,-11.121118571589275
0.03104,-10.748929039765022
0.031045000000000003,-7.472613767041527
0.03105,2.929422385326264e-13
0.031055000000000003,7.274336114789413
0.031060000000000004,11.833056754956528
0.031065000000000002,10.467661201293431
0.031070000000000004,6.683924533355418
0.031075000000000002,-3.5880655903527795e-12
0.031080000000000003,-6.195433663359147
0.031085,-9.366842700401985
0.031090000000000003,-9.051317870632634
0.031095,-5.0703669948922885
0.031100000000000003,1.8290886421757816e-12
0.031105000000000004,4.740509459088397
0.031110000000000002,5.908718315755807
0.031115000000000004,5.831854332902559
0.031120000000000002,3.6477731624713168
0.031125000000000003,-2.7323586796593827e-12
0.03113,-3.138641592927781
0.031135000000000003,-4.798502386373253
0.03114,-4.389896909545975
0.031145000000000003,-2.832338094711961
0.031150000000000004,1.910550401838685e-12
0.031155000000000002,2.2299220096030012
0.031160000000000004,3.826259098698165
0.031165,4.755757639635656
0.031170000000000003,2.8415677360497913
0.031175,-1.6668192430697087e-12
0.031180000000000003,-2.959734219797463
0.031185,-5.70743803183912
0.031190000000000002,-5.879902165725134
0.031195000000000004,-4.549661275566287
0.031200000000000002,1.49267746718673e-12
0.031205000000000004,5.125062632607751
0.03121,8.761511172958432
0.031215000000000003,9.735480439542776
0.03122,6.5334647110118125
0.031225000000000003,-6.82374545469259e-13
0.031230000000000004,-6.57187549129244
0.031235000000000002,-10.34895324185691
0.031240000000000004,-11.687241427917291
0.031245000000000002,-7.136660911952665
0.03125,-7.104401763692987e-13
0.031255000000000005,7.039971834479356
0.03126,11.304407366035656
0.031265,10.405556660325633
0.03127,6.311838379992233
0.031275000000000004,-2.9565316598017072e-12
0.03128,-5.816755065425973
0.031285,-9.14281888043004
0.031290000000000005,-8.622345199690866
0.031295,-4.603100693746182
0.0313,1.1057313422078194e-12
0.031305,4.433808716038819
0.031310000000000004,5.672364536324537
0.031315,6.241785000865393
0.03132,3.4904746413819883
0.031325000000000006,-2.7493550860832386e-12
0.031330000000000004,-2.986357132279997
0.031335,-3.5081305788080988
0.03134,-4.674598552388772
0.031345000000000005,-2.764187842481213
0.03135,1.6677602924170612e-12
0.031355,2.844117408593432
0.031360000000000006,3.944606611864759
0.031365000000000004,4.975035806138074
0.03137,2.74834844905348
0.031375,1.111328084428977e-12
0.031380000000000005,-3.3721247584688196
0.031385,-5.847803035299778
0.03139,-6.037778714314794
0.031395,-4.58004651151666
0.031400000000000004,4.3822967450379565e-12
0.031405,4.926174364179517
0.03141,8.94571749462378
0.031415000000000005,9.857411984743317
0.031420000000000003,6.112035806867477
0.031425,2.4955583446205613e-13
0.03143,-6.856934610808157
0.031435000000000005,-10.264690312079063
0.03144,-11.231714171333863
0.031445,-7.0024154619874635
0.031450000000000006,9.465214645396303e-12
0.031455000000000004,7.001528708364915
0.03146,11.534621444458866
0.031465,10.526919559745574
0.031470000000000005,6.501606244229666
0.031475,-1.9380840839929534e-12
0.03148,-6.387318746267214
0.031485000000000006,-8.910610068566605
0.031490000000000004,-9.492623832939366
0.031495,-5.129754130287927
0.0315,4.717786061512177e-13
0.031505000000000005,3.954055621237597
0.03151,6.654867985426603
0.031515,5.995579640567737
0.03152,2.97602851306968
0.031525000000000004,-2.0618090599585925e-12
0.03153,-2.981343115364649
0.031535,-4.925205853004999
0.031540000000000006,-3.7558234430908346
0.031545000000000004,-2.7961406961796063
0.03155,1.2255330575013307e-12
0.031555,2.551997325679611
0.031560000000000005,3.781549474439237
0.031565,4.280471899198036
0.03157,2.530314108513899
0.031575000000000006,-3.4095804524861737e-12
0.031580000000000004,-2.9522501750358794
0.031585,-5.806658207497992
0.03159,-5.94767572495914
0.031595000000000005,-3.9092512141878637
0.0316,4.0552686417931655e-12
0.031605,5.53598878494998
0.03161,8.532016891197665
0.031615000000000004,8.99373150865343
0.03162,6.031946038200005
0.031625,1.0972763098623886e-12
0.031630000000000005,-6.743352194496507
0.031635,-11.112082635095144
0.03164,-11.498160313182241
0.031645,-6.855974879712279
0.031650000000000005,7.87272699386448e-12
0.031655,6.577999779687183
0.03166,10.846172484984459
0.031665000000000006,11.2530788537996
0.031670000000000004,6.761359849149262
0.031675,-1.0579055711707048e-12
0.03168,-6.10607180644539
0.031685000000000005,-9.490505146133295
0.03169,-9.381282438593074
0.031695,-4.772388126243222
0.031700000000000006,7.163367643464428e-12
0.031705000000000004,3.8996981933372665
0.03171,6.78464326786051
0.031715,5.327494424178143
0.031720000000000005,3.776027552502213
0.031725,-1.3574888657865651e-12
0.03173,-2.979529290242114
0.031735,-4.444523015710375
0.031740000000000004,-4.56822780480402
0.031745,-2.2083564115205534
0.03175,6.851246328427316e-13
0.031755000000000005,2.0954390349769385
0.031760000000000004,3.7986136494733196
0.031765,3.668335691220966
0.03177,2.4968420084744833
0.031775000000000005,-2.303962832479135e-12
0.03178,-3.725968169324061
0.031785,-5.271623734167642
0.031790000000000006,-6.163548030678599
0.031795000000000004,-4.6880549519769446
0.0318,3.1457105215533006e-12
0.031805,4.88612409496605
0.031810000000000005,8.127966257908657
0.031815,9.2444923054631
0.03182,6.318323761224419
0.031825000000000006,-7.206163668465337e-12
0.031830000000000004,-6.771462186557208
0.031835,-11.544505686695762
0.03184,-11.253309268812224
0.031845000000000005,-7.082070520158345
0.03185,1.6936448355349905e-12
0.031855,7.378060298404519
0.03186,11.95179027006442
0.031865000000000004,10.532685570891534
0.03187,7.033954471738677
0.031875,-1.241348911105207e-13
0.031880000000000006,-6.196307041307679
0.031885000000000004,-8.90377069752172
0.03189,-9.498179301183393
0.031895,-4.950758688212027
0.031900000000000005,2.7085372603428468e-12
0.031905,3.934081226709969
0.03191,6.974254572128545
0.031915000000000006,5.682605049193776
0.031920000000000004,3.2574359134315016
0.031925,-1.170642292867297e-12
0.03193,-2.9231798734093077
0.031935000000000005,-3.769858056059721
0.03194,-4.369815803166409
0.031945,-2.012487966556899
0.03195,-1.5491664504413351e-12
0.031955000000000004,1.9494275160742416
0.03196,3.6639210608466946
0.031965,3.531910461950758
0.031970000000000005,2.3725511536092414
0.031975,-2.2927820847030316e-12
0.03198,-3.1209903418944065
0.031985,-6.397677345370615
0.031990000000000005,-6.988840259426632
0.031995,-4.486489840019999
0.032,-1.1979144920527545e-12
0.032005000000000006,5.188244148884275
0.032010000000000004,8.328033926297664
0.032015,9.164857332446584
0.03202,6.368086522128339
0.032025000000000005,-6.961307597748952e-12
0.03203,-6.625157678542483
0.032035,-11.493477144866251
0.032040000000000006,-11.751648096697364
0.032045000000000004,-7.110906635534579
0.03205,5.587744958695295e-13
0.032055,7.411007132960799
0.032060000000000005,11.886057846494955
0.032065,11.03445085845627
0.03207,6.7198906231971245
0.032075,8.676655717360946e-13
0.032080000000000004,-5.704956261554922
0.032085,-8.759391413983895
0.03209,-9.087170143162243
0.032095000000000005,-5.032347537954886
0.032100000000000004,1.9188650099804994e-12
0.032105,3.898134331698654
0.03211,5.89447129478341
0.032115000000000005,5.629523667073674
0.03212,3.3069729294262498
0.032125,-6.256926753747517e-13
0.032130000000000006,-2.6502402964775014
0.032135000000000004,-4.192271490220191
0.03214,-3.4836864961425724
0.032145,-2.4940840737924663
0.032150000000000005,1.515688259167942e-12
0.032155,2.1380735325607105
0.03216,4.555410565641022
0.032165000000000006,4.247875883858896
0.032170000000000004,2.5523671817948372
0.032175,-1.4851127608123037e-12
0.03218,-3.270979748442311
0.032185000000000005,-6.032466905409466
0.03219,-5.8672039277094195
0.032195,-4.005165987401929
0.0322,-1.951330314422458e-12
0.032205000000000004,4.833650682532184
0.03221,8.68215601190139
0.032215,9.186709083750529
0.032220000000000006,6.261874083203114
0.032225000000000004,-5.865652441581273e-12
0.03223,-6.493473449812319
0.032235,-11.454171329778882
0.032240000000000005,-11.752909252726445
0.032245,-6.934189587132298
0.03225,-4.551432269152429e-13
0.032255000000000006,6.8355196774570866
0.032260000000000004,11.365444709926411
0.032265,10.557319140679299
0.03227,6.258178244760933
0.032275000000000005,-7.673349401429083e-12
0.03228,-6.496813058047781
0.032285,-9.590649216439193
0.03229,-9.524888180411764
0.032295000000000004,-5.4361802904496255
0.0323,1.4767958937450234e-12
0.032305,4.3723614944559746
0.032310000000000005,6.360266361776227
0.032315,5.864960969320746
0.03232,2.902127027067629
0.032325,-1.9750915212859777e-13
0.032330000000000005,-3.011637075568571
0.032335,-4.373305246910325
0.03234,-4.0774309900580885
0.032345000000000006,-2.261682853763582
0.032350000000000004,1.6652121368851933e-12
0.032355,2.614838924735905
0.03236,4.429054175104556
0.032365000000000005,3.63561741208391
0.03237,2.450513577945315
0.032375,-1.4337915110244032e-12
0.032380000000000006,-3.267954635999321
0.032385000000000004,-5.832507778742745
0.03239,-5.880980942330748
0.032395,-4.09373099294924
0.032400000000000005,4.9396431429252805e-12
0.032405,5.521505005817041
0.03241,8.324746676069063
0.032415,9.258496875619029
0.032420000000000004,5.883564161180214
0.032425,-4.967064561685729e-12
0.03243,-6.253893371169552
0.032435000000000005,-11.299096508196621
0.032440000000000004,-11.30856027880902
0.032445,-7.226587350993206
0.03245,-1.4900629148921089e-12
0.032455000000000005,6.9255392130514295
0.03246,11.734488359540915
0.032465,10.880843591041236
0.032470000000000006,7.014311918239459
0.032475000000000004,-2.078404283554817e-12
0.03248,-6.396988940864517
0.032485,-9.904684362588567
0.032490000000000005,-8.852955006957105
0.032495,-4.657834871878591
0.0325,6.014639745924318e-13
0.032505000000000006,4.78121747438361
0.032510000000000004,5.932334035166392
0.032515,5.442489329234621
0.03252,3.107038762917072
0.032525000000000005,-1.9410393972267866e-12
0.03253,-3.056621809893389
0.032535,-4.934035090969641
0.03254,-4.67563352982777
0.032545000000000004,-2.2738643571531525
0.03255,1.3767584269519752e-12
0.032555,1.984962200090707
0.032560000000000006,4.4720909267236575
0.032565000000000004,4.269918390979782
0.03257,3.0786609242205625
0.032575,1.6121372507066237e-12
0.032580000000000005,-3.2748875503230797
0.032585,-5.259808709433338
0.03259,-6.929380690645342
0.032595000000000006,-4.801997861858275
0.032600000000000004,4.1029059923618e-12
0.032605,4.753024862593385
0.03261,9.469433027409611
0.032615000000000005,9.183932770647884
0.03262,5.698409402523965
0.032625,8.673756855503909e-13
0.03263,-6.887878133714897
0.032635000000000004,-11.400373789547723
0.03264,-11.032805217705278
0.032645,-6.930172639092482
0.032650000000000005,2.7693863037393488e-12
0.032655,6.791217526893348
0.03266,11.810170155243622
0.032665,10.282451257552758
0.032670000000000005,6.990506194275598
0.032675,-6.021166545871608e-12
0.03268,-6.258753136765277
0.032685000000000006,-9.80292709310355
0.032690000000000004,-8.85577458528971
0.032695,-5.06400761356154
0.0327,-3.2889011248861344e-14
0.032705000000000005,4.728786482835046
0.03271,6.949252838610198
0.032715,5.343271059887414
0.032720000000000006,3.0753374605208084
0.032725000000000004,-1.4847710307235582e-12
0.03273,-2.4318644285276227
0.032735,-4.411776558494119
0.032740000000000005,-3.83180998893742
0.032745,-2.5287650505520705
0.03275,-1.210788653195912e-12
0.032755,2.1821146023500657
0.032760000000000004,4.306528957324186
0.032765,4.103007930091565
0.03277,3.116391187607862
0.032775000000000006,-4.745601829442068e-12
0.032780000000000004,-3.012832681736232
0.032785,-6.139897264646999
0.03279,-6.812473256398288
0.032795000000000005,-3.9104238113540157
0.0328,3.4600103508509917e-12
0.032805,4.808107401772078
0.032810000000000006,8.944025385685864
0.032815000000000004,9.97595360181581
0.03282,6.4696535904668195
0.032825,1.9497366328331106e-12
0.032830000000000005,-6.582611377126895
0.032835,-11.512113004471887
0.03284,-10.57983324340637
0.032845000000000006,-7.475425802128384
0.032850000000000004,1.894332899955068e-12
0.032855,7.4683708386232945
0.03286,11.70142117164606
0.032865000000000005,10.273066317189466
0.03287,6.654637055549301
0.032875,-5.238636693236213e-12
0.03288,-6.091530369495172
0.032885000000000005,-10.045730039438006
0.03289,-8.951191032246786
0.032895,-4.948816316403273
0.032900000000000006,5.932620116927293e-12
0.032905000000000004,3.9769217088382045
0.03291,7.083802479547972
0.032915,6.523678336037293
0.032920000000000005,2.8793450305928716
0.032925,-1.1642664592303467e-12
0.03293,-2.583015693516644
0.032935000000000006,-3.7581871983587067
0.032940000000000004,-4.156143068889876
0.032945,-2.120436943266278
0.03295,-1.1125429262155422e-12
0.032955000000000005,2.2217234119863916
0.03296,3.568550374951994
0.032965,4.439325096138098
0.03297,2.6474168945783814
0.032975000000000004,-4.664262142823224e-12
0.03298,-3.682875827757313
0.032985,-5.366663892936128
0.032990000000000005,-6.143156507885055
0.032995000000000003,-4.224311017698924
0.033,2.4915668862843727e-12
0.033005,4.6498997470045165
0.033010000000000005,8.960717166739087
0.033015,9.272624033280621
0.03302,5.954865408346248
0.033025000000000006,-7.447947093778495e-12
0.033030000000000004,-6.774458063237056
0.033035,-10.70874018758343
0.03304,-10.888505297254333
0.033045000000000005,-7.1279898237145325
0.03305,9.107081324838726e-13
0.033055,6.8291256819166515
0.033060000000000006,10.601774060607722
0.033065000000000004,11.721303214414137
0.03307,6.7267707425311185
0.033075,-4.45528329043356e-12
0.033080000000000005,-5.758663223327781
0.033085,-9.883269355553704
0.03309,-8.487342163904184
0.033095,-5.03212974697408
0.033100000000000004,6.317876169645578e-12
0.033105,4.62475208929252
0.03311,6.666102236667763
0.033115000000000006,6.157174546807136
0.033120000000000004,3.5261341531769683
0.033125,-8.669443039592269e-13
0.03313,-2.4069363465258107
0.033135000000000005,-4.408178003330466
0.03314,-4.4707856161743855
0.033145,-2.31213645486124
0.033150000000000006,1.7514952001308187e-12
0.033155000000000004,2.653367696597166
0.03316,3.5871999944064163
0.033165,4.003397709330297
0.033170000000000005,3.060996579344518
0.033175,4.1961567162617066e-13
0.03318,-3.531183539593536
0.033185000000000006,-6.510768399482608
0.033190000000000004,-5.718427410169793
0.033195,-4.149276277015768
0.0332,1.9966982277225026e-12
0.033205000000000005,5.472259452134139
0.03321,8.055648191255486
0.033215,8.686334529513323
0.03322,6.526006994805497
0.033225000000000005,-5.999504027968176e-12
0.03323,-6.281434933512261
0.033235,-10.293999695256245
0.033240000000000006,-11.465948124923603
0.033245000000000004,-7.114492579602881
0.03325,-1.7350352677577844e-13
0.033255,7.192664404639833
0.033260000000000005,11.60375995415055
0.033265,11.476728344253727
0.03327,6.15468174990797
0.033275000000000006,-3.2779655473891073e-12
0.033280000000000004,-5.722937894561558
0.033285,-9.280212609076328
0.03329,-9.399170328152303
0.033295000000000005,-4.981267676113838
0.0333,5.6619355349768045e-12
0.033305,4.592797512401141
0.03331,6.58292309082941
0.033315000000000004,6.095819254307962
0.03332,3.6470795061748564
0.033325,-3.2463328944744916e-13
0.033330000000000005,-2.6919885396111782
0.033335000000000004,-4.50470505496812
0.03334,-3.619126792857032
0.033345,-2.311531018507627
0.033350000000000005,1.302816446201429e-12
0.033355,2.1842752657096827
0.03336,4.581912982231674
0.033365000000000006,4.012573803633123
0.033370000000000004,2.5659476913285544
0.033375,9.044950017431636e-13
0.03338,-3.5909855750408712
0.033385000000000005,-5.550844118391081
0.03339,-5.9856223127152175
0.033395,-3.9156516144467925
0.033400000000000006,7.891026256489299e-12
0.033405000000000004,5.001314478592545
0.03341,8.462428045534221
0.033415,8.917181950207839
0.033420000000000005,5.73477210814601
0.033425,-5.40046822639016e-12
0.03343,-6.520177913996651
0.033435,-10.713706372519098
0.033440000000000004,-11.214992179427886
0.033445,-7.060082304923742
0.03345,-1.2537530355392676e-12
0.033455000000000006,6.752086436839252
0.033460000000000004,11.302289842825655
0.033465,11.487023931822437
0.03347,6.772671038562244
0.033475000000000005,-2.5858867005014747e-12
0.03348,-6.182415385251912
0.033485,-9.889854259113996
0.033490000000000006,-8.888753112630964
0.033495000000000004,-4.625425898189554
0.0335,4.558476855915143e-12
0.033505,4.4213961861654365
0.033510000000000005,5.870425994975252
0.033515,5.335089878274598
0.03352,3.281074901992974
0.033525000000000006,-5.026537589776599e-12
0.033530000000000004,-3.0158210209790814
0.033535,-3.511205180088227
0.03354,-4.382788404932606
0.033545000000000005,-2.2013041223049523
0.03355,1.1035918225343087e-12
0.033555,2.4897683278010927
0.03356,4.482193436489634
0.033565000000000005,4.349995330038291
0.03357,2.892350819286506
0.033575,1.5794486186069088e-12
0.033580000000000006,-2.8816194321017927
0.033585000000000004,-5.986290043090662
0.03359,-6.391880642633605
0.033595,-4.775960703222916
0.033600000000000005,7.028138507272113e-12
0.033605,5.370685765593798
0.03361,8.648313473193204
0.033615000000000006,8.653852138853365
0.033620000000000004,6.329283042494881
0.033625,-4.092771178098341e-12
0.03363,-6.386191014231141
0.033635000000000005,-10.53151539808007
0.03364,-11.617046480902605
0.033645,-6.803791128611691
0.03365,-2.373408074193142e-12
0.033655000000000004,7.472116585366623
0.03366,11.324643490066913
0.033665,11.22073190998437
0.033670000000000005,6.62870476805224
0.033675000000000004,-1.5925967869363756e-12
0.03368,-6.000520815222927
0.033685,-9.211352037069945
0.033690000000000005,-9.388100046307002
0.033695,-5.319824297052414
0.0337,4.0055220465473845e-12
0.033705000000000006,4.334704146063709
0.033710000000000004,7.089578379597846
0.033715,6.3659737186114205
0.03372,3.176540004537379
0.033725000000000005,-4.283589427046016e-12
0.03373,-2.36914644098166
0.033735,-3.6522092747328694
0.033740000000000006,-3.5018496574172464
0.033745000000000004,-2.5825957324594913
0.03375,8.70947570523149e-13
0.033755,1.932494878670525
0.033760000000000005,3.5740962564679655
0.033765,4.168966536727202
0.03377,2.69231736086646
0.033775,1.70845693751868e-12
0.033780000000000004,-3.621186017419968
0.033785,-5.924781272967246
0.03379,-6.851236364425669
0.033795000000000006,-3.9009134769539084
0.033800000000000004,-1.9960232787416531e-13
0.033805,5.36570316396264
0.03381,8.46523283956867
0.033815000000000005,9.47451458652907
0.03382,5.832544526479917
0.033825,-3.1755801360604934e-12
0.033830000000000006,-6.743328021463884
0.033835000000000004,-11.487976424789782
0.03384,-10.886622382471012
0.033845,-6.8147334956563075
0.033850000000000005,7.623217653707598e-12
0.033855,6.656682389198158
0.03386,11.024664168043504
0.033865000000000006,11.234437656628504
0.033870000000000004,6.4136661092332385
0.033875,-6.533839686935136e-13
0.03388,-6.377945569103384
0.033885000000000005,-9.9572112949728
0.03389,-8.295335168450874
0.033895,-4.62235410642736
0.0339,-4.255081920933788e-12
0.033905000000000005,4.416330269730307
0.03391,7.023332116375383
0.033915,6.436323542585395
0.033920000000000006,2.915791321086707
0.033925000000000004,-3.691100178876147e-12
0.03393,-2.7801527438943205
0.033935,-4.907200973813298
0.033940000000000005,-3.7475684240358826
0.033945,-2.1935699449537025
0.03395,5.706145098888611e-13
0.033955000000000006,2.3472441646251987
0.033960000000000004,3.8644928997862245
0.033965,4.797914879578857
0.03397,3.255846206031664
0.033975000000000005,-2.553557024436369e-12
0.03398,-3.0841195186481616
0.033985,-6.229649575337165
0.03399,-6.892567999953952
0.033995000000000004,-4.141275012649415
0.034,-7.944419926776567e-13
0.034005,4.746454338606964
0.034010000000000006,9.439006371780815
0.034015000000000004,9.33691905853962
0.03402,6.134972482005635
0.034025,-2.4916253280602012e-12
0.034030000000000005,-6.933488070647396
0.034035,-10.85438722872392
0.03404,-11.689868739358017
0.034045000000000006,-6.723763958836717
0.034050000000000004,6.5525482868655474e-12
0.034055,7.082704054186629
0.03406,11.914076547896178
0.034065000000000005,10.373025626104221
0.03407,7.054841407621951
0.034075,3.037256861104428e-13
0.034080000000000006,-5.989993645168585
0.034085000000000004,-9.678181264204733
0.03409,-9.512098055252025
0.034095,-5.14509656483738
0.034100000000000005,2.3959207750520677e-12
0.034105,4.69913125530963
0.03411,7.125346442324943
0.034115,5.49957189322687
0.034120000000000004,3.2287316911136266
0.034125,-3.5090695551914997e-12
0.03413,-2.912267573855404
0.034135000000000006,-4.3267272983173095
0.034140000000000004,-3.8872546088332998
0.034145,-2.210358200491284
0.03415,2.3132095287622963e-13
0.034155000000000005,2.1519884568138976
0.03416,4.333719881882594
0.034165,4.0615868305739316
0.034170000000000006,2.3305353080720583
0.034175000000000004,-1.7304093902541893e-12
0.03418,-3.212094581349104
0.034185,-5.84061061424863
0.034190000000000005,-6.537886993198947
0.034195,-3.918788267071165
0.0342,-1.5867680954036033e-12
0.034205000000000006,5.33792423346108
0.034210000000000004,8.247654584260562
0.034215,9.597474987222244
0.03422,5.868477881977962
0.034225000000000005,-1.0878100588015526e-11
0.034230000000000003,-6.908195469732877
0.034235,-10.80541816853464
0.03424,-10.939828711305863
0.034245000000000005,-6.824392788081678
0.03425,5.649177827830931e-12
0.034255,6.684187759988487
0.034260000000000006,11.942980391043701
0.034265000000000004,10.327620861293978
0.03427,6.978775853039507
0.034275,1.2981457960748695e-12
0.034280000000000005,-6.398321473602444
0.034285,-9.29222779757333
0.03429,-9.17977300924043
0.034295000000000006,-5.025952234182152
0.034300000000000004,1.8556271173650096e-12
0.034305,3.945289396659644
0.03431,7.043718457241357
0.034315000000000005,5.345116535390846
0.03432,2.9717095628809176
0.034325,-2.8488531664525757e-12
0.03433,-2.545289810748155
0.034335000000000004,-4.55747122095127
0.03434,-4.238010916863707
0.034345,-2.517457703009651
0.034350000000000006,3.6298447458693526e-12
0.034355000000000004,1.9923278433831548
0.03436,3.9889719917494686
0.034365,4.6561460209281185
0.034370000000000005,2.5407943632979695
0.034375,-1.4234096202734058e-12
0.03438,-3.5240312127323956
0.034385000000000006,-5.3059684760656545
0.034390000000000004,-5.811442044990156
0.034395,-4.295800941079979
0.0344,-2.1811737663157262e-12
0.034405000000000005,5.509587335571846
0.03441,8.348343124900397
0.034415,9.168106145062247
0.034420000000000006,6.479229092137137
0.034425000000000004,-5.479382012215867e-13
0.03443,-6.598198827944674
0.034435,-10.598016791726318
0.034440000000000005,-11.901885976178097
0.034445,-6.929226875651543
0.03445,4.470770462127917e-12
0.034455,6.810000769465113
0.034460000000000005,11.88390868349308
0.034465,10.695017114688287
0.03447,6.905197005482036
0.034475000000000006,-7.971258928477632e-12
0.034480000000000004,-6.034652721050249
0.034485,-9.582022601641237
0.03449,-8.626009485005419
0.034495000000000005,-5.362831788943899
0.0345,9.405420796704982e-13
0.034505,4.197000271617313
0.034510000000000006,6.033884790691732
0.034515000000000004,5.5250095178635386
0.03452,3.784251203878304
0.034525,2.3972773019898114e-12
0.034530000000000005,-3.2127525072767567
0.034535,-3.479241044994036
0.03454,-4.3020123614795605
0.034545000000000006,-2.2684070322144967
0.034550000000000004,3.66432554651788e-12
0.034555,2.1785269940229277
0.03456,3.8855530570719967
0.034565000000000005,4.430798638471782
0.034570000000000004,2.513132206488708
0.034575,-1.1379114196075502e-12
0.03458,-3.6783726054446118
0.034585000000000005,-5.980557256785335
0.03459,-6.410753035634606
0.034595,-4.773857792211913
0.034600000000000006,4.749546611229211e-12
0.034605000000000004,5.17831389137176
0.03461,8.385200386005069
0.034615,8.955400967362818
0.034620000000000005,6.115658655069815
0.034625,4.19317561681021e-13
0.03463,-6.882410494642696
0.034635000000000006,-10.97205594511339
0.034640000000000004,-11.486937217468254
0.034645,-7.343451604411039
0.03465,3.574648053161267e-12
0.034655000000000005,7.354398731175085
0.03466,11.262393399485276
0.034665,11.508169145592934
0.03467,6.643113908594529
0.034675000000000004,-6.319967279967776e-12
0.03468,-5.660392200094052
0.034685,-9.974900253381994
0.034690000000000006,-9.341104688742039
0.034695000000000004,-4.731039896521245
0.0347,3.6748181491648815e-13
0.034705,4.671130349422286
0.034710000000000005,5.88629241821758
0.034715,5.4722385181640485
0.03472,3.4688275243671387
0.034725000000000006,-1.987140719672039e-12
0.034730000000000004,-2.52875902340314
0.034735,-4.009900615533482
0.03474,-3.9439341542137636
0.034745000000000005,-2.3504303262259207
0.03475,3.0284841111936738e-12
0.034755,2.7120263229609027
0.034760000000000006,3.56106619364686
0.034765000000000004,3.7572301130269516
0.03477,2.5664597026986122
0.034775,-5.826934242790304e-13
0.034780000000000005,-3.018272806072802
0.034785,-6.499065202416922
0.03479,-6.938945641981804
0.034795,-4.017574770355625
0.034800000000000005,3.80333917154552e-12
0.034805,5.532800582241714
0.03481,9.524485121135625
0.034815000000000006,9.455374306875392
0.034820000000000004,6.320014871553498
0.034825,1.305380300399605e-12
0.03483,-6.981135761415699
0.034835000000000005,-11.72482868362433
0.03484,-11.172383154676716
0.034845,-7.465361097400732
0.034850000000000006,1.3377549353269561e-11
0.034855000000000004,6.583668202288044
0.03486,10.720608591131198
0.034865,11.49538402948266
0.034870000000000005,6.588888277068501
0.034875,-5.661013541860287e-12
0.03488,-6.066601537480859
0.034885000000000006,-9.788658690489141
0.034890000000000004,-8.170958006109139
0.034895,-4.605181964546231
0.0349,-3.7197986234185454e-13
0.034905000000000005,4.471526406030011
0.034910000000000004,6.198520778015153
0.034915,5.74454733771986
0.03492,3.0872202705896394
0.034925000000000005,-1.6013806311178465e-12
0.03493,-2.401062760577482
0.034935,-4.593987735831824
0.034940000000000006,-3.9351307031579643
0.034945000000000004,-2.242328488620962
0.03495,2.875547465240909e-12
0.034955,2.1858313697288527
0.034960000000000005,3.991800699156024
0.034965,3.5030302306528136
0.03497,2.6989736107734568
0.034975000000000006,-4.270658334264497e-12
0.034980000000000004,-2.981732547420769
0.034985,-5.836876790574297
0.03499,-6.846332404479114
0.034995000000000005,-4.550001225035573
0.035,2.6979842060605017e-12
0.035005,5.079170015178483
0.03501,9.343426540318404
0.035015000000000004,9.301492548966062
0.03502,5.940318968482288
0.035025,2.1248840677387352e-12
0.035030000000000006,-6.4841373993037195
0.035035000000000004,-10.98151837238782
0.03504,-10.74365927043503
0.035045,-7.08313236244385
0.035050000000000005,1.4265249586525195e-12
0.035055,7.065030653671143
0.03506,11.486186753810266
0.035065000000000006,10.421153760466266
0.035070000000000004,6.9834144095297255
0.035075,-5.206911648777989e-12
0.03508,-6.1064801593073135
0.035085000000000005,-9.356197380171283
0.03509,-8.776215545467915
0.035095,-4.825177789292159
0.035100000000000006,5.930661470427776e-12
0.035105000000000004,4.390551465090992
0.03511,7.1157174675634245
0.035115,5.971042334840651
0.035120000000000005,3.776472733674521
0.035125,-1.0293123036550665e-12
0.03513,-2.5211934647851004
0.035135,-4.535148036753145
0.035140000000000005,-3.26571390100138
0.035145,-2.5266310910994716
0.03515,-1.4499750781662065e-12
0.035155000000000006,2.1896908248044826
0.035160000000000004,4.6889895800796015
0.035165,4.893593118721536
0.03517,3.0428034095934717
0.035175000000000005,-4.653840049934207e-12
0.03518,-3.17988319840058
0.035185,-6.6171356761523255
0.035190000000000006,-6.034819338139766
0.035195000000000004,-4.2490132947837695
0.0352,2.1889306245523293e-12
0.035205,5.317455573557626
0.035210000000000005,9.18413010026464
0.035215,9.757040898612386
0.03522,6.233543033949672
0.035225000000000006,-6.32394695456582e-12
0.035230000000000004,-6.8830237943882695
0.035235,-10.850471376190242
0.03524,-11.745196350857949
0.035245000000000005,-7.258684633113668
0.035250000000000004,3.874212583957202e-13
0.035255,6.981447373791017
0.03526,10.944817149011705
0.035265000000000005,10.93383640132584
0.03527,6.165997898598405
0.035275,-4.1522002043534735e-12
0.035280000000000006,-6.274428377233342
0.035285000000000004,-8.989727642998059
0.03529,-8.227520562195773
0.035295,-5.399683142417516
0.035300000000000005,5.14664008843191e-12
0.035305,4.054633663588249
0.03531,6.074338813486881
0.035315000000000006,5.71813319764179
0.035320000000000004,3.221340570661797
0.035325,-6.359898018955878e-13
0.03533,-2.647036845097572
0.035335000000000005,-3.696950398136311
0.03534,-3.5094157344591865
0.035345,-2.3441310888449336
0.03535,-1.5046680728846193e-12
0.035355000000000004,2.156992762445932
0.03536,4.5673147560458025
0.035365,4.307089582487801
0.035370000000000006,2.5744548377579046
0.035375000000000004,-4.4662736716809404e-12
0.03538,-3.3884196144025305
0.035385,-5.303477459091117
0.035390000000000005,-6.056296110481046
0.035395,-4.147494323694191
0.0354,1.6094184702711148e-12
0.035405000000000006,5.210372830917145
0.035410000000000004,8.696149725235827
0.035415,9.231298294418751
0.03542,6.336511202030606
0.035425000000000005,-5.87117411107326e-12
0.03543,-6.136094497350755
0.035435,-10.750669487518257
0.035440000000000006,-10.951099938475299
0.035445000000000004,-6.7920574511867455
0.03545,-6.572367868888667e-13
0.035455,7.346746099282211
0.035460000000000005,11.238193497153528
0.035465,10.77039019630294
0.03547,6.196553162977559
0.035475,-2.87585587243208e-12
0.035480000000000005,-6.10872734858726
0.035485,-10.030030762058486
0.03549,-9.39218009525732
0.035495000000000006,-4.994253749633364
0.035500000000000004,5.303426738241523e-12
0.035505,4.2371643593699995
0.03551,6.5602779745880095
0.035515000000000005,6.5697966662544
0.03552,3.505356840096096
0.035525,-1.4882460232901213e-13
0.035530000000000006,-2.944908979466417
0.035535000000000004,-3.893117014380776
0.03554,-4.029905939346391
0.035545,-2.3074240638054593
0.035550000000000005,1.357921654742519e-12
0.035555,2.709562252643057
0.03556,4.39553611933138
0.035565000000000006,3.979621770213292
0.035570000000000004,2.3709693254873487
0.035575,-4.070211199951597e-12
0.03558,-3.5243169718078535
0.035585000000000006,-5.794049854495635
0.035590000000000004,-6.592688547898885
0.035595,-4.794415583051014
0.0356,8.355041520239028e-13
0.035605000000000005,4.853385900780995
0.03561,8.269240151814431
0.035615,9.646086159067867
0.035620000000000006,5.71388976517296
0.035625000000000004,-4.584511188358333e-12
0.03563,-6.967071567435384
0.035635,-10.307033531055055
0.035640000000000005,-11.840861969836803
0.035645,-6.778904680958956
0.03565,-1.6112962775902334e-12
0.035655000000000006,6.876302696472443
0.035660000000000004,10.567995895216656
0.035665,10.512356637488242
0.03567,6.493072301163173
0.035675000000000005,-1.965090372465013e-12
0.03568,-6.380359344935591
0.035685,-9.248667570164523
0.03569,-9.141284811109417
0.035695000000000005,-5.259107577307692
0.0357,4.057046945734231e-12
0.035705,4.065219436322659
0.035710000000000006,6.454007060180433
0.035715000000000004,6.356700130404886
0.03572,3.399717974562111
0.035725,2.8926761026611957e-13
0.035730000000000005,-2.722869337701362
0.035735,-3.6095955481900717
0.03574,-4.142553008405777
0.035745000000000006,-2.763145288430738
0.035750000000000004,9.514247288674209e-13
0.035755,2.6169019978495025
0.03576,3.3086784842803323
0.035765000000000005,3.7499566697267697
0.03577,2.8602341741486987
0.035775,1.4328937449520502e-12
0.035780000000000006,-3.3807800061294992
0.035785000000000004,-6.542214085648734
0.03579,-6.914170854373517
0.035795,-4.648948505221016
0.035800000000000005,7.483569815240212e-12
0.035805000000000003,4.920223072215377
0.03581,8.800867228853987
0.035815,8.581496111577922
0.035820000000000005,5.92700193181793
0.035825,-3.842592995445762e-12
0.03583,-6.177272672896982
0.035835000000000006,-11.679590051442032
0.035840000000000004,-10.887625176699071
0.035845,-6.6921569007126145
0.03585,-2.8421087907256263e-12
0.035855000000000005,6.7982404261827245
0.03586,11.9293705891867
0.035865,11.296333024616183
0.035870000000000006,6.429138026596758
0.035875000000000004,-1.154452342136392e-12
0.03588,-6.274147170030507
0.035885,-9.395652472545533
0.035890000000000005,-9.305852748178776
0.035895,-5.116683515947904
0.0359,3.1900967981165227e-12
0.035905000000000006,4.758601378969977
0.035910000000000004,6.674683241711361
0.035915,5.595325053169304
0.03592,2.88567620083857
0.035925000000000006,-3.4808645060785755e-12
0.035930000000000004,-3.1748003424589215
0.035935,-4.021653807377184
0.03594,-3.4377083974781972
0.035945000000000005,-2.347899764300269
0.03595,6.25454657534524e-13
0.035955,2.4532801105914217
0.035960000000000006,4.639482943819648
0.035965000000000004,4.223121346403252
0.03597,2.4507970621364876
0.035975,1.725282240943979e-12
0.035980000000000005,-3.0815817356188844
0.035985,-5.429592541959184
0.03599,-6.496540667583139
0.035995000000000006,-4.580471612040853
0.036000000000000004,7.123647073432977e-12
0.036005,5.1507390849563945
0.03601,8.99252291349448
0.036015000000000005,9.508432503248253
0.03602,5.90602809276492
0.036025,-2.8210923729114083e-12
0.03603,-6.359056174249868
0.036035000000000005,-10.829338708303226
0.03604,-11.711941715956529
0.036045,-6.916636900445684
0.036050000000000006,7.1434292780597705e-12
0.036055000000000004,7.228397449303259
0.03606,11.785335985789665
0.036065,10.434823683191354
0.036070000000000005,6.499338740782981
0.036075,-2.1498616327004412e-13
0.03608,-6.192066814632925
0.036085000000000006,-9.957317306363436
0.036090000000000004,-8.430528678998803
0.036095,-5.2097461100140645
0.0361,2.579561898766461e-12
0.036105000000000005,4.343519868605095
0.03611,6.696967380735493
0.036115,6.060641242946378
0.036120000000000006,3.6741614839366155
0.036125000000000004,-3.598298085672003e-12
0.03613,-2.776102051708344
0.036135,-4.803324260166767
0.036140000000000005,-4.147400554601257
0.036145000000000004,-1.919869117838897
0.03615,3.535928273237324e-13
0.036155,2.665671513586168
0.036160000000000005,3.260709678915409
0.036165,4.9289410462880126
0.03617,2.5780259474769425
0.036175000000000006,-2.4179678996866977e-12
0.036180000000000004,-3.310393953568335
0.036185,-5.7242026146584
0.03619,-6.653128647144254
0.036195000000000005,-4.275264468168263
0.0362,6.643500160025844e-12
0.036205,5.217855247342531
0.036210000000000006,8.916859754865335
0.036215000000000004,9.245306476157031
0.03622,6.346291456057089
0.036225,-2.096793189422581e-12
0.036230000000000005,-6.629070234291744
0.036235,-11.618728093523686
0.03624,-10.902876150125364
0.036245000000000006,-6.790430151979507
0.036250000000000004,6.4826686629935275e-12
0.036255,7.070626134186713
0.03626,11.92818048229036
0.036265000000000006,11.529141533328401
0.036270000000000004,6.150208115399641
0.036275,7.054282568633715e-13
0.03628,-5.6556754512252905
0.036285000000000005,-9.19131045738197
0.03629,-9.317758731781574
0.036295,-5.0873439336208985
0.036300000000000006,2.12897697386641e-12
0.036305000000000004,4.184957559327309
0.03631,7.004155725095844
0.036315,5.6682936079369375
0.036320000000000005,3.351396502928774
0.036325,-3.486396022862132e-12
0.03633,-2.5589453815094623
0.036335000000000006,-4.389610445612933
0.036340000000000004,-3.7315023854040636
0.036345,-2.3276759885976657
0.03635,6.259562019962739e-14
0.036355000000000005,1.9825765099652126
0.03636,4.5803048193379405
0.036365,4.703203440141293
0.03637,3.084561874292164
0.036375000000000005,-1.6206342496759891e-12
0.03638,-3.1140826434156073
0.036385,-5.9958573344957875
0.036390000000000006,-6.622364944566945
0.036395000000000004,-4.3041418247882275
0.0364,-1.7485858636390695e-12
0.036405,5.023407381032291
0.036410000000000005,8.053764840678038
0.036415,8.751727762680554
0.03642,5.832676673849947
0.036425000000000006,-1.0528336520458728e-11
0.036430000000000004,-6.621752806131639
0.036435,-11.529690938942199
0.03644,-11.796561034361355
0.036445000000000005,-6.823560621643167
0.03645,5.339256139959502e-12
0.036455,7.1641431811357865
0.036460000000000006,11.49152148613709
0.036465000000000004,10.636058346225202
0.03647,6.540517674112473
0.036475,1.7768554168719096e-12
0.036480000000000005,-6.526024892893295
0.036485000000000004,-8.798538290316875
0.03649,-9.412888136770489
0.036495,-5.107049109206222
0.036500000000000005,1.5225260095422153e-12
0.036505,4.802481291509399
0.03651,6.347065013091677
0.036515000000000006,6.524232978629895
0.036520000000000004,3.083165541602195
0.036525,-2.252097298796694e-12
0.03653,-3.2410404606919054
0.036535000000000005,-3.7275485399949795
0.03654,-3.3004646763847028
0.036545,-2.607826903124659
0.036550000000000006,3.0712933236032395e-12
0.036555000000000004,1.9236147226486733
0.03656,3.606951165710921
0.036565,4.3407641889626145
0.036570000000000005,2.9738641975920315
0.036575,-1.2202363751970435e-12
0.03658,-2.9970894917117237
0.036585000000000006,-5.552558617062109
0.036590000000000004,-6.057694079528617
0.036595,-4.329917580075582
0.0366,-2.7738793918040828e-12
0.036605000000000006,5.39612576383901
0.036610000000000004,9.506570501429906
0.036615,9.993679617163028
0.03662,5.9599135780872325
0.036625000000000005,-1.0214855174919437e-11
0.03663,-6.736552435443236
0.036635,-11.220517463347786
0.036640000000000006,-11.092692969590185
0.036645000000000004,-7.226001619609618
0.03665,4.3276018630813175e-12
0.036655,7.33515690547348
0.036660000000000005,11.072874034797488
0.036665,11.076127707048009
0.03667,6.192021387707883
0.036675000000000006,-7.38358574729354e-12
0.036680000000000004,-5.86481677591481
0.036685,-9.014372286688001
0.03669,-8.544259900291932
0.036695000000000005,-5.529569704635479
0.0367,7.236899600076495e-13
0.036705,4.119255904485618
0.03671,6.635708339964278
0.036715000000000005,5.655149722413135
0.03672,3.2753233195246723
0.036725,-2.48922743221121e-12
0.036730000000000006,-2.521074195642626
0.036735000000000004,-3.566247461709818
0.03674,-4.037938545697191
0.036745,-2.1268044395309174
0.036750000000000005,2.502433988959072e-12
0.036755,2.267999394156453
0.03676,4.6656042735253775
0.036765000000000006,3.5561563323169887
0.036770000000000004,2.39141051850508
0.036775,-1.0115489807579958e-12
0.03678,-2.932753070772368
0.036785000000000005,-5.439244683513002
0.03679,-6.748355154090192
0.036795,-4.191198954484144
0.036800000000000006,3.656809537179768e-12
0.036805000000000004,5.39067727803247
0.03681,9.046086957607436
0.036815,9.068636925016547
0.036820000000000006,5.950089289066809
0.036825000000000004,8.408334502779827e-13
0.03683,-6.734291858475357
0.036835,-11.426567120190855
0.036840000000000005,-10.675029523500024
0.036845,-7.337423023221426
0.03685,2.938557723123403e-12
0.036855000000000006,6.900782064081971
0.036860000000000004,11.208712171893927
0.036865,10.319982986714955
0.03687,6.921183873023859
0.036875000000000005,-6.70396766850373e-12
0.03688,-6.284094076075717
0.036885,-9.899542377173004
0.036890000000000006,-9.145452587393915
0.036895000000000004,-5.220799854288984
0.0369,3.058104864278686e-14
0.036905,3.980017191500932
0.036910000000000005,5.756240833003066
0.036915,5.876382120481504
0.03692,3.450647942068387
0.036925000000000006,-1.8962188939200185e-12
0.036930000000000004,-2.550893384020265
0.036935,-3.637766484771691
0.03694,-3.3929183462070114
0.036945000000000006,-2.419896122541088
0.036950000000000004,2.6618639741347768e-12
0.036955,2.2697223749114284
0.03696,4.484665904488545
0.036965000000000005,4.128834367669414
0.03697,2.740327339887813
0.036975,-5.075773052962068e-13
0.036980000000000006,-3.6360261720740628
0.036985000000000004,-5.606028760578462
0.03699,-5.791158989887278
0.036995,-4.434798665769376
0.037000000000000005,3.3436537604184888e-12
0.037005,5.186336745831589
0.03701,8.73456460218619
0.037015000000000006,8.923493760004808
0.037020000000000004,6.129641665346566
0.037025,1.8672711624856066e-12
0.03703,-6.794745092792315
0.037035000000000005,-10.42741631628393
0.037040000000000003,-11.121369753975415
0.037045,-7.160109563380982
0.03705,2.1026148594785762e-12
0.037055000000000005,6.924778706863293
0.03706,10.843476334496028
0.037065,10.882962300798145
0.037070000000000006,6.738800443669696
0.037075000000000004,-4.9862264431939375e-12
0.03708,-6.510505391225769
0.037085,-9.897403926747367
0.037090000000000005,-8.824032188641358
0.037095,-4.8906572023411545
0.0371,-6.95685138292776e-13
0.037105000000000006,4.067293562797767
0.037110000000000004,6.1005606545692235
0.037115,5.6322623371804825
0.03712,2.89045865394651
0.037125000000000005,-1.1202500191323154e-12
0.03713,-3.223098765402118
0.037135,-3.6709970894864936
0.037140000000000006,-4.461561129165878
0.037145000000000004,-2.6412079073025407
0.03715,2.6283741433420148e-12
0.037155,2.476444402852746
0.037160000000000006,3.985016606393434
0.037165000000000004,3.935441278731498
0.03717,3.213833469649057
0.037175,4.838025586233116e-15
0.037180000000000005,-3.295957946136725
0.037185,-5.299258955814427
0.03719,-5.939147687351311
0.037195000000000006,-3.894077353971361
0.037200000000000004,2.7529953363828354e-12
0.037205,5.296068901200048
0.03721,8.042731550165986
0.037215000000000005,8.851865391411817
0.03722,5.6946899911845215
0.037225,2.7172004337725578e-12
0.037230000000000006,-7.009521967480272
0.037235000000000004,-10.761379217828392
0.03724,-10.613470252137793
0.037245,-6.871399226659013
0.037250000000000005,1.1343212486711004e-11
0.037255,6.850204990082259
0.03726,10.98440782924241
0.037265000000000006,11.225828242024361
0.037270000000000005,6.523753973499056
0.037275,-4.304801249016976e-12
0.03728,-6.518319809079239
0.037285000000000006,-9.771951080632215
0.037290000000000004,-9.18230712921838
0.037295,-5.381598751894188
0.0373,-1.411849160768887e-12
0.037305000000000005,4.16889146614193
0.03731,5.965928060213315
0.037315,5.5605173384538835
0.037320000000000006,3.6682718056675445
0.037325000000000004,-7.824435688703566e-13
0.03733,-2.8728850990131694
0.037335,-3.4992258422712506
0.037340000000000005,-4.406357931417403
0.037345,-1.9796153138091273
0.03735,1.6909471505399195e-12
0.037355000000000006,2.4689269526099618
0.037360000000000004,4.729365687516421
0.037365,3.8142756942143463
0.03737,2.9779619931981527
0.037375000000000005,-3.985241743430173e-12
0.037380000000000004,-2.962861333181389
0.037385,-5.782910960404556
0.03739,-7.157613538544112
0.037395000000000005,-4.084972058472174
0.0374,2.046875019146879e-12
0.037405,5.2280650845632275
0.037410000000000006,9.259152403837204
0.037415000000000004,8.581211384627505
0.03742,6.393600143133417
0.037425,3.5238353573166207e-12
0.037430000000000005,-6.718975633858927
0.037435,-10.402593987893077
0.03744,-11.504183433167482
0.037445000000000006,-7.0447208199874
0.037450000000000004,-7.344174692162793e-14
0.037455,7.279148241393788
0.03746,10.935722630099242
0.037465000000000005,10.683418421093107
0.03747,6.212784949236298
0.037475,-3.7233490211595286e-12
0.037480000000000006,-6.194023608728942
0.037485000000000004,-9.011743754480946
0.03749,-8.443208521726087
0.037495,-5.175050097504692
0.037500000000000006,5.277948980253015e-12
0.037505000000000004,4.744600331545521
0.03751,6.936117100888584
0.037515,6.558142194900306
0.037520000000000005,3.5796063738866115
0.037525,-3.432737646291235e-13
0.03753,-2.3638575422820565
0.037535000000000006,-4.300134486802507
0.037540000000000004,-4.537040034647704
0.037545,-2.4784499593813045
0.03755,-2.0910784170700573e-12
0.037555000000000005,1.9807846394299118
0.03756,3.9506437849539964
0.037565,4.289869287530461
0.037570000000000006,2.3758119975089724
0.037575000000000004,-4.380452623546917e-12
0.03758,-2.9850304123661626
0.037585,-5.270616210613505
0.037590000000000005,-6.441307279939126
0.037595,-4.73591536384324
0.0376,1.2119730789414188e-12
0.037605000000000006,4.629365620921804
0.037610000000000005,9.199158693306599
0.037615,9.220409332132524
0.03762,6.386960926989904
0.037625000000000006,-4.917267468726661e-12
0.037630000000000004,-6.52526363102937
0.037635,-11.501566328320324
0.03764,-11.635580803195396
0.037645000000000005,-7.33464165450969
0.03765,-1.0853961133334256e-12
0.037655,7.32663165631651
0.037660000000000006,11.686542189819125
0.037665000000000004,11.201109790775769
0.03767,6.715932949704982
0.037675,-2.4870884177021457e-12
0.037680000000000005,-6.466529970013851
0.037685,-9.826439883145088
0.03769,-8.509349006812702
0.037695000000000006,-5.042086742874157
0.037700000000000004,4.780806495788685e-12
0.037705,3.97755666668564
0.03771,6.4541939119880904
0.037715000000000005,5.547065769016231
0.037720000000000004,3.33940514561942
0.037725,6.39873701997356e-14
0.03773,-2.4789053004904473
0.037735000000000005,-3.6579212103890937
0.03774,-3.414898841939126
0.037745,-1.9133623587401802
0.037750000000000006,1.159605505121798e-12
0.037755000000000004,2.5230232906677004
0.03776,4.264514126065578
0.037765,4.558384225313427
0.037770000000000005,2.49292883203034
0.037775,-3.6139300754620993e-12
0.03778,-3.031254305319665
0.037785000000000006,-5.190611987126615
0.037790000000000004,-6.162399557170242
0.037795,-4.738572855687227
0.0378,5.67810277552354e-13
0.037805000000000005,4.705902798667325
0.03781,8.644609166315435
0.037815,8.992521449338767
0.037820000000000006,6.49229764368077
0.037825000000000004,-4.520950973779664e-12
0.03783,-7.028668998910119
0.037835,-10.831986550316614
0.037840000000000006,-10.480102884826076
0.037845000000000004,-6.795933002069406
0.03785,-2.181243050036521e-12
0.037855,7.211791083761314
0.037860000000000005,11.236826278140231
0.037865,11.713675586967529
0.03787,6.480097593002899
0.037875000000000006,-1.092557145279141e-11
0.037880000000000004,-6.020796875673595
0.037885,-8.689310621258121
0.03789,-8.753511281359131
0.037895000000000005,-4.752769033719433
0.0379,3.5240348024852183e-12
0.037905,4.1778324609343045
0.037910000000000006,6.608129537890006
0.037915000000000004,5.5016418646243626
0.03792,3.7693181639395212
0.037925,4.654824758359627e-13
0.037930000000000005,-3.224993367908906
0.037935,-4.850802376713093
0.03794,-4.618920252714087
0.037945000000000007,-2.7691379338061504
0.037950000000000005,7.689610626094095e-13
0.037955,2.7823690246538746
0.03796,4.481148246511814
0.037965000000000006,4.292802415707526
0.037970000000000004,2.329985583073117
0.037975,-3.0847817928445205e-12
0.03798,-3.2872661464140527
0.037985000000000005,-5.943416748864599
0.03799,-5.834516886090529
0.037995,-4.640392190921404
0.038000000000000006,6.831644198283804e-12
0.038005000000000004,4.9102462429455
0.03801,8.206114368512784
0.038015,9.472669567581706
0.038020000000000005,5.725856854369529
0.038025,-3.2348571367116688e-12
0.03803,-6.206340027853581
0.038035000000000006,-10.579764644094631
0.038040000000000004,-11.651444190071267
0.038045,-7.340754681362268
0.03805,-3.3691762264096424e-12
0.038055000000000005,6.855638547910511
0.038060000000000004,11.888122241569228
0.038065,11.227736593387759
0.03807,6.828875858847232
0.038075000000000005,-6.604507787844544e-13
0.03808,-6.506814598132122
0.038085,-9.201261895223002
0.038090000000000006,-8.82549848998565
0.038095000000000004,-5.384055150241826
0.0381,2.93123279937713e-12
0.038105,4.195330992997511
0.038110000000000005,6.795219813921109
0.038115,5.416616553606629
0.03812,3.4904719773402046
0.038125000000000006,-3.709784714083999e-12
0.038130000000000004,-2.8149419061966077
0.038135,-4.893184578278708
0.03814,-3.9166352305389083
0.038145000000000005,-2.4308531927610684
0.03815,5.883001525637004e-13
0.038155,2.2133163645549794
0.038160000000000006,4.140694112378163
0.038165000000000004,4.124651923521081
0.03817,2.751666238446757
0.038175,1.9332006157108904e-12
0.038180000000000006,-3.406673818890421
0.038185000000000004,-5.831226100614278
0.03819,-7.1254619475847365
0.038195,-3.9447097259208768
0.038200000000000005,6.3690353711443474e-12
0.038205,4.949543469984098
0.03821,8.729385460385869
0.038215000000000006,9.283541190391343
0.038220000000000004,6.155299732515577
0.038225,-2.4368671261699406e-12
0.03823,-6.663957921748865
0.038235000000000005,-10.720677899447697
0.03824,-11.81386368642077
0.038245,-7.424986507615501
0.038250000000000006,6.67215223158876e-12
0.038255000000000004,7.465667471729392
0.03826,10.725626750052527
0.038265,11.619722619136315
0.038270000000000005,6.989325084117596
0.038275,2.29762440072037e-13
0.03828,-6.29166338080488
0.038285000000000007,-8.835658428526306
0.038290000000000005,-8.172005890350059
0.038295,-5.125589268728417
0.0383,2.5879167245889436e-12
0.038305000000000006,4.484593503654433
0.038310000000000004,5.793209207715137
0.038315,5.858188067426783
0.03832,3.3197195600550353
0.038325000000000005,-3.153679917531871e-12
0.03833,-2.5155891138816764
0.038335,-4.745259008937925
0.038340000000000006,-3.4842952795577284
0.038345000000000004,-1.9715969231518364
0.03835,2.1002783373612945e-13
0.038355,2.000903925775206
0.038360000000000005,4.305671777652844
0.038365,4.266145114825962
0.03837,2.5326792243344256
0.038375000000000006,-1.721393172780236e-12
0.038380000000000004,-3.183319811974777
0.038385,-5.311445993481984
0.03839,-6.046997911437976
0.038395000000000006,-4.50272788978248
0.038400000000000004,5.397561058947701e-12
0.038405,5.09183455088362
0.03841,8.939751174246691
0.038415000000000005,8.94715313712073
0.03842,5.6580505199515585
0.038425,-1.4262420351272009e-12
0.038430000000000006,-6.928230944961449
0.038435000000000004,-11.036615589595343
0.03844,-11.387329483139956
0.038445,-7.483279125375787
0.038450000000000005,5.804496920167836e-12
0.038455,7.040877423250467
0.03846,10.849264682285686
0.038465000000000006,11.11412961285941
0.038470000000000004,6.572870539191744
0.038475,1.1568159156828837e-12
0.03848,-6.223649303452187
0.038485000000000005,-9.98966459184697
0.03849,-8.089643612647196
0.038495,-4.777249361784573
0.038500000000000006,9.595332468323716e-12
0.038505000000000005,4.2189801779178255
0.03851,6.891915766597004
0.038515,6.342118312277907
0.038520000000000006,3.2610354588816373
0.038525000000000004,-3.1962814538723622e-12
0.03853,-3.0864023454231475
0.038535,-4.873715742626239
0.038540000000000005,-4.319595375265698
0.038545,-2.400572700129099
0.03855,-1.1124212426745802e-13
0.038555000000000006,2.293764732782429
0.038560000000000004,3.532824371758557
0.038565,4.972052056035013
0.03857,3.1813174429483575
0.038575000000000005,-1.3641862556984296e-12
0.03858,-3.749740904979134
0.038585,-5.388486235941323
0.038590000000000006,-6.504093870209595
0.038595000000000004,-4.662180300836405
0.0386,4.673004738083317e-12
0.038605,5.145687841424156
0.038610000000000005,9.510832688783205
0.038615000000000003,9.843954084065736
0.03862,5.900852482708363
0.03862500000000001,-1.1002745616456237e-11
0.038630000000000005,-6.192510067569222
0.038635,-10.992537304063237
0.03864,-11.632005767944307
0.038645000000000006,-6.988015244030922
0.038650000000000004,4.617684563768904e-12
0.038655,7.366174400518445
0.03866,11.500819362908507
0.038665000000000005,11.579869330904197
0.03867,6.5871670476920965
0.038675,2.1183434398693563e-12
0.038680000000000006,-6.5435126275183775
0.038685000000000004,-9.634328898143023
0.03869,-9.445484451060958
0.038695,-5.313086343658199
0.038700000000000005,1.2037626114881798e-12
0.038705,4.413122584747904
0.03871,6.4314669513553016
0.038715000000000006,5.809148822092135
0.038720000000000004,2.8514066343165685
0.038725,-2.163410348581166e-12
0.03873,-2.9755477462633286
0.038735000000000006,-4.771468617482474
0.038740000000000004,-3.9030882549853123
0.038745,-1.9236673705327976
0.03875,-3.736109097392188e-13
0.038755000000000005,2.552470314245678
0.03876,3.7774479411290027
0.038765,3.7646572223702854
0.038770000000000006,2.5658446101141847
0.038775000000000004,-1.233443121820394e-12
0.03878,-2.878517794429778
0.038785,-5.182582656903873
0.038790000000000005,-6.066740941072277
0.038795,-4.550450849013784
0.0388,-3.031125872194424e-12
0.038805000000000006,4.740826979362783
0.038810000000000004,8.185945272079591
0.038815,9.870618909989641
0.03882,5.833430829144517
0.038825000000000005,-9.663678615908032e-12
0.03883,-6.561990079869334
0.038835,-11.10060116995522
0.038840000000000006,-10.700270520582023
0.038845000000000005,-6.980092111945304
0.03885,3.647826079365843e-12
0.038855,6.87985274596761
0.038860000000000006,10.713801053010748
0.038865000000000004,11.267414692559578
0.03887,6.536805182452318
0.038875,2.9013207350725404e-12
0.038880000000000005,-6.5058857214227706
0.038885,-9.59590697219749
0.03889,-9.149066129906968
0.038895000000000006,-5.294062805116855
0.038900000000000004,3.7515661210863225e-13
0.038905,4.6213500930816656
0.03891,6.531935765201748
0.038915000000000005,5.35903378093734
0.03892,3.263725954138763
0.038925,-2.205200555742947e-12
0.038930000000000006,-2.411300327176284
0.038935000000000004,-4.447109123946282
0.03894,-4.026875333811212
0.038945,-2.117881992231308
0.038950000000000005,3.2374963178291363e-12
0.038955000000000004,1.9376057937368114
0.03896,3.247662768566783
0.03896500000000001,3.8309537442071853
0.038970000000000005,3.2415834511045265
0.038975,-6.001144874720538e-13
0.03898,-3.602348347960187
0.038985000000000006,-5.218692945600764
0.038990000000000004,-6.676106090248786
0.038995,-4.367819620846533
0.039,-3.3360695748673422e-12
0.039005000000000005,5.260472850235825
0.03901,9.058894533978057
0.039015,9.715883957253123
0.039020000000000006,5.8869507418832026
0.039025000000000004,-8.866341886960707e-12
0.03903,-6.202344972993893
0.039035,-10.762018336250394
0.039040000000000005,-10.904969990050413
0.039045,-6.642336099880901
0.03905,2.6449774354695063e-12
0.039055000000000006,7.3902800081987365
0.039060000000000004,11.863490997732573
0.039065,11.108208634532211
0.03907,6.510848544427356
0.039075000000000006,-5.948433548195446e-12
0.039080000000000004,-6.063747482389957
0.039085,-8.67552893377015
0.03909,-9.43795077730271
0.039095000000000005,-5.502468747234823
0.0391,-2.6673215580003894e-13
0.039105,3.9528007795313016
0.039110000000000006,6.807042325559613
0.039115000000000004,6.460428497359243
0.03912,3.2620739009468913
0.039125,-1.75426007894303e-12
0.039130000000000005,-2.877400602543882
0.039135,-3.7610806749799703
0.03914,-3.9240461505945703
0.039145000000000006,-2.494355658277697
0.039150000000000004,2.094136564865791e-12
0.039155,2.273638336101565
0.03916,4.692088341980107
0.039165000000000005,4.88870359211586
0.03917,2.9434681634239297
0.039175,-2.1652570712916761e-13
0.039180000000000006,-3.557772445737758
0.039185000000000005,-5.931457089950806
0.03919,-6.853311569571256
0.039195,-4.216561430152249
0.039200000000000006,2.805837856833294e-12
0.039205000000000004,5.265365699131482
0.03921,8.425053533799085
0.039215,9.614009861101474
0.039220000000000005,6.141658394862328
0.039225,-7.901098470905304e-12
0.03923,-6.160277746086167
0.039235000000000006,-10.8638066204328
0.039240000000000004,-10.501609354409352
0.039245,-6.994945966452868
0.03925,1.5821006931311181e-12
0.039255000000000005,7.197575758858888
0.03926,11.961285407180492
0.039265,10.995924771956338
0.039270000000000006,6.259478236246567
0.039275000000000004,-4.755783804634392e-12
0.03928,-5.850001603110395
0.039285,-9.951731039701986
0.039290000000000005,-9.301895067684066
0.039295000000000004,-4.791350569405506
0.0393,-1.0576422538301875e-12
0.03930500000000001,4.766432446680413
0.039310000000000005,7.170677636291808
0.039315,6.075826263475302
0.03932,3.1092257201412443
0.039325000000000006,-9.148397484929103e-13
0.039330000000000004,-2.411135247224334
0.039335,-4.947108564207059
0.03934,-3.7773600275782253
0.039345000000000005,-2.192153221309569
0.03935,2.315252740185278e-12
0.039355,2.698643809120875
0.039360000000000006,3.5356956332151133
0.039365000000000004,3.6892132239867004
0.03937,2.4592303634765966
0.039375,2.099519402158055e-13
0.039380000000000005,-3.0192993122123464
0.039385,-5.640080338998066
0.03939,-6.137898967469963
0.039395000000000006,-3.9295606299919883
0.039400000000000004,2.280109440338191e-12
0.039405,5.262931874726433
0.03941,8.073535087043735
0.039415000000000006,9.825425930588013
0.039420000000000004,6.1220445074660335
0.039425,2.92322858840285e-12
0.03943,-6.657534971467274
0.039435000000000005,-10.3709840181589
0.03944,-10.98478500085206
0.039445,-7.185805412434765
0.039450000000000006,1.1494797786980282e-11
0.039455000000000004,6.923934350358352
0.03946,11.137618338321692
0.039465,10.734517617207365
0.039470000000000005,6.596272316280657
0.039475,-4.1392344619435e-12
0.03948,-6.225391995617736
0.039485000000000006,-9.880618125412138
0.039490000000000004,-9.189840408267198
0.039495,-5.269997592340766
0.0395,-1.8151238615327438e-12
0.039505000000000005,4.203531290948023
0.03951,5.762174131230245
0.039515,6.449255818484921
0.039520000000000007,3.3406093280727696
0.039525000000000005,-7.254953767664806e-13
0.03953,-2.5404655314179063
0.039535,-3.877252603136515
0.039540000000000006,-3.702800101409104
0.039545000000000004,-2.7387828499485196
0.03955,1.9633995095005127e-12
0.039555,2.400394631966294
0.039560000000000005,4.350548109040857
0.039565,4.3848573973848
0.03957,2.9083218046362074
0.039575000000000006,-4.498238487729948e-12
0.039580000000000004,-3.333572620444387
0.039585,-5.728163209663874
0.03959,-5.9401546757935195
0.039595000000000005,-4.150481451069172
0.0396,1.6783079433953798e-12
0.039605,5.479761835074786
0.039610000000000006,9.506808690502591
0.039615000000000004,8.75290129410232
0.03962,6.047610648033857
0.039625,4.249363638243406e-12
0.039630000000000006,-6.853697804887847
0.039635000000000004,-11.647851024227792
0.03964,-11.371895774707871
0.03964500000000001,-7.307842021783471
0.039650000000000005,1.095860729018096e-11
0.039655,7.038833600135243
0.03966,11.03344882545757
0.039665000000000006,10.433802825452034
0.039670000000000004,7.045844492563453
0.039675,-3.0147374239468758e-12
0.03968,-5.925637073485685
0.039685000000000005,-9.766159542211371
0.03969,-9.379938190972714
0.039695,-5.477867474314647
0.039700000000000006,5.185611776441796e-12
0.039705000000000004,4.110103746487394
0.03971,5.883540992084499
0.039715,6.126600946284308
0.039720000000000005,3.3716177314065985
0.039725,-2.0345446983078454e-13
0.03973,-2.95416188353453
0.039735000000000006,-3.554473329398975
0.039740000000000004,-3.705850224306687
0.039745,-2.289380904863027
0.03975,1.2527174351527895e-12
0.039755000000000006,2.531763789239267
0.039760000000000004,3.3085623765759413
0.039765,3.619092730978983
0.03977,3.102811097302217
0.039775000000000005,-3.604743732827695e-12
0.03978,-3.0609219410496533
0.039785,-5.573038171606516
0.039790000000000006,-6.923401081962442
0.039795000000000004,-4.207496485914616
0.0398,8.731219919763681e-13
0.039805,5.420684564834314
0.039810000000000005,8.847215698372644
0.039815,8.722031814753317
0.03982,5.617745662030453
0.039825000000000006,-4.8949954832905795e-12
0.039830000000000004,-6.94051756156216
0.039835,-10.99548554274951
0.03984,-11.534581516105643
0.039845000000000005,-6.855668494991004
0.039850000000000003,9.64123373523752e-12
0.039855,7.379752204916638
0.03986000000000001,11.684584406834487
0.039865000000000005,10.722409801490246
0.03987,6.283124606625074
0.039875,-2.22067152976124e-12
0.039880000000000006,-6.130936414061827
0.039885000000000004,-9.445358611369267
0.03989,-8.999025796596953
0.039895,-4.958392250656636
0.039900000000000005,4.084784017955547e-12
0.039905,4.616278286750529
0.03991,6.928407552175711
0.039915000000000006,5.722957611950155
0.039920000000000004,3.400245244103308
0.039925,2.5611941965424093e-13
0.03993,-2.406122010850229
0.039935000000000005,-4.629610259683433
0.03994,-4.0869234302119
0.039945,-2.503687162407559
0.039950000000000006,1.0097414164796066e-12
0.039955000000000004,2.7574535664216597
0.03996,4.368549186467449
0.039965,4.568254964248585
0.039970000000000006,2.585319028328143
0.039975000000000004,-2.8444431163533713e-12
0.03998,-3.053176280121076
0.03998500000000001,-5.8228820187550605
0.039990000000000005,-6.531915324702752
0.039995,-4.6022305757987265
