Tiempo (s),Amplitud
0.0,0.0
2e-05,2.08450758437236
4e-05,2.510569203456074
6.000000000000001e-05,2.0090026748169274
8e-05,1.7758996773160483
0.0001,-8.227739420509673e-16
0.00012000000000000002,-1.3434222230411499
0.00014000000000000001,-2.6990276484688307
0.00016,-3.4075666315774065
0.00018,-2.1898339198574432
0.0002,2.0274081042131837e-15
0.00022,2.154542174366066
0.00024000000000000003,3.538661722327417
0.00026000000000000003,2.266612486849834
0.00028000000000000003,1.311279749468148
0.00030000000000000003,-4.132100432114213e-15
0.00032,-2.1999132726436614
0.00034,-2.425887852014258
0.00036,-2.1356733405829376
0.00038,-2.213937760516176
0.0004,4.6716752966657495e-15
0.00042,2.005342435044692
0.00044,3.628254990747465
0.00046,2.197924198677001
0.00048000000000000007,1.56037572450665
0.0005,1.5973775194582898e-15
0.0005200000000000001,-1.4478224355564135
0.00054,-2.321361998441517
0.0005600000000000001,-2.8739277591311763
0.00058,-1.3476623123327742
0.0006000000000000001,8.101240041947864e-15
0.00062,1.6940536277603828
0.00064,2.6690496689762986
0.0006600000000000001,3.6510698359451728
0.00068,1.7996640900111331
0.0007000000000000001,-8.647828715539101e-15
0.00072,-1.4349923517580017
0.0007400000000000001,-3.4622839654291107
0.00076,-2.515975844694199
0.0007800000000000001,-1.3371315699866266
0.0008,9.417182898638727e-15
0.0008200000000000001,1.93892824094054
0.00084,2.957082674404215
0.0008600000000000001,3.608381752210647
0.00088,1.3759588909841998
0.0009000000000000001,-5.408490624507436e-15
0.00092,-1.650970090717293
0.0009400000000000001,-2.4117301433804013
0.0009600000000000001,-3.065708134151311
0.0009800000000000002,-2.0539778745889854
0.001,0.0
0.00102,3.5849879981079193
0.0010400000000000001,6.1358995544054995
0.0010600000000000002,5.130406043974582
0.00108,3.2968426651766536
0.0011,-2.1313410067805666e-15
0.0011200000000000001,-3.1132825134403874
0.0011400000000000002,-6.004436905272237
0.00116,-5.90251830719807
0.00118,-3.9728726832865022
0.0012000000000000001,4.3998517030169074e-15
0.0012200000000000002,3.534312722286611
0.00124,5.973428190380248
0.00126,5.720087704235819
0.00128,3.0159067769163204
0.0013000000000000002,-7.977235404504937e-15
0.0013200000000000002,-3.6912955735602218
0.00134,-5.17588293810891
0.00136,-5.50646626545124
0.0013800000000000002,-3.34086667759475
0.0014000000000000002,8.53444320818496e-15
0.00142,3.745427641757414
0.00144,6.428469863173716
0.0014600000000000001,5.317405453805777
0.0014800000000000002,3.1251742578562443
0.0015,4.199539465414778e-15
0.00152,-3.9948523298785545
0.0015400000000000001,-5.88212817494074
0.0015600000000000002,-6.1225978623811494
0.00158,-3.641013301085427
0.0016,1.8770295993880827e-14
0.0016200000000000001,3.1643711750496286
0.0016400000000000002,6.266793765635315
0.0016600000000000002,5.702515611190032
0.00168,3.9295260931792173
0.0017000000000000001,-1.4174135641840349e-14
0.0017200000000000002,-2.9982846075642082
0.0017400000000000002,-6.228047269352489
0.00176,-5.220702671103081
0.0017800000000000001,-3.6854189376163706
0.0018000000000000002,1.3460082397336818e-14
0.0018200000000000002,3.333713098491551
0.00184,5.196845544168299
0.00186,6.232802892132324
0.0018800000000000002,3.937761133234462
0.0019000000000000002,-1.3121546875003855e-14
0.0019200000000000003,-4.021486005679437
0.00194,-6.340244033822429
0.0019600000000000004,-5.179060379059942
0.00198,-3.6975669346935143
0.002,0.0
0.00202,1.4637892921494704
0.00204,3.52105570763634
0.00206,2.5251452489898236
0.0020800000000000003,2.072517541259392
0.0021000000000000003,-9.616211812822731e-16
0.0021200000000000004,-1.6552222243368626
0.00214,-2.7805902399134763
0.00216,-3.3636394659890807
0.00218,-2.1912255106423015
0.0022,2.238938879382812e-15
0.00222,1.2882460879610451
0.0022400000000000002,2.8318763452712554
0.0022600000000000003,3.1788640199423464
0.0022800000000000003,1.8531332052933152
0.0023000000000000004,-3.677383980182737e-15
0.00232,-1.6938353048419406
0.00234,-3.5259579515606996
0.00236,-3.5824463905524593
0.00238,-1.5622950404963185
0.0024000000000000002,4.691744240222674e-15
0.0024200000000000003,1.2451855486402974
0.0024400000000000003,3.1049305922009234
0.0024600000000000004,3.2167096201977574
0.00248,2.038930550955109
0.0025,1.9995034825006907e-15
0.00252,-1.2646963584080066
0.00254,-3.010484195420011
0.00256,-3.0426629574512574
0.0025800000000000003,-1.345044831158764
0.0026000000000000003,9.50320699032789e-15
0.0026200000000000004,1.667567978275077
0.0026400000000000004,2.5963812706330622
0.00266,3.5696622504879993
0.00268,1.4668040286552333
0.0027,-7.315219691532474e-15
0.00272,-1.4624577833449905
0.0027400000000000002,-2.03178423890928
0.0027600000000000003,-3.2676686129724533
0.0027800000000000004,-1.5007797373518086
0.0028000000000000004,7.0252505952729e-15
0.00282,1.3770811834160606
0.00284,2.0552493936335403
0.00286,3.3406411202689403
0.00288,1.8458187651410218
0.0029000000000000002,-5.610010709388677e-15
0.0029200000000000003,-2.1996442135813066
0.0029400000000000003,-2.203930580801184
0.0029600000000000004,-3.418956604933729
0.0029800000000000004,-1.5140564383884858
0.003,0.0
0.00302,3.4968698476493367
0.00304,6.444178895067282
0.0030600000000000002,5.846429586105004
0.0030800000000000003,3.294395391948805
0.0031000000000000003,-1.6434045631505233e-15
0.0031200000000000004,-3.992074340241979
0.0031400000000000004,-5.802485660004179
0.00316,-6.371073318132036
0.00318,-3.1023336343583847
0.0032,4.046707725897007e-15
0.00322,3.7841923914346816
0.0032400000000000003,5.886269814408813
0.0032600000000000003,6.123258784366748
0.0032800000000000004,3.36297580169354
0.0033000000000000004,-8.656825073428582e-15
0.0033200000000000005,-4.033147812574927
0.00334,-5.901330002870644
0.00336,-5.3872491873793384
0.00338,-3.8930385767839186
0.0034000000000000002,6.6407499889482714e-15
0.0034200000000000003,3.0347789102258447
0.0034400000000000003,5.158660185080147
0.0034600000000000004,6.212455362820648
0.0034800000000000005,3.9045122069172984
0.0035,3.4803428424092514e-15
0.00352,-3.017651336653387
0.00354,-5.134067669601045
0.0035600000000000002,-6.373200676608307
0.0035800000000000003,-3.1607345240385394
0.0036000000000000003,1.4910071598111848e-14
0.0036200000000000004,3.1407577676470004
0.0036400000000000004,6.260595682052518
0.0036600000000000005,5.576894444700085
0.00368,3.0228439386558223
0.0037,-1.4703195122166577e-14
0.00372,-3.8422308968075356
0.0037400000000000003,-5.0068404824939465
0.0037600000000000003,-5.595617362709201
0.0037800000000000004,-3.84217967072292
0.0038000000000000004,1.6844503760769307e-14
0.0038200000000000005,3.0282680330500207
0.0038400000000000005,5.293212082932906
0.00386,6.465120210275101
0.00388,3.1471366377452963
0.0039000000000000003,-1.3916236211854214e-14
0.003920000000000001,-3.4365530820885413
0.00394,-5.70401156407672
0.00396,-6.429414770820584
0.00398,-3.059593152860874
0.004,0.0
0.00402,1.8679192855011155
0.00404,2.790279249619862
0.00406,2.2525795143776675
0.00408,2.0724818402011502
0.0041,-9.149877753076267e-16
0.00412,-2.012955267566599
0.0041400000000000005,-3.7011908513626186
0.0041600000000000005,-2.057117646311598
0.0041800000000000006,-1.4005771345693387
0.004200000000000001,2.2282233659595435e-15
0.004220000000000001,2.275515102561365
0.004240000000000001,2.245962703103429
0.004260000000000001,2.673470470489927
0.00428,1.6322840579538946
0.0043,-3.330989072039951e-15
0.00432,-1.747834640794386
0.00434,-3.3051760134112955
0.00436,-2.279539786008323
0.00438,-2.1708328421376324
0.0044,3.876547437399604e-15
0.00442,1.6631740095575767
0.00444,2.9723379350771557
0.00446,2.1680988381754234
0.0044800000000000005,1.6186601255896478
0.0045000000000000005,2.1987506793844072e-15
0.004520000000000001,-2.04095118386724
0.004540000000000001,-2.3899398987041502
0.004560000000000001,-2.396239917659183
0.004580000000000001,-1.8937821620019788
0.004600000000000001,7.952664977507517e-15
0.00462,1.776077754176849
0.00464,2.2068603943516916
0.00466,3.0856032082272318
0.00468,1.3810131986594667
0.0047,-9.697940227293111e-15
0.00472,-1.7118180245439265
0.00474,-3.3554008236051116
0.00476,-3.4237719684397367
0.00478,-1.3418267684787812
0.0048000000000000004,9.191008012525585e-15
0.0048200000000000005,1.7591680037071376
0.0048400000000000006,2.3053314681719557
0.004860000000000001,2.2439447199239075
0.004880000000000001,2.024404535277173
0.004900000000000001,-6.804612696830952e-15
0.004920000000000001,-1.2795311772239857
0.004940000000000001,-3.471947566570521
0.00496,-2.8057808936028215
0.00498,-1.2560181893706293
0.005,0.0
0.00502,1.2662858473355305
0.00504,2.1313622110292356
0.00506,2.6597413822165326
0.00508,1.5338141680141695
0.0051,-1.1187997373707828e-15
0.00512,-1.5470070315764515
0.0051400000000000005,-3.5399632817044253
0.0051600000000000005,-3.1608387984204165
0.005180000000000001,-1.5629583176348534
0.005200000000000001,1.4758440320142411e-15
0.005220000000000001,1.730984231770568
0.005240000000000001,2.052770358085305
0.005260000000000001,3.158121843560312
0.005280000000000001,2.1147101033228113
0.0053,-4.224811913493064e-15
0.00532,-2.198320667655632
0.00534,-2.637806051166228
0.00536,-2.9545359509188835
0.00538,-1.928430553275387
0.0054,2.8155788204316368e-15
0.00542,1.5517619765658008
0.00544,2.3083485626090594
0.0054600000000000004,3.6777444222914135
0.0054800000000000005,2.1448238986370183
0.0055000000000000005,2.3768252248980978e-15
0.005520000000000001,-2.098030398708358
0.005540000000000001,-3.643708458161753
0.005560000000000001,-2.424319270138031
0.005580000000000001,-1.7346684534578236
0.005600000000000001,6.42322590196069e-15
0.005620000000000001,2.1353190008714513
0.00564,2.1173040401340337
0.00566,3.378807575833615
0.00568,1.4901529237110398
0.0057,-8.205979443727792e-15
0.00572,-2.1320203541357556
0.00574,-3.079855964907694
0.00576,-2.2388023084809188
0.00578,-1.7070157281741756
0.0058000000000000005,8.930904860724161e-15
0.0058200000000000005,2.279931273198303
0.005840000000000001,2.282086511635216
0.005860000000000001,3.5664204273597933
0.005880000000000001,1.7150479545343462
0.005900000000000001,-6.215017589972734e-15
0.005920000000000001,-2.028707678641634
0.005940000000000001,-2.7124308128070354
0.005960000000000001,-2.2391721908965505
0.00598,-2.02693152038825
0.006,0.0
0.00602,3.2844075398997536
0.00604,5.388683117830825
0.00606,5.708708600663323
0.00608,3.369554306727825
0.0061,-2.1373030703082857e-15
0.0061200000000000004,-3.8236694710282304
0.0061400000000000005,-5.701129550350387
0.0061600000000000005,-5.982492867979131
0.006180000000000001,-3.358930877503912
0.006200000000000001,3.487566752268758e-15
0.006220000000000001,3.8148280851716923
0.006240000000000001,5.58472189207659
0.006260000000000001,6.146986006365102
0.006280000000000001,3.2101225370747963
0.006300000000000001,-8.456857822394791e-15
0.00632,-3.067085498096178
0.00634,-5.290226573151918
0.00636,-6.405846389913606
0.00638,-3.9182840305175675
0.0064,8.054432320479949e-15
0.00642,3.4752021628576335
0.00644,5.148527561003214
0.0064600000000000005,5.726926518021192
0.0064800000000000005,3.912897648337297
0.006500000000000001,3.856054709689549e-15
0.006520000000000001,-3.5102207884001713
0.006540000000000001,-5.821144821817293
0.006560000000000001,-6.11516276611102
0.006580000000000001,-3.3142308868903743
0.006600000000000001,1.5574852796611297e-14
0.006620000000000001,3.539508600133944
0.006640000000000001,6.469621581127394
0.00666,5.442853506566624
0.00668,3.250770808196824
0.0067,-1.64515006856052e-14
0.00672,-3.6813974668957656
0.00674,-5.552406527065041
0.00676,-4.90653970830582
0.0067800000000000004,-4.023743808509996
0.0068000000000000005,1.6166426120016994e-14
0.0068200000000000005,3.923742906619784
0.006840000000000001,5.438298938032351
0.006860000000000001,5.122844484242444
0.006880000000000001,3.2591407066169444
0.006900000000000001,-1.5895652834472692e-14
0.006920000000000001,-3.016592115315221
0.006940000000000001,-5.688940077666053
0.006960000000000001,-5.321244807907268
0.006980000000000001,-3.4887459269532948
0.007,0.0
0.00702,1.409865616266249
0.00704,3.3876571420742985
0.00706,2.3386810808707907
0.00708,1.471101042507046
0.0071,-1.2346157586262428e-15
0.0071200000000000005,-1.6149485758306037
0.0071400000000000005,-2.8642506283261486
0.0071600000000000006,-2.1901849745575155
0.007180000000000001,-1.4495935790957932
0.007200000000000001,2.0242121443056736e-15
0.007220000000000001,1.8644347763394455
0.007240000000000001,2.2073649705157345
0.007260000000000001,3.2100949022402765
0.007280000000000001,2.175419929913126
0.007300000000000001,-4.46390430493138e-15
0.007320000000000001,-1.4716304130843452
0.00734,-3.668248613580844
0.00736,-3.532159929628918
0.00738,-2.205589674481398
0.0074,3.0019213550620023e-15
0.00742,1.5763622664800534
0.00744,3.6337388506008086
0.0074600000000000005,2.399477371399588
0.0074800000000000005,1.587094837388212
0.007500000000000001,1.609790070866587e-15
0.007520000000000001,-1.592050569744837
0.007540000000000001,-3.478069939312948
0.007560000000000001,-2.2092863364900066
0.007580000000000001,-2.229100836434488
0.007600000000000001,1.0539634268763377e-14
0.007620000000000001,2.0522454597365183
0.007640000000000001,2.6915830816837145
0.007660000000000001,2.38691082411559
0.007680000000000001,1.7831615864153505
0.0077,-6.686248253885033e-15
0.00772,-1.9091360068869778
0.00774,-3.258813177465425
0.00776,-3.7061765544528806
0.0077800000000000005,-1.737435841013297
0.0078000000000000005,7.676488253132049e-15
0.00782,1.5430108793891677
0.007840000000000001,3.273537128718936
0.00786,2.7703994635216347
0.00788,1.262677162063042
0.0079,-6.841025626187327e-15
0.00792,-1.9377271093027182
0.007940000000000001,-3.5616128412157213
0.00796,-3.3250308406528695
0.007980000000000001,-1.2423978895615255
0.008,0.0
0.008020000000000001,1.2881978719852099
0.00804,3.225116322589059
0.008060000000000001,2.529972220114569
0.00808,1.445030442804262
0.008100000000000001,-7.23273072834821e-16
0.00812,-1.9666700432028559
0.008140000000000001,-3.029380854905959
0.00816,-2.4355505081095616
0.008180000000000002,-1.6685194477987197
0.0082,2.1180729231771207e-15
0.00822,2.159133806221804
0.00824,3.504158542869914
0.00826,3.081166976023568
0.008280000000000001,1.6489862023718742
0.0083,-3.847054768817884e-15
0.008320000000000001,-1.805132452745698
0.00834,-3.4751086119076438
0.008360000000000001,-2.307555336765304
0.00838,-1.6694534010719035
0.008400000000000001,4.498978269549713e-15
0.00842,1.318848059899547
0.008440000000000001,2.630214427146527
0.00846,3.2715582826683196
0.008480000000000001,1.8984604484045309
0.0085,2.0860843407524204e-15
0.008520000000000002,-2.2045045148198956
0.00854,-3.550904864984402
0.00856,-3.6766168178068694
0.00858,-1.4065584653568866
0.0086,6.6270274121345854e-15
0.008620000000000001,1.8240693341823049
0.00864,3.490820074413416
0.008660000000000001,2.6679741263838457
0.00868,2.0584929180700606
0.008700000000000001,-7.914873655444856e-15
0.00872,-1.7997959079726673
0.008740000000000001,-2.4116831176491433
0.00876,-2.4828028534113504
0.008780000000000001,-1.4444739103734416
0.0088,9.296424321227869e-15
0.008820000000000001,1.5285046951474297
0.00884,2.911866983119995
0.008860000000000002,2.8095677980138247
0.00888,2.130314606394218
0.0089,-9.420405436381418e-15
0.00892,-1.8439123512660889
0.00894,-3.1010595049847343
0.008960000000000001,-2.4999750361337396
0.00898,-1.913440337054202
0.009000000000000001,0.0
0.00902,3.518138910887334
0.009040000000000001,6.37012430491425
0.00906,5.322848705191965
0.009080000000000001,3.067570011243376
0.0091,-1.8548339946228747e-15
0.009120000000000001,-3.4261106791686027
0.00914,-5.353716191179058
0.009160000000000001,-5.194291862335936
0.00918,-3.9367731539303543
0.009200000000000002,4.1217859680791065e-15
0.00922,3.8285072875181534
0.00924,6.208911736236202
0.009260000000000001,6.330838147378323
0.00928,3.81282183819256
0.009300000000000001,-8.163332135111762e-15
0.00932,-3.501474605083132
0.009340000000000001,-5.590866907893842
0.00936,-5.09753018496859
0.009380000000000001,-3.1601523905070077
0.0094,6.842990462600304e-15
0.009420000000000001,3.1802191655778116
0.00944,6.205601751170633
0.009460000000000001,4.868483601703744
0.00948,3.59728090304844
0.009500000000000001,4.0949684443272885e-15
0.00952,-3.442883787147215
0.009540000000000002,-6.550878824607626
0.00956,-5.531550244986136
0.00958,-2.9982659624539556
0.009600000000000001,1.5915794083254335e-14
0.00962,3.4609722841547916
0.009640000000000001,5.567369051007029
0.00966,5.621283435881601
0.009680000000000001,3.52070316687855
0.0097,-1.6787410919066537e-14
0.009720000000000001,-3.483960782923461
0.00974,-5.604747991945508
0.009760000000000001,-4.870145750094319
0.00978,-3.414847096856521
0.009800000000000001,1.4555182149591494e-14
0.00982,3.308564908704742
0.009840000000000002,6.291679029427735
0.00986,4.994834970726421
0.009880000000000002,3.252184331785972
0.0099,-1.5862559137799057e-14
0.00992,-3.1408999122523937
0.009940000000000001,-6.0744726759136976
0.00996,-6.060799257027705
0.009980000000000001,-3.019513900571334
0.01,0.0
0.010020000000000001,3.895441146423297
0.01004,5.416245585016233
0.010060000000000001,6.44055207431124
0.01008,3.5513699107851275
0.010100000000000001,-2.0945920812117393e-15
0.01012,-3.632513280700779
0.010140000000000001,-6.250776084125927
0.01016,-6.415945417583565
0.010180000000000002,-3.6957725536019685
0.0102,3.771444173930084e-15
0.010220000000000002,3.3595551658249057
0.01024,5.256542235643414
0.01026,5.9090921003001595
0.010280000000000001,3.352005920901488
0.0103,-8.586991807179663e-15
0.010320000000000001,-3.5538870792844377
0.01034,-5.598237958706137
0.010360000000000001,-5.494511162532013
0.01038,-3.200424277115366
0.010400000000000001,7.704975083421776e-15
0.01042,3.557914044335195
0.010440000000000001,5.898177189126873
0.01046,6.042389646248182
0.010480000000000001,3.313520505104438
0.0105,3.1669699467770377e-15
0.010520000000000002,-3.095414687928122
0.01054,-4.85967507667029
0.010560000000000002,-4.914758778583157
0.01058,-3.7841877570726945
0.0106,1.7231049296110102e-14
0.010620000000000001,3.6493710500805436
0.01064,5.924507660278785
0.010660000000000001,5.730557239308848
0.01068,3.8008338387172147
0.010700000000000001,-1.853392149816442e-14
0.01072,-3.95749458738712
0.010740000000000001,-5.932377487335916
0.01076,-5.5270466443063375
0.010780000000000001,-3.597621504037908
0.0108,1.6849493207880085e-14
0.010820000000000001,3.4175296485421383
0.01084,5.903239869364267
0.010860000000000002,6.394320947610679
0.01088,3.0836837528359773
0.010900000000000002,-1.2569483511539803e-14
0.010920000000000001,-3.3496548992521187
0.01094,-6.440506167596086
0.010960000000000001,-5.402017943514032
0.01098,-3.099003926858279
0.011000000000000001,0.0
0.01102,1.7435054484849146
0.011040000000000001,2.595368942837959
0.01106,2.718220554381858
0.011080000000000001,1.3701422248015716
0.0111,-1.1463920360452741e-15
0.011120000000000001,-1.3300711886365881
0.01114,-3.6196192434516115
0.011160000000000002,-2.7740841711726167
0.01118,-2.0704033637115584
0.011200000000000002,1.7252419306143318e-15
0.01122,1.6414702445267766
0.011240000000000002,3.707231828036154
0.011260000000000001,2.166992974430252
0.01128,2.2614790709823005
0.011300000000000001,-5.0165325979860206e-15
0.01132,-1.7089867213797307
0.011340000000000001,-2.7752865189786586
0.01136,-2.110793243437772
0.011380000000000001,-2.1341702276267034
0.0114,3.1773231365765404e-15
0.011420000000000001,1.7844359850950042
0.01144,2.7652186463919195
0.011460000000000001,2.714811144961388
0.01148,1.5944406467157548
0.011500000000000002,1.800994336264062e-15
0.01152,-1.4825177654930493
0.011540000000000002,-2.6588355425981667
0.01156,-3.062873276065186
0.011580000000000002,-1.25476128102592
0.011600000000000001,9.39038588395741e-15
0.01162,1.4559381634306219
0.011640000000000001,3.364564103140386
0.01166,2.327709720645227
0.011680000000000001,1.9064125155316765
0.0117,-9.44284104079674e-15
0.011720000000000001,-1.43758541728884
0.01174,-3.4782370134302703
0.011760000000000001,-2.2686371398797287
0.01178,-1.9273411620141438
0.011800000000000001,7.927826987156675e-15
0.01182,1.641815637436996
0.011840000000000002,3.1960896935516767
0.01186,2.118100197047746
0.011880000000000002,2.2810676716719387
0.0119,-7.173673315935264e-15
0.011920000000000002,-2.184157052747933
0.011940000000000001,-3.1069382538404042
0.01196,-2.181893529421505
0.011980000000000001,-1.2698646463823433
0.012,0.0
0.012020000000000001,2.2462939244143856
0.01204,2.947169399438903
0.012060000000000001,3.2690831550825754
0.01208,2.0221962195395897
0.012100000000000001,-1.1621628643197e-15
0.01212,-1.2677649310607397
0.012140000000000001,-2.176736197795638
0.01216,-3.0275068334357154
0.012180000000000002,-1.8466850457123687
0.0122,1.6073374388759985e-15
0.012220000000000002,2.076250612761946
0.012240000000000001,3.135824702101372
0.012260000000000002,2.196968935320816
0.012280000000000001,2.145735780103838
0.0123,-4.092641430469766e-15
0.012320000000000001,-1.382858299854009
0.01234,-2.0399170241559235
0.012360000000000001,-2.991591625364388
0.01238,-2.211869620065134
0.012400000000000001,3.2281547137864047e-15
0.01242,2.200078782701329
0.012440000000000001,3.1210004167243763
0.01246,3.325558682074682
0.012480000000000002,1.3493955327408875
0.0125,2.0190457369772052e-15
0.012520000000000002,-2.1042957297769926
0.01254,-3.2175978265892833
0.012560000000000002,-2.1099315328016277
0.012580000000000001,-1.2821311719193722
0.012600000000000002,8.438006572448221e-15
0.012620000000000001,1.559418562252819
0.01264,3.5729943407148204
0.012660000000000001,3.257782959065684
0.01268,2.085151637576054
0.012700000000000001,-7.564275951830279e-15
0.01272,-1.6923427123978985
0.012740000000000001,-2.709805119801238
0.01276,-3.2732105982115494
0.012780000000000001,-1.773273752564023
0.0128,9.858006414491194e-15
0.012820000000000002,1.3506928605800688
0.01284,3.5105105310423177
0.012860000000000002,2.5184399252139364
0.01288,2.0373993955531238
0.012900000000000002,-6.698889329511776e-15
0.012920000000000001,-2.0463749387559727
0.012940000000000002,-3.645560971273115
0.012960000000000001,-3.100261175894399
0.01298,-1.7263574787064033
0.013000000000000001,0.0
0.01302,2.2233919182965045
0.013040000000000001,2.523678742337518
0.01306,2.9882980069736593
0.013080000000000001,1.3590130240786564
0.0131,-9.412128599476307e-16
0.013120000000000001,-1.9173673823586295
0.01314,-2.271974584943305
0.013160000000000002,-3.1959799286000115
0.01318,-2.1968939626610955
0.013200000000000002,1.8909936743650085e-15
0.01322,1.58623032514101
0.013240000000000002,3.013928947597726
0.013260000000000001,3.396672174686103
0.013280000000000002,1.4357985314510362
0.013300000000000001,-4.2157223369944236e-15
0.01332,-1.6409669752549911
0.013340000000000001,-3.312946524340103
0.01336,-3.5935938961919613
0.013380000000000001,-1.4955763408959157
0.0134,4.189246931105507e-15
0.013420000000000001,2.093531680237259
0.01344,3.42525268807653
0.013460000000000001,2.24394039462679
0.01348,1.6233724438269004
0.013500000000000002,2.3243315788119346e-15
0.01352,-2.1178524845889926
0.013540000000000002,-2.9997292097096313
0.013560000000000001,-2.6521546451554707
0.013580000000000002,-2.1240592904679776
0.013600000000000001,7.509498337023747e-15
0.013620000000000002,2.292290870073904
0.013640000000000001,3.3134028185710602
0.01366,2.8314759326301
0.013680000000000001,2.1384601398439735
0.0137,-6.392298016013509e-15
0.013720000000000001,-1.5287881354993067
0.01374,-3.035011147528745
0.013760000000000001,-3.0052255267144927
0.01378,-2.107581314806402
0.013800000000000002,9.713376731525016e-15
0.01382,1.5026464921243492
0.013840000000000002,2.2388421358274084
0.01386,2.5274507778000954
0.013880000000000002,2.106264901846354
0.013900000000000001,-8.706115283963974e-15
0.013920000000000002,-2.274732429200384
0.013940000000000001,-2.6359404379130766
0.013960000000000002,-3.6997890637974087
0.013980000000000001,-2.097111297008997
0.014,0.0
0.014020000000000001,1.6712550685841119
0.01404,3.4261698395854547
0.014060000000000001,2.389801446168065
0.01408,1.728241282401475
0.014100000000000001,-9.613364896118907e-16
0.01412,-2.235488348257655
0.014140000000000002,-2.048633452824552
0.01416,-2.1971027600799062
0.014180000000000002,-2.284524788402319
0.0142,1.4214008812540307e-15
0.014220000000000002,1.5047034984493892
0.014240000000000001,2.302672680764453
0.014260000000000002,2.349179876346107
0.014280000000000001,1.5758755416770438
0.014300000000000002,-4.736424728047789e-15
0.014320000000000001,-1.9522592721467442
0.01434,-3.0638709341852794
0.014360000000000001,-3.2977103877059455
0.01438,-1.973969406138742
0.014400000000000001,2.7384447382407707e-15
0.01442,1.5440002524636787
0.014440000000000001,3.2369842501986366
0.01446,2.6096839392783564
0.014480000000000002,1.3435016582422319
0.0145,1.9467641826130743e-15
0.014520000000000002,-2.040803226807551
0.01454,-3.3924893615718372
0.014560000000000002,-2.711971807772475
0.014580000000000001,-1.8405715626226713
0.014600000000000002,8.474484780865039e-15
0.014620000000000001,1.955552823648289
0.014640000000000002,2.5376029288046236
0.014660000000000001,2.1649300592951017
0.01468,2.1531457113075785
0.014700000000000001,-5.742555535117616e-15
0.01472,-1.58792197335174
0.014740000000000001,-2.7378537308460698
0.01476,-2.182737545600429
0.014780000000000001,-1.5292950625798536
0.0148,8.816355465092694e-15
0.014820000000000002,1.9748077711887335
0.01484,2.3973787646172084
0.014860000000000002,2.461683004341141
0.01488,1.8559170952966784
0.014900000000000002,-9.055951767851218e-15
0.014920000000000001,-2.108798351847055
0.014940000000000002,-2.783296508675916
0.014960000000000001,-3.4526982456063933
0.014980000000000002,-2.021441270079896
0.015000000000000001,0.0
0.01502,3.715528260611647
0.015040000000000001,6.255750476297854
0.01506,6.208932365623183
0.015080000000000001,3.4774595185656945
0.0151,-1.668656858011252e-15
0.015120000000000001,-3.5069207253473986
0.01514,-5.365935209013468
0.015160000000000002,-5.43995428292242
0.01518,-3.5411673433855193
0.015200000000000002,3.7580018450901806e-15
0.015220000000000001,3.8490554537608244
0.015240000000000002,5.33025869067558
0.015260000000000001,5.049172991783276
0.015280000000000002,3.0745542293569508
0.015300000000000001,-8.611468591762473e-15
0.015320000000000002,-3.0681347720316436
0.015340000000000001,-5.731025571816225
0.015360000000000002,-5.900546076775139
0.015380000000000001,-4.054236498778074
0.0154,7.256413423199078e-15
0.015420000000000001,3.634444906838802
0.01544,5.8023299308259855
0.015460000000000002,6.140617247407621
0.01548,3.788401631559281
0.015500000000000002,3.5073766277542475e-15
0.01552,-3.077197097551701
0.015540000000000002,-5.200202148536106
0.015560000000000001,-5.137704339406719
0.015580000000000002,-3.4655058447860627
0.015600000000000001,1.4458313418923782e-14
0.015620000000000002,3.470048505124458
0.01564,5.954893339541725
0.01566,5.761595111454556
0.015680000000000003,3.956979848536192
0.015700000000000002,-1.565648851143848e-14
0.01572,-3.2699673005287204
0.01574,-5.389040684816958
0.01576,-5.428926401719729
0.015780000000000002,-4.0198387350332325
0.0158,1.6429679176932133e-14
0.01582,3.7129372021643
0.01584,6.131694265231862
0.015860000000000003,6.511571429355031
0.015880000000000002,3.9039781336170507
0.0159,-1.3295700353319323e-14
0.01592,-3.767287498921427
0.015940000000000003,-5.818780556699602
0.015960000000000002,-6.322709054120011
0.01598,-3.344619108561602
0.016,0.0
0.016020000000000003,1.2512908501617441
0.016040000000000002,2.3321104582550585
0.01606,2.1630533391504305
0.01608,1.607755727833158
0.0161,-1.1083849240219809e-15
0.016120000000000002,-1.3540178434173302
0.01614,-2.4458902030164174
0.01616,-3.5641545508108807
0.01618,-1.2806876848755337
0.016200000000000003,1.5365434043394598e-15
0.016220000000000002,1.4232405007167244
0.01624,2.544342875341247
0.01626,3.008015883719843
0.016280000000000003,1.2993085717553041
0.016300000000000002,-4.011100508310166e-15
0.01632,-2.1238463855097143
0.01634,-2.6073750414843935
0.016360000000000003,-2.8155778716588262
0.016380000000000002,-2.165266376613367
0.0164,3.555192327281186e-15
0.01642,1.9867856419185783
0.01644,3.167294661090161
0.016460000000000002,2.209643097772499
0.01648,1.9801991863408759
0.0165,1.7862276533829853e-15
0.01652,-1.3418404906168628
0.016540000000000003,-2.6193885915904196
0.016560000000000002,-2.0400680330228673
0.01658,-1.663357710958424
0.0166,5.949284947298533e-15
0.016620000000000003,1.7371476970556519
0.016640000000000002,2.793895577189867
0.01666,2.4066682139398714
0.01668,1.4342099731028577
0.016700000000000003,-6.02919703215207e-15
0.016720000000000002,-1.288803527594207
0.01674,-3.6936087057901816
0.01676,-3.5348478856611005
0.01678,-1.6153891878071425
0.016800000000000002,9.313159344941123e-15
0.01682,1.6841711762970268
0.01684,2.075791607091616
0.01686,3.4309153305177484
0.016880000000000003,1.6453634266418662
0.016900000000000002,-7.0501874727013894e-15
0.01692,-1.7603047526594073
0.01694,-2.5020197932671406
0.016960000000000003,-3.3555463927287748
0.016980000000000002,-2.0615466644818508
0.017,0.0
0.01702,3.3134928005035316
0.017040000000000003,6.271372689258166
0.017060000000000002,5.442982724251406
0.01708,3.779927333531987
0.0171,-2.096285309395562e-15
0.01712,-3.9645502242901927
0.017140000000000002,-5.221381876863239
0.01716,-5.285595437154614
0.01718,-3.806330482177904
0.0172,3.765705401048334e-15
0.017220000000000003,3.321431090839327
0.017240000000000002,6.302507369410396
0.01726,6.3020488577564615
0.01728,3.3996992414057585
0.017300000000000003,-8.533276280096622e-15
0.017320000000000002,-3.7189947795691465
0.01734,-5.545334843809163
0.01736,-5.010164638899214
0.017380000000000003,-3.4272191641383545
0.017400000000000002,7.460187059895989e-15
0.01742,3.412314146509574
0.01744,5.609738650864867
0.01746,4.923653764943435
0.017480000000000002,4.005014254786578
0.0175,3.9115836456803204e-15
0.01752,-3.4754899869931934
0.01754,-5.0209805564450125
0.017560000000000003,-5.897319519823298
0.017580000000000002,-3.567497667320238
0.0176,1.4770605519230673e-14
0.01762,3.1342939363004705
0.017640000000000003,5.874085193650074
0.017660000000000002,5.9429771597004555
0.01768,4.03773546721772
0.0177,-1.8463406741102543e-14
0.017720000000000003,-3.953068834720713
0.017740000000000002,-6.328838902341932
0.01776,-6.383052965410358
0.01778,-3.6718816501637983
0.0178,1.6210881387765683e-14
0.017820000000000003,3.351540012771657
0.01784,5.931115077478716
0.01786,5.137039401527793
0.01788,3.6823911503716364
0.017900000000000003,-1.4109642460549931e-14
0.017920000000000002,-3.0245352391552514
0.01794,-4.880367529028033
0.01796,-6.262292515523562
0.017980000000000003,-3.8418294121632224
0.018000000000000002,0.0
0.01802,3.9348482693874236
0.01804,5.907458241229367
0.018060000000000003,6.148667887715417
0.018080000000000002,3.5290022356078112
0.0181,-2.027651704593289e-15
0.01812,-3.1116883541175926
0.01814,-5.829522263276704
0.018160000000000003,-5.667587414783582
0.01818,-3.6195176901809574
0.0182,3.8121724399193864e-15
0.01822,3.3386838910597083
0.018240000000000003,6.331552455228467
0.018260000000000002,5.410325145399798
0.01828,4.002284887507954
0.0183,-7.308043858814772e-15
0.018320000000000003,-3.180076003824889
0.018340000000000002,-6.329284766529009
0.01836,-5.950977227344881
0.01838,-2.998239365657173
0.018400000000000003,8.7729363747266e-15
0.018420000000000002,3.681243167529035
0.01844,6.36666471147467
0.01846,6.155333573643882
0.01848,3.846521184996011
0.018500000000000003,3.3659232033649736e-15
0.018520000000000002,-3.451157281718499
0.01854,-6.11436153201424
0.01856,-5.087270516687374
0.018580000000000003,-3.375306306479111
0.018600000000000002,1.622456597942727e-14
0.01862,3.4123599600241925
0.01864,5.378691740091202
0.018660000000000003,5.662746151447711
0.018680000000000002,3.966018249243174
0.0187,-1.4178042753108181e-14
0.01872,-3.6521959249229106
0.018740000000000003,-6.490339291654323
0.018760000000000002,-6.309810645919739
0.01878,-3.173940331663006
0.0188,1.3997587803907865e-14
0.01882,3.8372141680436016
0.018840000000000003,6.482347120980093
0.018860000000000002,6.26264099832869
0.01888,3.4193181945028526
0.0189,-1.5838422228983673e-14
0.018920000000000003,-3.2443692587662305
0.018940000000000002,-6.268784280406227
0.01896,-6.090626806480628
0.01898,-3.946408634457883
0.019000000000000003,0.0
0.019020000000000002,3.1987138304205818
0.01904,5.474896887489101
0.01906,5.425398159078673
0.019080000000000003,3.8047385121680692
0.019100000000000002,-1.974719405338829e-15
0.01912,-3.608422914940462
0.01914,-6.382245992544573
0.01916,-5.139038264851013
0.019180000000000003,-3.1177594719181667
0.019200000000000002,3.76399320589508e-15
0.01922,3.6007115223341946
0.01924,6.046695098908089
0.019260000000000003,6.083361490598525
0.019280000000000002,3.7187366878285957
0.0193,-7.750107779442281e-15
0.01932,-3.0669971957721978
0.019340000000000003,-5.092926427257892
0.019360000000000002,-4.87971956299575
0.01938,-3.875981542208299
0.0194,7.577067806932445e-15
0.019420000000000003,3.634997475091962
0.019440000000000002,5.623447565780971
0.01946,4.889085970002763
0.01948,3.3463007250393586
0.0195,3.4928799838930965e-15
0.019520000000000003,-3.704646506339698
0.019540000000000002,-5.669869067305015
0.01956,-6.526835611532139
0.01958,-3.858577762952391
0.019600000000000003,1.4459839504819223e-14
0.019620000000000002,3.5904814375291503
0.01964,5.426413284611808
0.01966,6.230952107308933
0.019680000000000003,4.038417648001565
0.019700000000000002,-1.7150121330969535e-14
0.01972,-3.6849381810333144
0.01974,-5.932229154377427
0.019760000000000003,-6.441037515267672
0.019780000000000002,-3.418584316151038
0.0198,1.3285505019219876e-14
0.01982,3.9412857781900774
0.01984,5.859535147907776
0.019860000000000003,5.259183939617359
0.019880000000000002,3.7888511577898005
0.0199,-1.6016427017198825e-14
0.01992,-3.2137897870831913
0.019940000000000003,-5.662758891385253
0.019960000000000002,-5.083055343628627
0.01998,-3.525614030213757
0.02,0.0
0.020020000000000003,1.3609147190547928
0.020040000000000002,2.35902423308848
0.02006,3.324142005367323
0.02008,1.2859678243389672
0.020100000000000003,-1.2117230231918621e-15
0.020120000000000002,-1.9736707197568188
0.02014,-2.091276244666399
0.02016,-2.1720507836255005
0.02018,-1.2646919271834771
0.020200000000000003,2.0038889060028987e-15
0.020220000000000002,1.5825404292506422
0.02024,2.6412950792346743
0.02026,2.134017063601134
0.020280000000000003,1.5713203118308972
0.020300000000000002,-4.7142988717044e-15
0.02032,-2.2747381957336072
0.02034,-3.4214634510459683
0.020360000000000003,-2.2981174341903925
0.020380000000000002,-1.496898784635893
0.0204,3.808158337242869e-15
0.02042,1.7429478139176933
0.020440000000000003,3.6341443868499343
0.020460000000000002,3.076908376350368
0.02048,1.4193406457350393
0.0205,2.383188178501658e-15
0.02052,-2.143234189008462
0.020540000000000003,-2.305157053729368
0.020560000000000002,-2.915889445880317
0.02058,-1.6747855930306224
0.0206,1.05987890872769e-14
0.020620000000000003,2.0231777006871345
0.020640000000000002,3.3548148596396525
0.02066,2.6202209041143187
0.02068,1.2861962719785882
0.020700000000000003,-9.037632177528165e-15
0.020720000000000002,-1.4382924764604552
0.02074,-3.6631662076039544
0.02076,-3.488040240703853
0.020780000000000003,-1.257380941348463
0.020800000000000003,1.0031801590921124e-14
0.02082,1.3056369266029357
0.02084,2.169740444432488
0.02086,2.275876190100086
0.020880000000000003,1.5784752898694967
0.020900000000000002,-8.755571709923511e-15
0.02092,-2.2695050422802843
0.02094,-3.236222714318259
0.020960000000000003,-2.16952867634376
0.020980000000000002,-1.5293123765361665
0.021,0.0
0.02102,3.858999234161246
0.021040000000000003,6.142201917918149
0.021060000000000002,5.825343023708149
0.02108,3.00322498288313
0.0211,-2.0035675079217274e-15
0.021120000000000003,-3.6897642017480994
0.021140000000000003,-5.319998528182394
0.02116,-6.546394624233382
0.02118,-4.019049798424715
0.0212,4.074409486807887e-15
0.021220000000000003,3.661356613003272
0.021240000000000002,6.40658169186061
0.02126,6.150052653146488
0.02128,3.757470040256476
0.021300000000000003,-8.591296893373691e-15
0.021320000000000002,-3.422271717858682
0.02134,-5.753284319296088
0.02136,-6.019032413288633
0.021380000000000003,-3.4418282128638853
0.021400000000000002,8.476367732232878e-15
0.02142,4.018442149097786
0.02144,5.935761103893024
0.021460000000000003,4.9052817078171715
0.021480000000000003,3.7446723506638775
0.021500000000000002,3.4910531224049857e-15
0.02152,-3.215581264625919
0.02154,-4.943460488333557
0.021560000000000003,-6.386502090827306
0.021580000000000002,-3.613082323787087
0.0216,1.6380473460580376e-14
0.02162,3.2317092857950582
0.021640000000000003,5.504139377251359
0.021660000000000002,5.971135699226488
0.02168,3.5866601098674735
0.0217,-1.841810075250187e-14
0.021720000000000003,-3.6098949974262116
0.021740000000000002,-6.487597446621965
0.02176,-6.478626902838231
0.02178,-3.3918539422935092
0.021800000000000003,1.6725899964800993e-14
0.021820000000000003,3.5737510229636107
0.021840000000000002,5.9239257648195025
0.02186,4.94153418712539
0.02188,3.6364165432023383
0.021900000000000003,-1.554388027765484e-14
0.021920000000000002,-3.41121505324805
0.02194,-5.981157627022441
0.02196,-6.313685356198682
0.021980000000000003,-3.1233545930175337
0.022000000000000002,0.0
0.02202,2.2234056323075935
0.02204,2.5275062085108977
0.022060000000000003,2.6730936179096885
0.022080000000000002,1.4748587538303937
0.0221,-7.728507417270065e-16
0.02212,-1.3943190407711052
0.022140000000000003,-2.5232152833994266
0.022160000000000003,-3.663499492233648
0.022180000000000002,-2.1087723981544175
0.0222,1.6468900752363092e-15
0.02222,2.241569607037597
0.022240000000000003,2.5015564695877406
0.022260000000000002,2.2083073511654754
0.02228,1.6254185081146746
0.0223,-5.410584698316012e-15
0.022320000000000003,-2.2648705692328024
0.022340000000000002,-2.6042509840336217
0.02236,-3.698458934198034
0.02238,-1.7029207885105935
0.022400000000000003,2.9678902823222118e-15
0.022420000000000002,1.923472038522302
0.02244,2.632865794384319
0.02246,2.5164315727991498
0.022480000000000003,1.4928344142343017
0.022500000000000003,1.488533631970401e-15
0.022520000000000002,-1.8428131527607499
0.02254,-2.239347257828483
0.02256,-3.0716170923545127
0.022580000000000003,-1.8877893380416368
0.022600000000000002,1.0612578423913625e-14
0.02262,2.2775473117895824
0.02264,2.0114396731336566
0.022660000000000003,2.742236196058964
0.022680000000000002,2.2537093063107334
0.0227,-9.60933424136461e-15
0.02272,-1.7301908105471802
0.022740000000000003,-2.2255564074295457
0.022760000000000002,-2.3676297023028234
0.02278,-2.0040807512819003
0.0228,6.08689319291001e-15
0.022820000000000003,1.3926285656959976
0.022840000000000003,2.517423118121433
0.022860000000000002,3.5984929898403455
0.02288,1.450738564029477
0.0229,-5.796026797798607e-15
0.022920000000000003,-2.102635018881521
0.022940000000000002,-3.2468308612069796
0.02296,-2.74614786528367
0.02298,-2.1836590424455444
0.023000000000000003,0.0
0.023020000000000002,1.810929552752678
0.02304,2.840783499658046
0.02306,3.0005116144047235
0.023080000000000003,2.0124227007135036
0.023100000000000002,-9.562209400061078e-16
0.02312,-1.9252074172205529
0.02314,-2.9790930682117414
0.023160000000000004,-2.762992571452255
0.023180000000000003,-1.6514239589194541
0.023200000000000002,1.6610650165981185e-15
0.02322,2.2295310074456647
0.02324,2.5715804798758812
0.023260000000000003,2.924867557840102
0.023280000000000002,1.8835600539551853
0.0233,-3.4079447928679116e-15
0.02332,-1.5706776268086966
0.023340000000000003,-3.7007062341971184
0.023360000000000002,-2.101735350249999
0.02338,-1.511841946579434
0.0234,4.649087723494985e-15
0.023420000000000003,1.8855578428213804
0.023440000000000003,2.953414358016478
0.02346,2.961331032153678
0.02348,1.365466147990671
0.023500000000000004,1.7111649235260754e-15
0.023520000000000003,-2.0427196153163663
0.023540000000000002,-3.57880242840272
0.02356,-2.8168816620482175
0.02358,-1.8510331411673278
0.023600000000000003,7.04869190466919e-15
0.023620000000000002,1.8666927878497614
0.02364,2.472306810183365
0.02366,2.853101552399945
0.023680000000000003,1.4279691358228983
0.023700000000000002,-5.689351773088326e-15
0.02372,-1.616883420434463
0.02374,-2.0930846917174724
0.023760000000000003,-3.4440962744188512
0.023780000000000003,-1.812602763259153
0.0238,8.758795392662072e-15
0.02382,1.6918824640627892
0.023840000000000004,3.1993255832826657
0.023860000000000003,2.100114874005516
0.023880000000000002,1.3129148884390829
0.0239,-6.351663280476735e-15
0.02392,-1.4830606604757195
0.023940000000000003,-2.9540859598938973
0.023960000000000002,-3.692421955675865
0.02398,-1.3915793588280545
0.024,0.0
0.024020000000000003,2.1779402971572637
0.024040000000000002,2.9818884822795146
0.02406,2.4330065641258636
0.02408,2.231001042771048
0.024100000000000003,-8.68608653305085e-16
0.024120000000000003,-1.3309163843408982
0.02414,-2.0232140290447513
0.02416,-2.086866490100795
0.024180000000000004,-1.9603686145768602
0.024200000000000003,2.28855480011355e-15
0.024220000000000002,1.89811218692658
0.02424,2.3087184334416793
0.02426,2.159939153866711
0.024280000000000003,2.0785077746269094
0.024300000000000002,-4.242600444621035e-15
0.02432,-1.6048135620064434
0.02434,-3.016906654383102
0.024360000000000003,-2.0566716600175874
0.024380000000000002,-1.7647629859500118
0.0244,3.898187345075293e-15
0.02442,1.9592387951976844
0.024440000000000003,3.4497686286729357
0.024460000000000003,2.1299676195494297
0.024480000000000002,2.0831740048527267
0.0245,1.7583400283455872e-15
0.024520000000000004,-1.823532403333788
0.024540000000000003,-2.5095044541441753
0.024560000000000002,-2.3181855162282856
0.02458,-1.591199576618123
0.0246,8.847580415208637e-15
0.024620000000000003,2.2710822295951334
0.024640000000000002,2.109080028381287
0.02466,3.0811509860658908
0.02468,1.4410129525785313
0.024700000000000003,-9.998323608979293e-15
0.024720000000000002,-2.1645716530760746
0.02474,-2.8684179489412878
0.02476,-2.5045286919253837
0.024780000000000003,-2.1941225594122162
0.024800000000000003,6.9430408696583774e-15
0.024820000000000002,1.3971310380262538
0.02484,3.6009483324261145
0.024860000000000004,2.4871302984841623
0.024880000000000003,2.021423810515153
0.024900000000000002,-7.51101297537365e-15
0.02492,-2.25339959488381
0.02494,-3.0842499394272505
0.024960000000000003,-2.686917390689183
0.024980000000000002,-2.003890695234694
0.025,0.0
0.02502,3.4952535811352474
0.025040000000000003,5.9007367811356515
0.025060000000000002,5.324708195819896
0.02508,3.357207993412661
0.0251,-2.0861710670861777e-15
0.025120000000000003,-3.3223623755959775
0.025140000000000003,-5.115053100204243
0.025160000000000002,-6.3850328734441435
0.02518,-3.826757892221619
0.025200000000000004,3.518735361263598e-15
0.025220000000000003,3.018511755323928
0.025240000000000002,5.148861813392893
0.02526,4.992729284386374
0.02528,3.695205083308701
0.025300000000000003,-7.66582813700816e-15
0.025320000000000002,-3.710660087814207
0.02534,-5.5573262878528356
0.02536,-5.6249126293345295
0.025380000000000003,-3.2170836980450077
0.025400000000000002,6.66695201738821e-15
0.02542,3.826408073138966
0.02544,6.004403196817318
0.025460000000000003,5.289532123726081
0.025480000000000003,3.2527770410520285
0.025500000000000002,4.184468482797416e-15
0.02552,-3.363597527706344
0.025540000000000004,-5.042428242808208
0.025560000000000003,-5.748887529087286
0.025580000000000002,-3.409359850055669
0.0256,1.9045132691077977e-14
0.02562,3.131641291490609
0.025640000000000003,6.244337107432219
0.025660000000000002,5.398936811245002
0.02568,3.028994748998416
0.0257,-1.6890903542871122e-14
0.025720000000000003,-4.0282751765231435
0.025740000000000002,-6.378545143262888
0.02576,-5.866133875321339
0.02578,-3.583710472240749
0.025800000000000003,1.6158467615389504e-14
0.025820000000000003,3.490676588268578
0.025840000000000002,4.961055204471046
0.02586,6.29526347922257
0.025880000000000004,3.390635744386116
0.025900000000000003,-1.3775777438242513e-14
0.025920000000000002,-3.333469292007645
0.02594,-5.865874629546022
0.02596,-5.726524318558907
0.025980000000000003,-3.5220175641705818
0.026000000000000002,0.0
0.02602,3.016885635662903
0.02604,6.4432913446377444
0.026060000000000003,5.289674412702451
0.026080000000000002,3.9261951396696704
0.0261,-1.804012510521504e-15
0.02612,-3.0073608112643475
0.026140000000000004,-5.751737268022627
0.026160000000000003,-5.948464037194996
0.026180000000000002,-3.945829933212194
0.0262,3.5782991172874244e-15
0.026220000000000004,3.815408230470899
0.026240000000000003,5.187910836847833
0.026260000000000002,6.028796954124846
0.02628,3.626990689092759
0.0263,-7.88813853653235e-15
0.026320000000000003,-3.065561258761596
0.026340000000000002,-6.466911364508191
0.02636,-6.0639524757641965
0.02638,-3.812177307014181
0.026400000000000003,8.503411532418676e-15
0.026420000000000003,3.5398264772483548
0.02644,5.941581359505144
0.02646,5.445287988474138
0.026480000000000004,3.670716734334613
0.026500000000000003,4.184819286495028e-15
0.026520000000000002,-3.0733609696212247
0.02654,-6.241531095969459
0.026560000000000004,-6.535731316431169
0.026580000000000003,-3.4828281473414733
0.026600000000000002,1.5342279422274406e-14
0.02662,3.873605168987999
0.02664,6.4236098440405245
0.026660000000000003,5.358885037620124
0.026680000000000002,3.2394952924771507
0.0267,-1.7500430981739406e-14
0.02672,-4.043252725212201
0.026740000000000003,-5.374551579403522
0.026760000000000003,-5.10572716866208
0.02678,-3.7642894009884995
0.0268,1.7628728869223628e-14
0.026820000000000004,3.001978988036788
0.026840000000000003,5.703434437675099
0.026860000000000002,6.444378394510078
0.02688,3.09212289427835
0.026900000000000004,-1.6329201529642474e-14
0.026920000000000003,-3.0185946156560695
0.026940000000000002,-4.899313771087919
0.02696,-6.277024573544489
0.02698,-3.3581807877965137
0.027000000000000003,0.0
0.027020000000000002,2.155872335710293
0.02704,3.16711040948155
0.02706,3.329526707855302
0.027080000000000003,1.9543144767269716
0.027100000000000003,-6.976026982906797e-16
0.027120000000000002,-1.900476928963735
0.02714,-2.0671308997847886
0.027160000000000004,-3.594065131046797
0.027180000000000003,-1.730703659349732
0.027200000000000002,1.6809064332572059e-15
0.02722,2.085544259487458
0.027240000000000004,2.8409836039338603
0.027260000000000003,3.274126498917665
0.027280000000000002,1.6906141999379791
0.0273,-4.6608413729866045e-15
0.02732,-1.8054995074255893
0.027340000000000003,-2.3908349738719252
0.027360000000000002,-2.546158627926198
0.02738,-1.931384362795943
0.0274,3.623945830581112e-15
0.027420000000000003,2.0156893227151382
0.027440000000000003,2.2531397923957126
0.027460000000000002,3.092546586328682
0.02748,1.3429376624713882
0.027500000000000004,2.054412701144525e-15
0.027520000000000003,-1.4377460110079043
0.027540000000000002,-2.822410855832292
0.02756,-2.3397511684475716
0.027580000000000004,-1.8013894239698471
0.027600000000000003,8.988412032521924e-15
0.027620000000000002,2.169314472635968
0.02764,3.707502421496821
0.02766,3.6295272560556797
0.027680000000000003,2.269741413558799
0.027700000000000002,-8.003125382841016e-15
0.02772,-1.9296170851577903
0.02774,-3.567980936758112
0.027760000000000003,-2.692150185883258
0.027780000000000003,-1.916922626006717
0.027800000000000002,8.532151773314454e-15
0.02782,1.4759369010873649
0.027840000000000004,2.0470705226758206
0.027860000000000003,3.1312009555398417
0.027880000000000002,1.6343738031401744
0.0279,-9.505498174935003e-15
0.027920000000000004,-2.0055231363474557
0.027940000000000003,-2.897169753798113
0.027960000000000002,-3.345960380004931
0.02798,-2.2527747787847026
0.028,0.0
0.028020000000000003,1.6833484035167414
0.028040000000000002,2.2471351752783053
0.02806,2.7081395871568876
0.02808,1.2447775512941885
0.028100000000000003,-1.1815010783237544e-15
0.028120000000000003,-2.2821513400689692
0.028140000000000002,-2.060846100839839
0.02816,-2.742662401616458
0.028180000000000004,-2.112200495996979
0.028200000000000003,2.485462636163658e-15
0.028220000000000002,1.5201014992286839
0.02824,2.5755502171871116
0.028260000000000004,3.2373686535193835
0.028280000000000003,2.2625178451017955
0.028300000000000002,-5.1973491766196585e-15
0.02832,-1.7062556465234524
0.02834,-2.370212346729591
0.028360000000000003,-2.940158303028511
0.028380000000000002,-1.9862778016442952
0.0284,4.150047770213058e-15
0.02842,1.5889859307627991
0.028440000000000003,2.501327123529473
0.028460000000000003,3.5354388683045226
0.028480000000000002,1.972288409404516
0.0285,2.281676725308185e-15
0.028520000000000004,-1.833811710761568
0.028540000000000003,-3.438088350426508
0.028560000000000002,-3.075791246317692
0.02858,-2.081256344874482
0.028600000000000004,1.0625402270583491e-14
0.028620000000000003,1.571108255885687
0.028640000000000002,2.9082071864612073
0.02866,2.1138133380464033
0.02868,1.6531485422267742
0.028700000000000003,-6.743810295413373e-15
0.028720000000000002,-1.9275530652165616
0.02874,-2.9532911686826298
0.02876,-3.3039558700671323
0.028780000000000003,-2.0580089072672982
0.028800000000000003,6.219243475165133e-15
0.028820000000000002,1.6971048164577813
0.02884,2.4976336483673234
0.028860000000000004,3.207262685472689
0.028880000000000003,1.7372634947015648
0.028900000000000002,-8.802138062370096e-15
0.02892,-1.6870039512072161
0.028940000000000004,-3.6471252750772654
0.028960000000000003,-2.990425356115663
0.028980000000000002,-1.5965584461084847
0.029,0.0
0.02902,1.9067524240148988
0.029040000000000003,3.549548017829578
0.029060000000000002,2.3583030305444352
0.02908,1.9108976114854268
0.0291,-7.815535939794249e-16
0.029120000000000004,-1.249856442391807
0.029140000000000003,-3.3886856154780065
0.029160000000000002,-2.723256690518091
0.02918,-1.7932494108424566
0.029200000000000004,1.6089844144907831e-15
0.029220000000000003,1.505532857159832
0.029240000000000002,2.1583459265608735
0.02926,2.385121663812455
0.029280000000000004,1.8310060406316684
0.029300000000000003,-3.997178957680117e-15
0.029320000000000002,-1.7790634811258415
0.02934,-2.0449308093313108
0.02936,-3.1037101214808303
0.029380000000000003,-1.9386780730672597
0.029400000000000003,2.988088428728004e-15
0.02942,2.1216185852607192
0.02944,2.1594141087422902
0.029460000000000004,2.797010496806058
0.029480000000000003,1.9892585135519434
0.029500000000000002,1.6903778291891278e-15
0.02952,-2.006594685984571
0.029540000000000004,-2.659010465638671
0.029560000000000003,-3.2679379110987887
0.029580000000000002,-1.7926916556278438
0.0296,8.31764379776653e-15
0.029620000000000004,1.8403031305801165
0.029640000000000003,3.554922185547662
0.029660000000000002,3.360310691306964
0.02968,1.8340453919820958
0.0297,-9.097527871967151e-15
0.029720000000000003,-1.6835590774839215
0.029740000000000003,-2.8048885136047073
0.02976,-3.421872434466222
0.02978,-2.055386468487087
0.029800000000000004,6.289607552379023e-15
0.029820000000000003,2.117600021455266
0.029840000000000002,3.573654861763713
0.02986,3.2245167182394656
0.029880000000000004,1.7116601283781123
0.029900000000000003,-7.780121155780305e-15
0.029920000000000002,-1.2641677112931335
0.02994,-3.5349068806200985
0.029960000000000004,-2.8541343920771203
0.029980000000000003,-1.707458477423723
0.030000000000000002,0.0
0.03002,2.082395904192474
0.03004,2.865388689657943
0.030060000000000003,2.082046805500051
0.030080000000000003,2.0222549334589495
0.030100000000000002,-7.268125553376942e-16
0.03012,-1.891797681927995
0.030140000000000004,-2.0813027116675125
0.030160000000000003,-2.0312276477075715
0.030180000000000002,-1.9091339288174538
0.0302,2.006123927838736e-15
0.030220000000000004,2.162864123549622
0.030240000000000003,2.82929028769209
0.030260000000000002,2.2004604979515285
0.03028,1.592954316739643
0.030300000000000004,-4.171558987451964e-15
0.030320000000000003,-2.0226692655239757
0.030340000000000002,-3.225536386222249
0.03036,-3.2112641342606247
0.03038,-1.577597911054589
0.030400000000000003,2.9577741181200427e-15
0.030420000000000003,1.7633421627648918
0.030440000000000002,2.4019521758365605
0.03046,2.7428654156294368
0.030480000000000004,1.532691788675828
0.030500000000000003,1.6727235896310453e-15
0.030520000000000002,-1.8972151807401156
0.03054,-3.238111562371261
0.030560000000000004,-2.74142894812471
0.030580000000000003,-2.1726979677138036
0.030600000000000002,7.765410560133771e-15
0.03062,2.206324016022543
0.030640000000000004,3.3698798147111653
0.030660000000000003,3.3351543064089944
0.030680000000000002,1.782690458075879
0.0307,-6.117761646388658e-15
0.030720000000000004,-1.693064177333049
0.030740000000000003,-2.97713257789095
0.030760000000000003,-2.6613634478366133
0.030780000000000002,-1.5233431254362007
0.0308,5.452644744711013e-15
0.030820000000000004,2.061366189969912
0.030840000000000003,3.1837532316636388
0.030860000000000002,3.3244973996922047
0.03088,1.469317718640225
0.030900000000000004,-7.312292290204913e-15
0.030920000000000003,-2.2195780499183524
0.030940000000000002,-3.5956910011882828
0.03096,-2.6875967284206035
0.030980000000000004,-1.8984730016153177
0.031000000000000003,0.0
0.031020000000000002,3.407026354654041
0.03104,5.325263163073039
0.031060000000000004,6.505808066636977
0.031080000000000003,3.578617601755075
0.031100000000000003,-1.8389291399784505e-15
0.031120000000000002,-3.8086620469490873
0.03114,-5.273996371222598
0.031160000000000004,-5.385308245237273
0.031180000000000003,-3.1291768574112746
0.031200000000000002,3.828782146880097e-15
0.03122,3.487430701561842
0.031240000000000004,5.810902233488467
0.03126,6.074781055870655
0.03128,3.3154801976110844
0.0313,-8.021135499884157e-15
0.03132,-3.6551873778907247
0.03134,-5.979701426176196
0.031360000000000006,-5.8493506464047895
0.031380000000000005,-3.876796762453244
0.031400000000000004,7.0309094972774436e-15
0.031420000000000003,2.998851284321822
0.03144,6.017492503348703
0.03146,5.111956400508094
0.03148,3.034681652902518
0.0315,3.474106065531641e-15
0.03152,-3.683171457469698
0.031540000000000006,-6.204860330489276
0.031560000000000005,-5.839396800417756
0.031580000000000004,-3.5822506166554366
0.0316,1.5377929929640578e-14
0.03162,3.461878266313803
0.03164,5.76056562644179
0.03166,6.083402174338144
0.03168,3.350581202021978
0.031700000000000006,-1.4443870239478645e-14
0.031720000000000005,-3.0746695531349744
0.031740000000000004,-6.233230128020312
0.031760000000000004,-4.971289509691308
0.03178,-3.299136362570093
0.0318,1.4872344966022765e-14
0.03182,3.0865431934340632
0.03184,5.969535855414086
0.03186,5.718651314772088
0.031880000000000006,3.996532861791767
0.031900000000000005,-1.3451851580349128e-14
0.031920000000000004,-3.751207054798331
0.03194,-5.878559249865083
0.03196,-6.222964125447245
0.03198,-2.9991534684065027
0.032,0.0
0.03202,1.4790064065444342
0.032040000000000006,3.4881984208227066
0.032060000000000005,2.721953251749084
0.032080000000000004,1.720952986453278
0.032100000000000004,-1.142784563829412e-15
0.03212,-1.8306292608725816
0.03214,-2.1025437775311495
0.03216,-3.0806213104108475
0.03218,-1.8764845256992142
0.0322,1.4659255675944294e-15
0.032220000000000006,1.7460608148586858
0.032240000000000005,2.2153828419632124
0.032260000000000004,2.7831040191879888
0.03228,1.4760546058198667
0.0323,-3.932196565541339e-15
0.03232,-2.2482565959828014
0.03234,-2.3969657291537425
0.03236,-2.189358387843003
0.032380000000000006,-1.5112602341370374
0.032400000000000005,3.2502640617552717e-15
0.032420000000000004,2.1503150084607205
0.032440000000000004,3.27433733142453
0.03246,3.655592164729546
0.03248,1.2490947826700929
0.0325,2.0803419519432435e-15
0.03252,-2.1332193170717804
0.03254,-3.043158369482919
0.032560000000000006,-3.115720309938532
0.032580000000000005,-1.5369033575538131
0.032600000000000004,7.716641354398688e-15
0.03262,1.6908470796480917
0.03264,3.1037627826204557
0.03266,3.5748366345982947
0.03268,1.7296670587730771
0.0327,-8.088483173652125e-15
0.032720000000000006,-2.0198995274954155
0.032740000000000005,-3.206051167121647
0.032760000000000004,-3.1787494616413077
0.032780000000000004,-2.2710839016112
0.0328,7.561125815209174e-15
0.03282,1.3632653283882814
0.03284,3.1084534884339186
0.03286,3.2547617363175476
0.03288,2.2112869642288153
0.032900000000000006,-7.551598492527926e-15
0.032920000000000005,-1.5378636098562541
0.032940000000000004,-2.1438827670491922
0.03296,-3.4669129033553907
0.03298,-2.0910921256290527
0.033,0.0
0.03302,3.0278033863327494
0.03304,6.428891045965641
0.033060000000000006,5.227645992956994
0.033080000000000005,3.0465251199991834
0.033100000000000004,-1.7191630065201138e-15
0.033120000000000004,-3.4565281599011204
0.03314,-5.703660986113333
0.03316,-6.308914362565996
0.03318,-3.7664719361845407
0.0332,3.958813191743275e-15
0.03322,3.882606971883877
0.033240000000000006,6.168304672796593
0.033260000000000005,5.967138531603138
0.033280000000000004,3.368939156239234
0.0333,-7.718809014895815e-15
0.03332,-4.0138157992561645
0.03334,-5.782084809719178
0.03336,-5.478054927911246
0.03338,-3.8044013650245176
0.033400000000000006,6.805105731396409e-15
0.033420000000000005,4.028438185939197
0.033440000000000004,6.544401398447891
0.033460000000000004,5.8069276011376925
0.03348,3.1457209772366985
0.0335,4.095398003737699e-15
0.03352,-3.756645074610251
0.03354,-6.323602691847472
0.03356,-6.028207901024722
0.033580000000000006,-3.687474162529604
0.033600000000000005,1.6718805279818604e-14
0.033620000000000004,3.0024053682334753
0.03364,5.489814831815556
0.03366,5.28243722708006
0.03368,3.5444854135336046
0.0337,-1.858787015418845e-14
0.03372,-3.4078482456753965
0.033740000000000006,-6.490973586483613
0.033760000000000005,-5.853177177677532
0.033780000000000004,-3.44946625040764
0.033800000000000004,1.641901515661339e-14
0.03382,3.861991613814082
0.03384,6.480030910924646
0.03386,6.31547290351714
0.03388,3.3279077891459385
0.0339,-1.676017082579681e-14
0.033920000000000006,-3.0126755314928046
0.033940000000000005,-6.015517354101664
0.033960000000000004,-6.074448134823003
0.03398,-4.044180855773795
0.034,0.0
0.03402,3.6893339021324363
0.03404,5.841320367051607
0.03406,6.024987862984771
0.034080000000000006,3.250814084456991
0.034100000000000005,-2.061436716553093e-15
0.034120000000000004,-3.10652774015171
0.034140000000000004,-5.390901948593733
0.03416,-4.86816405411307
0.03418,-3.720344191896709
0.0342,3.6142472347889675e-15
0.03422,3.0357177807422238
0.03424,6.301065114283227
0.034260000000000006,5.379998060404672
0.034280000000000005,4.042442259060664
0.034300000000000004,-7.615653593330897e-15
0.03432,-4.0118228655478525
0.03434,-5.704149563467043
0.03436,-6.178887722691822
0.03438,-3.1838578739628876
0.0344,6.819476103617819e-15
0.034420000000000006,3.610858432527737
0.034440000000000005,6.243999156164718
0.034460000000000005,5.84077254764721
0.034480000000000004,3.1252260340520444
0.0345,3.4113143804016827e-15
0.03452,-3.972490778489354
0.03454,-5.144902597760738
0.03456,-5.142454212401784
0.03458,-4.024612002504413
0.034600000000000006,1.659220224384552e-14
0.034620000000000005,3.228113932574497
0.034640000000000004,5.036900016984747
0.03466,5.138621711968846
0.03468,3.969972272995937
0.0347,-1.433045231267378e-14
0.03472,-3.192740347106118
0.03474,-6.395326165646164
0.034760000000000006,-5.905313007931622
0.034780000000000005,-3.9222635697598913
0.034800000000000005,1.74418171561056e-14
0.034820000000000004,3.8795533606611845
0.03484,5.5110769260673225
0.03486,5.469521839373672
0.03488,3.6855918878711673
0.0349,-1.34440905233937e-14
0.03492,-3.4721489777904337
0.034940000000000006,-4.925019042400162
0.034960000000000005,-4.866082152836013
0.034980000000000004,-3.4086839156303763
0.035,0.0
0.03502,3.950201272844581
0.03504,5.392890876193262
0.03506,6.287083805694553
0.03508,3.0064852454713926
0.035100000000000006,-1.6781220589240527e-15
0.035120000000000005,-3.335518939617323
0.035140000000000005,-6.5496376160648415
0.035160000000000004,-5.524028379149196
0.03518,-3.369547676737959
0.0352,3.736568972605348e-15
0.03522,3.8289334211911474
0.03524,5.74155933240658
0.03526,5.609830730747712
0.035280000000000006,3.2712632554425594
0.035300000000000005,-8.742906895982153e-15
0.035320000000000004,-3.8126754163359027
0.03534,-5.2330725607522055
0.03536,-6.161599384821595
0.03538,-3.2450922205339174
0.0354,7.713187918351825e-15
0.03542,3.4016422818901573
0.035440000000000006,6.5131645631572495
0.035460000000000005,4.936577105918155
0.035480000000000005,4.0131830365398065
0.035500000000000004,3.4317789949768723e-15
0.03552,-4.015937533554584
0.03554,-6.117349898622037
0.03556,-6.050656683281845
0.03558,-3.9085904253070636
0.0356,1.7009706711344442e-14
0.035620000000000006,3.343933004123938
0.035640000000000005,5.795591854025236
0.035660000000000004,5.709465572479526
0.03568,3.116595054829724
0.0357,-1.595296860166087e-14
0.03572,-3.924449730756578
0.03574,-5.156991073769623
0.03576,-6.361978815330828
0.035780000000000006,-3.544227346690079
0.035800000000000005,1.579348771142967e-14
0.035820000000000005,3.3489306615641814
0.035840000000000004,4.956705875518345
0.03586,6.322189198061902
0.03588,3.2166753974486735
0.0359,-1.601263977524788e-14
0.03592,-3.046786245129353
0.03594,-5.0878064819945825
0.035960000000000006,-5.165678840941665
0.035980000000000005,-3.191646739352592
0.036000000000000004,0.0
0.03602,1.3357617280899434
0.03604,2.025370612575323
0.03606,3.6341551673664387
0.03608,1.3942502650229798
0.0361,-1.0107084024017958e-15
0.036120000000000006,-2.1068313406220476
0.036140000000000005,-2.0321563281213977
0.036160000000000005,-3.048862495459497
0.036180000000000004,-1.566088330135392
0.0362,1.8253486149997253e-15
0.03622,1.9820494399628072
0.03624,3.609991407319497
0.03626,2.6612876456634464
0.03628,1.7056609085818888
0.036300000000000006,-4.8796018689818175e-15
0.036320000000000005,-1.7141809176951441
0.036340000000000004,-3.3764582407733017
0.03636,-3.228019757944466
0.03638,-1.711865232393972
0.0364,3.995696391722831e-15
0.03642,1.3081174172229095
0.03644,2.2957478582581663
0.036460000000000006,2.180782840110023
0.036480000000000005,1.4093418269113713
0.036500000000000005,1.3029695550324433e-15
0.036520000000000004,-1.9063609231165393
0.03654,-2.8038251612306535
0.03656,-3.6493345126821484
0.03658,-1.6134911510403
0.0366,1.0186888699832532e-14
0.03662,1.935554412064944
0.036640000000000006,2.766406609096132
0.036660000000000005,3.0261689098744986
0.036680000000000004,1.5577134851884131
0.0367,-7.272649420216624e-15
0.03672,-1.5613595036155532
0.03674,-2.103918246344055
0.03676,-2.44025692750995
0.03678,-2.2894175801206162
0.036800000000000006,9.116512852552255e-15
0.036820000000000006,1.4494559767284627
0.036840000000000005,3.027735534455086
0.036860000000000004,2.389585264805963
0.03688,1.8888017678883504
0.0369,-9.487308431515046e-15
0.03692,-1.614562914166647
0.03694,-3.3895270849557595
0.03696,-2.936395579539416
0.036980000000000006,-2.062813581595198
0.037000000000000005,0.0
0.037020000000000004,3.6950468725547774
0.037040000000000003,5.420152933857153
0.03706,5.237134997481202
0.03708,3.3491684598508797
0.0371,-2.006461765052954e-15
0.03712,-3.6117606416512227
0.037140000000000006,-5.03889618014648
0.037160000000000006,-5.436042421611514
0.037180000000000005,-3.6924103277730365
0.037200000000000004,3.3583248671676817e-15
0.03722,3.965026052833685
0.03724,6.2049731918409385
0.03726,6.137741056491644
0.03728,3.081384749538281
0.0373,-9.598559431544423e-15
0.037320000000000006,-4.029305716656713
0.037340000000000005,-5.2839992003388465
0.037360000000000004,-5.860283861996353
0.037380000000000004,-3.0910233462427077
0.0374,8.72395755063778e-15
0.03742,3.783936165246868
0.03744,6.40375182729581
0.03746,5.821162969840984
0.037480000000000006,3.718466244603889
0.037500000000000006,4.088291233301545e-15
0.037520000000000005,-3.127549612433169
0.037540000000000004,-6.189824932387829
0.03756,-5.265591175617536
0.03758,-4.015297391785317
0.0376,1.71078788197368e-14
0.03762,3.1077843812402004
0.03764,6.4491220080809635
0.037660000000000006,5.386221453325616
0.037680000000000005,3.364448685282098
0.037700000000000004,-1.698595509041431e-14
0.037720000000000004,-3.511841429402204
0.03774,-5.419147888567083
0.03776,-5.605504853495064
0.03778,-3.333516997766639
0.0378,1.4085586957247594e-14
0.037820000000000006,3.711890311328187
0.037840000000000006,5.144789901047818
0.037860000000000005,5.8531046045967
0.037880000000000004,3.026763696586085
0.0379,-1.6128660005488148e-14
0.03792,-3.7966901841860716
0.03794,-5.256123809706102
0.03796,-5.194978393056379
0.03798,-3.9354679396599215
0.038000000000000006,0.0
0.038020000000000005,2.2243864791884316
0.038040000000000004,2.074432264805918
0.038060000000000004,2.2675238776801154
0.03808,1.5867124412707576
0.0381,-1.2542655388469025e-15
0.03812,-1.5544981069095627
0.03814,-3.534856945090503
0.038160000000000006,-2.6508830788704385
0.038180000000000006,-1.9514917096005389
0.038200000000000005,2.048439580979158e-15
0.038220000000000004,1.2884244396214921
0.03824,2.843176975395698
0.03826,2.2497646299425464
0.03828,1.7289085662937018
0.0383,-4.9975750196966455e-15
0.03832,-2.080700572972541
0.038340000000000006,-2.6009174210406525
0.038360000000000005,-2.9777231447976584
0.038380000000000004,-1.4735952840957387
0.038400000000000004,3.3078860237493097e-15
0.03842,2.2281395252524194
0.03844,3.6556738720459845
0.03846,3.3941353187151857
0.03848,1.8067336285030164
0.038500000000000006,2.0840966279069216e-15
0.038520000000000006,-2.250591044946356
0.038540000000000005,-2.3171687798968086
0.038560000000000004,-2.9511025008709675
0.03858,-1.9772958283121789
0.0386,6.141510657496332e-15
0.03862,1.6444902484355246
0.03864,3.524843637729831
0.03866,2.3981057111810355
0.038680000000000006,1.8449356032278583
0.038700000000000005,-7.09963620118936e-15
0.038720000000000004,-1.6958941417820295
0.038740000000000004,-2.665717492354333
0.03876,-3.7088569495536885
0.03878,-1.6370574731852412
0.0388,6.464110159718864e-15
0.03882,1.7045848765317955
0.038840000000000006,2.0188714948722466
0.038860000000000006,3.3992178244089564
0.038880000000000005,2.09210614943459
0.038900000000000004,-8.831148707724113e-15
0.03892,-2.251391520872716
0.03894,-2.0906321195437183
0.03896,-2.1270297984896707
0.03898,-1.8726471335510728
0.039,0.0
0.039020000000000006,1.3049528246784605
0.039040000000000005,3.114800485840139
0.039060000000000004,3.6957857636831055
0.039080000000000004,1.9540952621833358
0.0391,-8.357952793417684e-16
0.03912,-1.8654548430280244
0.03914,-3.504352216394881
0.03916,-2.5584478182277626
0.039180000000000006,-2.237291022782375
0.039200000000000006,1.5371962043532168e-15
0.039220000000000005,2.0594713933216418
0.039240000000000004,2.5589466140057175
0.03926,2.593458974257056
0.03928,1.266087836873848
0.0393,-4.949641680992996e-15
0.03932,-1.7588601071227086
0.03934,-2.145960247315611
0.039360000000000006,-3.6885257380809557
0.039380000000000005,-2.009576961763671
0.039400000000000004,4.528682329906957e-15
0.039420000000000004,2.161067326567706
0.03944,2.468667383616971
0.03946,2.4682459820403113
0.03948,1.8505771811063347
0.0395,1.7268940681936245e-15
0.039520000000000007,-1.617696629357836
0.039540000000000006,-2.860539391897276
0.039560000000000005,-3.290166289295647
0.039580000000000004,-1.9155811749927867
0.0396,7.760308282020963e-15
0.03962,2.103313637686661
0.03964,3.0383375442227862
0.03966,3.141653907035343
0.03968,1.3099613133082997
0.039700000000000006,-7.565958950629432e-15
0.039720000000000005,-1.4336182915028013
0.039740000000000004,-3.664572857642333
0.039760000000000004,-3.667992554661847
0.03978,-2.2606556771843858
0.0398,9.715077136340812e-15
0.03982,1.99959002865858
0.03984,2.782974433094628
0.03986000000000001,2.8522047907702346
0.039880000000000006,1.789590568927072
0.039900000000000005,-7.132429851027367e-15
0.039920000000000004,-1.6991465453582881
0.03994,-2.234683949185697
0.03996,-2.563374734677214
0.03998,-1.8113824620556147
0.04,0.0
0.04002,1.4478681567355947
0.040040000000000006,2.6445482122851014
0.040060000000000005,3.3262317262449
0.040080000000000005,1.3876842662285764
0.040100000000000004,-1.0455039619479285e-15
0.04012,-2.039771683925651
0.04014,-2.876558204528996
0.04016,-2.409493164167109
0.04018,-2.176390495307038
0.04020000000000001,1.8339840782600915e-15
0.040220000000000006,1.820091231051326
0.040240000000000005,3.0329237175754415
0.040260000000000004,2.773856287712851
0.04028,1.7772126277220093
0.0403,-5.463408841394115e-15
0.04032,-1.569840423493774
0.04034,-3.393858766904497
0.04036,-3.4906411491372316
0.040380000000000006,-1.3852687259635226
0.040400000000000005,3.0444355341926504e-15
0.040420000000000005,1.5306603334257218
0.040440000000000004,2.026187112899829
0.04046,3.03788723086891
0.04048,1.8120869767129104
0.0405,2.263883258183859e-15
0.04052,-2.226461605392504
0.04054000000000001,-2.7824423897532173
0.040560000000000006,-2.8897167632379146
0.040580000000000005,-1.4316187647869776
0.040600000000000004,1.0181213254117674e-14
0.04062,2.25583642558932
0.04064,3.5892465956623387
0.04066,3.250928734286588
0.04068,1.956158879136653
0.0407,-7.053538436522796e-15
0.040720000000000006,-2.0268898312239116
0.040740000000000005,-2.2074709754722317
0.040760000000000005,-2.6876161569224997
0.040780000000000004,-2.0016942289772484
0.0408,5.787206075764186e-15
0.04082,2.101944818087669
0.04084,2.33810635753216
0.04086,2.4765646213070704
0.04088000000000001,2.1359403530017653
0.040900000000000006,-9.271363122118944e-15
0.040920000000000005,-2.0667441306453482
0.040940000000000004,-3.3678066020398814
0.04096,-2.638038502247994
0.04098,-2.071952824357899
0.041,0.0
0.04102,3.288919228943479
0.04104,5.284085576952188
0.041060000000000006,4.9953423366683225
0.041080000000000005,3.7801596406052225
0.041100000000000005,-2.105252889543026e-15
0.041120000000000004,-3.8699791927478344
0.04114,-5.699512261320212
0.04116,-5.443669443605468
0.04118,-3.7569610621065572
0.0412,3.623114773139701e-15
0.04122000000000001,3.9308424622017415
0.041240000000000006,4.864466653035751
0.041260000000000005,5.28652812786646
0.041280000000000004,3.093695597555793
0.0413,-9.130272986612276e-15
0.04132,-3.5341214713550153
0.04134,-6.468466721344021
0.04136,-5.953952915410922
0.04138,-3.9926187825548873
0.041400000000000006,8.42896103250614e-15
0.041420000000000005,3.5079381051130687
0.041440000000000005,4.8947498399890605
0.041460000000000004,5.779305277798422
0.04148,3.303525270155882
0.0415,3.5157574575075757e-15
0.04152,-3.294589250919627
0.04154,-5.1739642354692785
0.04156000000000001,-4.981292164140939
0.041580000000000006,-3.9475917125474878
0.041600000000000005,1.5479084350775062e-14
0.041620000000000004,3.4195508155744583
0.04164,5.823623737506614
0.04166,6.438563239920999
0.04168,3.6017546807101564
0.0417,-1.604073015019222e-14
0.04172,-3.9290953207583073
0.041740000000000006,-5.506385615120598
0.041760000000000005,-5.521983258603566
0.041780000000000005,-3.4351946291149758
0.041800000000000004,1.5439003258802368e-14
0.04182,3.4054192053717913
0.04184,6.295780917610222
0.04186,5.725030453315497
0.04188,3.605159028595116
0.04190000000000001,-1.3565509015885871e-14
0.041920000000000006,-3.795957956960638
0.041940000000000005,-6.233354450308227
0.041960000000000004,-6.022293045581756
0.04198,-3.028411356355122
0.042,0.0
0.04202,3.8948963508750953
0.04204,5.447334020607035
0.04206,4.961663676539962
0.042080000000000006,3.3380723533427803
0.042100000000000005,-1.9296054334368866e-15
0.042120000000000005,-3.984593523393069
0.042140000000000004,-5.583347146302824
0.04216,-5.798160845252414
0.04218,-3.5962863600214887
0.0422,4.000516779242368e-15
0.04222,3.3351607573976825
0.04224000000000001,5.069025978880478
0.042260000000000006,5.193176295643114
0.042280000000000005,3.660579175683683
0.042300000000000004,-8.865330645780496e-15
0.04232,-3.489344025143717
0.04234,-6.401254018815094
0.04236,-6.3580487898810345
0.04238,-3.367272909925061
0.0424,6.95997354611524e-15
0.042420000000000006,3.305873711018103
0.042440000000000005,6.010322157668834
0.042460000000000005,5.200529061572955
0.042480000000000004,3.6014255404416455
0.0425,3.668486174145345e-15
0.04252,-3.5283821630293573
0.04254,-5.814445897689854
0.04256,-5.190502178172069
0.04258000000000001,-3.172559383312163
0.042600000000000006,1.4457761136550076e-14
0.042620000000000005,3.2908271890871847
0.042640000000000004,5.431765263963101
0.042660000000000003,4.898075660159321
0.04268,3.3628820637881858
0.0427,-1.5640402407931684e-14
0.04272,-3.818384780756034
0.04274,-6.225336227103842
0.042760000000000006,-6.3872158144453826
0.042780000000000006,-3.6659211238187157
0.042800000000000005,1.6241063045197767e-14
0.042820000000000004,3.598500832893282
0.04284,5.0894494917541735
0.04286,6.423737505264397
0.04288,3.908990999440342
0.0429,-1.2653057128651867e-14
0.04292000000000001,-3.176298523062599
0.042940000000000006,-5.073729978882279
0.042960000000000005,-6.493484828571509
0.042980000000000004,-3.9578229921770607
0.043000000000000003,0.0
0.04302,1.2584696879057298
0.04304,2.8061246062692056
0.04306,2.5194046351681427
0.04308,1.2763749856908715
0.043100000000000006,-8.806679540013262e-16
0.043120000000000006,-1.9595023592580836
0.043140000000000005,-2.834822135077122
0.043160000000000004,-2.869762784493547
0.04318,-1.348345483564497
0.0432,2.138918561240789e-15
0.04322,2.0435000147216367
0.04324,2.5846410138052422
0.04326000000000001,2.5476540001929853
0.043280000000000006,1.8490726142201972
0.043300000000000005,-4.322756072886579e-15
0.043320000000000004,-1.31382988798414
0.043340000000000004,-3.0644136757375895
0.04336,-2.0583841918893655
0.04338,-2.244438879175216
0.0434,3.078260111316664e-15
0.04342,2.253142568626859
0.043440000000000006,3.096425187822228
0.043460000000000006,2.987418234145252
0.043480000000000005,1.408475947810433
0.043500000000000004,1.3218625838513829e-15
0.04352,-2.048470090572044
0.04354,-3.3888598401351118
0.04356,-3.329282544735264
0.04358,-1.5116134305562063
0.04360000000000001,8.375955697905813e-15
0.043620000000000006,1.68969524342208
0.043640000000000005,2.2067356051565934
0.043660000000000004,3.1773176993819687
0.043680000000000004,1.9406422554435674
0.0437,-1.0348906798722128e-14
0.04372,-1.556436045607081
0.04374,-3.2425978607081256
0.04376,-2.830211882085251
0.043780000000000006,-1.9403347155116544
0.043800000000000006,6.575258810048698e-15
0.043820000000000005,1.4243695670193661
0.043840000000000004,3.324105075492609
0.04386,2.138575055523504
0.04388,2.1821815481832454
0.0439,-6.37198128984962e-15
0.04392,-1.3065388158667508
0.04394000000000001,-2.808008790762424
0.043960000000000006,-3.434792524200021
0.043980000000000005,-2.0297331361297974
0.044000000000000004,0.0
0.044020000000000004,3.8539478917680574
0.04404,6.034148952197511
0.04406,4.981982046812615
0.04408,4.023102337616047
0.0441,-2.0419342487601198e-15
0.044120000000000006,-3.2168982428580084
0.044140000000000006,-5.783297752274398
0.044160000000000005,-5.989984642096473
0.044180000000000004,-3.3804609597356055
0.0442,3.776049565996907e-15
0.04422,3.050225389384684
0.04424,5.077233699964391
0.04426,5.416519259663239
0.04428000000000001,3.1782877084710006
0.044300000000000006,-8.061666841411956e-15
0.044320000000000005,-3.652115991909265
0.044340000000000004,-6.523271155098203
0.044360000000000004,-6.070836914574859
0.04438,-3.340158939648047
0.0444,8.608229132696304e-15
0.04442,3.007911929017449
0.04444,6.001055109936158
0.044460000000000006,5.505112036201241
0.044480000000000006,3.282293736623721
0.044500000000000005,3.595208267560091e-15
0.044520000000000004,-3.815352146141965
0.04454,-6.511534641894215
0.04456,-6.504055061576385
0.04458,-3.280913767515694
0.0446,1.5074335077210046e-14
0.04462000000000001,3.02057579948135
0.044640000000000006,6.427675760229198
0.044660000000000005,4.9521563722873605
0.044680000000000004,3.042103452838281
0.044700000000000004,-1.5645009027803874e-14
0.04472,-3.742231209751433
0.04474,-5.879745210075513
0.04476,-5.223927513335273
0.04478,-3.7719393248976267
0.044800000000000006,1.7547078314411376e-14
0.044820000000000006,3.0925724622912902
0.044840000000000005,5.749253703552496
0.044860000000000004,6.5522668168746065
0.04488,3.5837963065133587
0.0449,-1.360805060161047e-14
0.04492,-3.2662586247545
0.04494,-5.867556910963896
0.04496000000000001,-5.033381776842083
0.044980000000000006,-3.098046291304324
0.045000000000000005,0.0
0.045020000000000004,3.70891431264913
0.045040000000000004,6.494999565728371
0.04506,5.833541141634596
0.04508,3.4375621752548815
0.0451,-2.118397781020026e-15
0.04512,-3.936351059849665
0.045140000000000007,-6.348792202947842
0.045160000000000006,-6.381078033321463
0.045180000000000005,-3.8236488019605406
0.045200000000000004,4.07939053658724e-15
0.04522,3.414286133799278
0.04524,5.2201647245938005
0.04526,5.134486710725494
0.04528,3.7913605240756936
0.04530000000000001,-9.20145497130944e-15
0.045320000000000006,-3.8975497225945213
0.045340000000000005,-5.821811969838171
0.045360000000000004,-5.814258977261211
0.045380000000000004,-3.697829792573993
0.0454,8.555621200705767e-15
0.04542,3.4697481356165194
0.04544,5.983302744049121
0.04546,6.228654079300337
0.04548000000000001,2.998787569725257
0.045500000000000006,3.698507880927166e-15
0.045520000000000005,-3.4536336945300317
0.045540000000000004,-6.461178226893779
0.04556,-5.216573635605822
0.04558,-3.906802364472441
0.0456,1.822264546901713e-14
0.04562,3.8594547896768856
0.04564000000000001,5.820674701966415
0.045660000000000006,5.8673104868167325
0.045680000000000005,3.0846591294487404
0.045700000000000005,-1.635640172223933e-14
0.045720000000000004,-3.835432475345614
0.04574,-5.770432348184863
0.04576,-6.417929812936333
0.04578,-3.9406778854794404
0.0458,1.643069657307615e-14
0.04582000000000001,3.5571373178329293
0.045840000000000006,6.497506571680597
0.045860000000000005,5.609428415928632
0.045880000000000004,3.444002791031964
0.0459,-1.4181359838589326e-14
0.04592,-4.007941825841214
0.04594,-5.822352540236651
0.04596,-5.95535347175438
0.04598000000000001,-3.1243687829151363
0.046000000000000006,0.0
0.046020000000000005,3.945992861934043
0.046040000000000005,5.549857189671052
0.046060000000000004,5.235683132892506
0.04608,3.058014881279398
0.0461,-2.1056040694397145e-15
0.04612,-4.00544797692376
0.04614,-6.367027753153165
0.04616000000000001,-6.474565705407429
0.046180000000000006,-3.7696450500409107
0.046200000000000005,4.056840781115461e-15
0.046220000000000004,3.5700708964469148
0.04624,5.520851836775501
0.04626,5.172567377935865
0.04628,3.3863517421739044
0.0463,-9.026374025857224e-15
0.04632000000000001,-3.0175568352968316
0.046340000000000006,-5.530862261385817
0.046360000000000005,-5.1396558220529265
0.046380000000000005,-3.2223521016275956
0.046400000000000004,7.981511937279337e-15
0.04642,4.022363054854974
0.04644,5.38146035713637
0.04646,5.444019286913824
0.04648,3.4086284143807006
0.04650000000000001,3.557785574008667e-15
0.046520000000000006,-3.752962542347458
0.046540000000000005,-6.180412800512484
0.046560000000000004,-5.113301723407801
0.04658,-3.699481754832592
0.0466,1.7960845554149075e-14
0.04662,3.611252283761513
0.04664,4.961611791524818
0.04666000000000001,5.566029727916288
0.046680000000000006,3.3480441941585375
0.046700000000000005,-1.3989838502195975e-14
0.046720000000000005,-3.948701159325185
0.046740000000000004,-6.04826172818979
0.04676,-4.947586912142129
0.04678,-3.340802990172587
0.0468,1.5958188605057848e-14
0.04682,3.5428001478223705
0.04684000000000001,6.129018626687497
0.046860000000000006,5.742190799770955
0.046880000000000005,3.207681878953205
0.046900000000000004,-1.62972357458712e-14
0.04692,-3.6799482432275723
0.04694,-4.865628020925259
0.04696,-4.941488667596373
0.04698,-3.250440759094279
0.04700000000000001,0.0
0.047020000000000006,3.4366251224198403
0.047040000000000005,6.256037035257781
0.047060000000000005,6.486017263150515
0.047080000000000004,4.026316470042749
0.0471,-1.835241519893264e-15
0.04712,-3.62338313427569
0.04714,-5.201499595118759
0.04716,-4.9015480835749825
0.04718000000000001,-3.1886072715098877
0.047200000000000006,4.308914541550753e-15
0.047220000000000005,3.046136126474617
0.047240000000000004,6.511757519707271
0.04726,6.230043175266722
0.04728,3.6080480580635395
0.0473,-9.563648469143425e-15
0.04732,-3.4980532227648578
0.04734000000000001,-5.07473320981081
0.047360000000000006,-6.179568093415214
0.047380000000000005,-3.9384622220668817
0.047400000000000005,7.324977454880517e-15
0.047420000000000004,3.1803436237494522
0.04744,5.263195451726052
0.04746,5.433293832264554
0.04748,3.6217590737298893
0.0475,3.763267549745574e-15
0.04752000000000001,-3.0732823694505194
0.047540000000000006,-6.350431213699266
0.047560000000000005,-6.102953080417035
0.047580000000000004,-3.4956820706842673
0.0476,1.7979537103756582e-14
0.04762,3.8552480893246255
0.04764,5.815544516102413
0.04766,5.037063080052338
0.04768000000000001,3.8711516421443237
0.047700000000000006,-1.4882207893330988e-14
0.047720000000000005,-3.6395707323209017
0.047740000000000005,-6.269104082495151
0.047760000000000004,-5.533685741492519
0.04778,-3.473978129673492
0.0478,1.7214285930710095e-14
0.04782,3.468687852242842
0.04784,5.3260356590191655
0.04786000000000001,6.534404076194973
0.047880000000000006,3.6665971714022754
0.047900000000000005,-1.3474811281256594e-14
0.047920000000000004,-3.836947873433848
0.04794,-5.656713219983114
0.04796,-5.212333348669509
0.04798,-3.414393385983479
0.048,0.0
0.04802000000000001,2.2130746614319676
0.048040000000000006,3.254150742762159
0.048060000000000005,2.113028020779693
0.048080000000000005,1.5506297086255665
0.048100000000000004,-8.10276032136495e-16
0.04812,-1.2965323259942736
0.04814,-2.795866399986929
0.04816,-2.8320376028513206
0.04818,-1.2932825327574216
0.04820000000000001,2.1908770726432863e-15
0.048220000000000006,1.4749935391401947
0.048240000000000005,2.3875146563225482
0.048260000000000004,2.8374903853237465
0.04828,2.180370712012672
0.0483,-4.3257494705856715e-15
0.04832,-1.6066198539161554
0.04834,-3.1551231118731464
0.04836000000000001,-3.2441088996225096
0.048380000000000006,-1.4273207616635029
0.048400000000000006,4.452611543020123e-15
0.048420000000000005,1.3837891219165612
0.048440000000000004,2.5429055377700593
0.04846,3.5522364628703547
0.04848,1.2645675199684192
0.0485,2.020125948857904e-15
0.04852,-1.4996217939621492
0.04854000000000001,-3.5743600426198476
0.048560000000000006,-3.3277309046793224
0.048580000000000005,-1.8446659103128398
0.048600000000000004,6.671070493144935e-15
0.048620000000000003,2.0183799379180822
0.04864,3.552875770887388
0.04866,2.730444033123159
0.04868,2.2901973141088883
0.04870000000000001,-1.0146368955891226e-14
0.048720000000000006,-2.0343397222132
0.048740000000000006,-3.3752433418947896
0.048760000000000005,-2.806076135940598
0.048780000000000004,-1.4445782142190529
0.0488,9.519921925274184e-15
0.04882,2.2368310729425276
0.04884,2.3013362089909215
0.04886,2.633854471253278
0.04888000000000001,1.366337677567351
0.048900000000000006,-9.287589944067345e-15
0.048920000000000005,-2.0515034707272273
0.048940000000000004,-3.157470145286052
0.048960000000000004,-3.462687738143296
0.04898,-2.1113500002756944
0.049,0.0
0.04902,4.047206918225556
0.04904000000000001,5.42910015217633
0.049060000000000006,5.011109961595817
0.049080000000000006,3.3860288346387297
0.049100000000000005,-2.1583302185016633e-15
0.049120000000000004,-3.208002352957274
0.04914,-5.876373938114039
0.04916,-5.754022343671304
0.04918,-3.2542143955701213
0.0492,3.6857866247383065e-15
0.04922000000000001,3.022733908146933
0.049240000000000006,6.082531425727119
0.049260000000000005,5.7754144083246945
0.049280000000000004,3.7495666349415138
0.049300000000000004,-7.72908986968659e-15
0.04932,-3.6942166566029226
0.04934,-5.791172064748448
0.04936,-5.293763965396552
0.04938000000000001,-3.7751434897510587
0.049400000000000006,6.824752881814209e-15
0.049420000000000006,3.94349608163133
0.049440000000000005,5.1699435541343135
0.049460000000000004,6.213833464885425
0.04948,3.7133007635846242
0.0495,3.760705558148869e-15
0.04952,-3.4449635563104337
0.04954,-6.374339214054187
0.04956000000000001,-5.247512108144632
0.049580000000000006,-3.592962467946406
0.049600000000000005,1.4787895909808377e-14
0.049620000000000004,3.524760107040975
0.049640000000000004,6.512546408262038
0.04966,4.937476691768055
0.04968,3.2695033519075505
0.0497,-1.4074942471843898e-14
0.04972000000000001,-3.620715589670829
0.049740000000000006,-6.054740892959931
0.049760000000000006,-6.062205318569305
0.049780000000000005,-3.5051918664390818
0.049800000000000004,1.736432372079486e-14
0.04982,3.996381015897755
0.04984,5.36339015698101
0.04986,5.354619041291793
0.04988,3.05665369302814
0.04990000000000001,-1.6443400667489275e-14
0.049920000000000006,-3.574281490808498
0.049940000000000005,-5.306478889762267
0.049960000000000004,-5.681713674912057
0.049980000000000004,-3.5620244484686374
0.05,0.0
0.05002,3.4139060003048223
0.05004,6.041805652406296
0.05006000000000001,6.19365929940184
0.050080000000000006,4.021836717476044
0.050100000000000006,-1.926102829816573e-15
0.050120000000000005,-3.6859738727924265
0.050140000000000004,-5.39592724148275
0.05016,-6.180822769723573
0.05018,-3.35167545261148
0.0502,3.58486826169446e-15
0.05022,3.3770783625099248
0.05024000000000001,5.132614209064387
0.050260000000000006,5.495532506481372
0.050280000000000005,3.9916086172548
0.050300000000000004,-9.49604275334155e-15
0.050320000000000004,-3.2528171773367083
0.05034,-5.348156385860168
0.05036,-5.62352695956466
0.05038,-3.4970435979219254
0.05040000000000001,7.840197799496814e-15
0.050420000000000006,3.837730885373774
0.050440000000000006,5.935446837340797
0.050460000000000005,6.532868834332827
0.050480000000000004,3.888390616870239
0.0505,3.5357590753918283e-15
0.05052,-3.8713640156352285
0.05054,-5.752209323659346
0.05056,-6.162265539888207
0.05058000000000001,-3.341984898263809
0.050600000000000006,1.7185698021810043e-14
0.050620000000000005,3.460221353860449
0.050640000000000004,6.55556160342439
0.050660000000000004,5.7095964956367
0.05068,3.8641773167362716
0.0507,-1.7795068765772166e-14
0.05072,-3.9072778223150784
0.05074000000000001,-6.452595138777042
0.050760000000000007,-5.068918168278688
0.050780000000000006,-3.236714025846022
0.050800000000000005,1.767206083670678e-14
0.050820000000000004,3.8424224130314877
0.05084,6.501472961519654
0.05086,5.6206402256445855
0.05088,3.5711571623872933
0.0509,-1.5862007668200117e-14
0.05092000000000001,-4.019392967986325
0.050940000000000006,-5.087698162859498
0.050960000000000005,-4.9385358920687885
0.050980000000000004,-3.8201911248970593
0.051000000000000004,0.0
0.05102,3.3382970582693585
0.05104,4.946693491953642
0.05106,5.563472458031887
0.05108000000000001,3.616387524267746
0.051100000000000007,-1.824070511740858e-15
0.051120000000000006,-3.5234352575661116
0.051140000000000005,-4.9470697908027965
0.051160000000000004,-6.102629568370486
0.05118,-3.8173286647074534
0.0512,3.80974627400819e-15
0.05122,3.650878542190149
0.05124,6.1075898537290465
0.05126000000000001,5.675987965841329
0.051280000000000006,3.01625711658531
0.051300000000000005,-9.330788985869218e-15
0.051320000000000005,-3.194524861030685
0.051340000000000004,-6.370630102677889
0.05136,-5.229536922710216
0.05138,-3.5514365779270882
0.0514,8.26198398835623e-15
0.05142000000000001,3.0472859162544976
0.05144000000000001,5.156559267507577
0.051460000000000006,6.55234725579142
0.051480000000000005,3.507474156964921
0.051500000000000004,3.754432908916693e-15
0.05152,-3.3368487459232203
0.05154,-5.6999678446309865
0.05156,-6.4812685947968935
0.05158,-3.1089280371109873
0.05160000000000001,1.6485668499466618e-14
0.051620000000000006,3.623137478494246
0.051640000000000005,6.391121812741424
0.051660000000000005,5.289907755710528
0.051680000000000004,3.924564378238885
0.0517,-1.614103221593948e-14
0.05172,-3.5219991001424034
0.05174,-6.46839826310236
0.05176000000000001,-6.302286610180788
0.05178000000000001,-3.294696746965171
0.051800000000000006,1.4533092702432804e-14
0.051820000000000005,3.931084367495913
0.051840000000000004,5.759643766577019
0.05186,6.270918302777642
0.05188,3.026543238710547
0.0519,-1.4561263418009902e-14
0.05192,-3.973489858324791
0.05194000000000001,-5.4556254077528035
0.051960000000000006,-6.170199987123832
0.051980000000000005,-3.828173040340269
0.052000000000000005,0.0
0.052020000000000004,1.8341185977432393
0.05204,2.171034167629592
0.05206,3.339248594492741
0.05208,1.5683939707821883
0.05210000000000001,-8.311444813841696e-16
0.05212000000000001,-1.5849904615872994
0.052140000000000006,-3.6245503310951044
0.052160000000000005,-2.8897848914578863
0.052180000000000004,-1.688416803079613
0.0522,1.8300859548470683e-15
0.05222,1.4212117580616885
0.05224,3.609929696498687
0.05226,2.7530432521337507
0.05228000000000001,2.003673543703323
0.052300000000000006,-5.281241757189388e-15
0.052320000000000005,-2.1418114218107185
0.052340000000000005,-2.8769578725976057
0.052360000000000004,-3.0543056758731626
0.05238,-2.2139689542463885
0.0524,4.369907856676678e-15
0.05242,1.5916527865381256
0.05244000000000001,3.54125947968047
0.05246000000000001,3.1114519163457364
0.052480000000000006,1.7008347979875176
0.052500000000000005,1.8716620166858125e-15
0.052520000000000004,-2.21858573458054
0.05254,-2.781276733880404
0.05256,-2.614142690327708
0.05258,-2.1273498940142557
0.0526,9.066026374427244e-15
0.05262000000000001,1.923164714457892
0.052640000000000006,2.9347386031386664
0.052660000000000005,2.1944548118269003
0.052680000000000005,1.9888146050527158
0.052700000000000004,-7.737547274797841e-15
0.05272,-1.354069083735423
0.05274,-3.0955921119929344
0.05276,-2.8398850032317724
0.05278000000000001,-2.048542583640033
0.05280000000000001,7.364060932319036e-15
0.052820000000000006,1.305261625494518
0.052840000000000005,3.3244906055848964
0.052860000000000004,2.0883874932171547
0.05288,1.9239175572425433
0.0529,-5.347863065897577e-15
0.05292,-1.8121929334458922
0.05294,-2.3312463019731884
0.05296000000000001,-3.057983092081379
0.052980000000000006,-1.3135981336817646
0.053000000000000005,0.0
0.053020000000000005,3.31478232803524
0.053040000000000004,6.200786266158908
0.05306,6.322319530928504
0.05308,3.9854810823595126
0.0531,-2.104685497317287e-15
0.05312000000000001,-3.696200548236267
0.05314000000000001,-5.719303556695124
0.053160000000000006,-5.650519395099916
0.053180000000000005,-3.352776089988434
0.053200000000000004,3.35446787394962e-15
0.05322,3.467068091332603
0.05324,5.5634701505880555
0.05326,5.05128852025188
0.05328,3.2840137025138882
0.05330000000000001,-9.579126519602707e-15
0.053320000000000006,-3.54671845468714
0.053340000000000005,-5.623048756697118
0.053360000000000005,-6.230093498324963
0.053380000000000004,-3.4652433419693534
0.0534,8.617967044256907e-15
0.05342,3.6338195009278467
0.05344,4.8593171256150764
0.05346000000000001,5.977482262386763
0.05348000000000001,3.1764822528480154
0.053500000000000006,3.5272380681704585e-15
0.053520000000000005,-3.0167062932795146
0.053540000000000004,-6.193410370589892
0.05356,-6.308863838258706
0.05358,-3.0070180799422794
0.0536,1.7499277626338136e-14
0.05362,3.986411268284132
0.05364000000000001,5.482842805896843
0.053660000000000006,5.480235034325372
0.053680000000000005,3.063960860286295
0.053700000000000005,-1.6604304287677962e-14
0.053720000000000004,-3.293768639428014
0.05374,-5.452005395820228
0.05376,-5.2208060802224185
0.05378,-3.1812676378348863
0.05380000000000001,1.360949869327485e-14
0.05382000000000001,3.8916743975343886
0.053840000000000006,6.5135624584501395
0.053860000000000005,5.4916719572221755
0.053880000000000004,3.0080797384762725
0.0539,-1.5927508628863435e-14
0.05392,-3.6588769604589437
0.05394,-6.555761782843068
0.05396,-5.615001021308494
0.05398000000000001,-3.0380890192697696
0.054000000000000006,0.0
0.054020000000000006,1.8780719598310198
0.054040000000000005,3.3450652286912943
0.054060000000000004,3.436392902172619
0.05408,2.2128176439472855
0.0541,-7.735892516067701e-16
0.05412,-1.4515989086335028
0.05414000000000001,-2.7100457995239924
0.05416000000000001,-3.6940159513527084
0.054180000000000006,-1.7967676091354925
0.054200000000000005,1.778045865354625e-15
0.054220000000000004,1.8989914573356599
0.054240000000000003,3.673577904060748
0.05426,3.23865629195348
0.05428,1.8702299670390896
0.0543,-4.0938450237552794e-15
0.05432000000000001,-1.2637419070293758
0.054340000000000006,-2.473941123253409
0.054360000000000006,-3.2850731651342286
0.054380000000000005,-1.4431795814445554
0.054400000000000004,4.4207871174842456e-15
0.05442,1.4046122061980137
0.05444,2.6158922788082966
0.05446,3.1353997134453415
0.05448000000000001,2.226635787858034
0.05450000000000001,1.8564212236760446e-15
0.054520000000000006,-1.359901769993569
0.054540000000000005,-2.3683711381315233
0.054560000000000004,-3.1361377640041512
0.054580000000000004,-1.657289640027734
0.0546,7.469024818044598e-15
0.05462,1.3304650208404682
0.05464,3.19251911806609
0.05466000000000001,3.4730218439173353
0.054680000000000006,1.3387969265855748
0.054700000000000006,-9.380642020318785e-15
0.054720000000000005,-1.650673378787251
0.054740000000000004,-3.125905166683383
0.05476,-2.7000031275075713
0.05478,-2.04790431971896
0.0548,7.295013940693929e-15
0.05482000000000001,2.235720431832822
0.05484000000000001,3.580274927124272
0.054860000000000006,3.418198064380687
0.054880000000000005,2.276486133751716
0.054900000000000004,-6.431484042903811e-15
0.054920000000000004,-2.0026743738595734
0.05494,-3.015565963517469
0.05496,-2.683609889696072
0.05498,-1.3099463311173558
0.05500000000000001,0.0
0.055020000000000006,3.995735599369736
0.055040000000000006,4.879187348148448
0.055060000000000005,6.003798909889672
0.055080000000000004,3.672655677878369
0.0551,-1.934121722020951e-15
0.05512,-3.073212651770497
0.05514,-5.538255942277839
0.05516000000000001,-5.624811455961139
0.05518000000000001,-3.1159230356519
0.055200000000000006,4.3708674823618515e-15
0.055220000000000005,3.8301513614111022
0.055240000000000004,5.7364466523245525
0.055260000000000004,4.936646979670882
0.05528,3.416924271060919
0.0553,-8.328619147910252e-15
0.05532,-3.8909421362272
0.05534000000000001,-5.70673548440276
0.055360000000000006,-6.493732524478391
0.055380000000000006,-3.4795554372967317
0.055400000000000005,7.672682458803849e-15
0.055420000000000004,3.9432854503434958
0.05544,5.632591591722619
0.05546,5.743494796416159
0.05548,3.357651587665957
0.05550000000000001,3.66907467383489e-15
0.05552000000000001,-3.079046866622649
0.055540000000000006,-4.928720530416607
0.055560000000000005,-5.087788079343449
0.055580000000000004,-3.6788136212414004
0.055600000000000004,1.7269574969944907e-14
0.05562,3.277043112694707
0.05564,5.16195429627088
0.05566,4.968060357650642
0.05568000000000001,3.2660676059119482
0.055700000000000006,-1.5756383838548053e-14
0.055720000000000006,-3.0641611443704155
0.055740000000000005,-6.3047179967388605
0.055760000000000004,-6.135722043893108
0.05578,-3.353583578182855
0.0558,1.7148834586667503e-14
0.05582,3.112642880778608
0.05584000000000001,6.317232301293938
0.05586000000000001,5.5525624486682785
0.055880000000000006,3.452789006363439
0.055900000000000005,-1.560714064540163e-14
0.055920000000000004,-3.9030013184686987
0.055940000000000004,-6.355318637618955
0.05596,-5.321055288082538
0.05598,-3.55096826253044
0.056,0.0
0.05602000000000001,1.6543534104459159
0.056040000000000006,3.446914072184601
0.056060000000000006,2.278974484498689
0.056080000000000005,1.6805255319286916
0.056100000000000004,-1.1187289011198276e-15
0.05612,-2.008034792155557
0.05614,-3.4786252265927713
0.05616,-2.3981095572963484
0.05618000000000001,-1.8194279796740955
0.05620000000000001,1.415046959759705e-15
0.056220000000000006,2.257181181034554
0.056240000000000005,2.438533940396145
0.056260000000000004,2.1841827777957716
0.056280000000000004,1.7727647520214875
0.0563,-4.5688566941825276e-15
0.05632,-1.796948266740873
0.05634,-2.9287500655552114
0.05636000000000001,-3.292713256743159
0.056380000000000006,-2.165616215687765
0.056400000000000006,4.994819608481785e-15
0.056420000000000005,2.2561423186027127
0.056440000000000004,3.4857910822499116
0.05646,3.1065999273492837
0.05648,1.4402205280442046
0.0565,2.2387701213394447e-15
0.05652000000000001,-1.6158891226953853
0.05654000000000001,-3.425535355675831
0.056560000000000006,-3.5295440263648143
0.056580000000000005,-1.3445089292575791
0.056600000000000004,8.36377888894364e-15
0.056620000000000004,2.2273834391622778
0.05664,3.232186354213622
0.05666,2.2843787428384554
0.05668,1.8345704302023758
0.05670000000000001,-1.0172502836548443e-14
0.056720000000000007,-1.9408840548483117
0.056740000000000006,-2.056976238858776
0.056760000000000005,-2.5551232879465977
0.056780000000000004,-1.5544111144093138
0.0568,6.09464922801827e-15
0.05682,1.9502752628638826
0.05684,3.5890496314936597
0.05686000000000001,3.396359034155451
0.05688000000000001,1.9236007736577743
0.056900000000000006,-5.43603491778306e-15
0.056920000000000005,-1.8460771827656761
0.056940000000000004,-2.9529892857620985
0.056960000000000004,-2.1967200439185612
0.05698,-1.8201430086200032
0.057,0.0
0.05702,3.354312043834313
0.05704000000000001,5.1878989186702995
0.05706000000000001,5.8023591023728525
0.057080000000000006,3.147805922569841
0.057100000000000005,-1.970193782269905e-15
0.057120000000000004,-3.308652496430461
0.05714,-5.507251244527327
0.05716,-5.653867894912441
0.05718,-3.396812054407645
0.05720000000000001,4.244006892168133e-15
0.05722000000000001,3.8424580357219082
0.057240000000000006,6.388298889528662
0.057260000000000005,5.2644977211824004
0.057280000000000005,3.8490602022265192
0.057300000000000004,-7.57697209057839e-15
0.05732,-3.083962900569503
0.05734,-5.141555036473183
0.05736,-5.409877323700146
0.05738000000000001,-3.906040451719787
0.05740000000000001,7.88588806866821e-15
0.057420000000000006,3.746048886190468
0.057440000000000005,6.253966789963415
0.057460000000000004,6.292845764373367
0.05748,3.3913151796359333
0.0575,3.862788077617125e-15
0.05752,-3.923591672713618
0.05754000000000001,-5.470104934334052
0.05756000000000001,-5.193944860177086
0.057580000000000006,-3.466135635272432
0.057600000000000005,1.472690660258896e-14
0.057620000000000005,4.001081579553219
0.057640000000000004,6.327374052258809
0.05766,6.258281037264955
0.05768,3.6642115521372
0.0577,-1.470376294875899e-14
0.05772000000000001,-3.8285825625463232
0.05774000000000001,-5.966962415213994
0.057760000000000006,-6.269346145640188
0.057780000000000005,-3.0715503870692067
0.057800000000000004,1.5038774304225503e-14
0.05782,3.0841021768125847
0.05784,6.140475751216534
0.05786,4.904848964742164
0.05788000000000001,3.73782563851117
0.05790000000000001,-1.449633339114043e-14
0.057920000000000006,-3.553201780682876
0.057940000000000005,-5.344357090427861
0.057960000000000005,-5.652478409384717
0.057980000000000004,-3.770872746297473
0.058,0.0
0.05802,2.9998449086370194
0.05804,5.661592745804375
0.05806000000000001,6.4684421358642465
0.05808000000000001,3.699653945784842
0.058100000000000006,-1.7835836935545917e-15
0.058120000000000005,-3.115462781462769
0.058140000000000004,-6.115794472417801
0.05816,-5.066152564128526
0.05818,-3.0632172959683976
0.0582,4.01691890157729e-15
0.05822000000000001,3.6493990149252267
0.05824000000000001,5.546010849816504
0.058260000000000006,5.59705791932875
0.058280000000000005,3.091361786710803
0.058300000000000005,-7.79520720399917e-15
0.058320000000000004,-3.1676256909788156
0.05834,-5.376879174777689
0.05836,-6.016044096362488
0.05838,-3.8686246721085573
0.05840000000000001,6.9217993009245914e-15
0.05842000000000001,3.5431014203052786
0.058440000000000006,5.3516917253104355
0.058460000000000005,5.917554094760185
0.058480000000000004,3.656276804650388
0.0585,4.086525470647125e-15
0.05852,-3.837522147131383
0.05854,-5.793795008812681
0.05856000000000001,-5.663992211872284
0.05858000000000001,-4.046751129519259
0.058600000000000006,1.458819877649033e-14
0.058620000000000005,3.2470264836712617
0.058640000000000005,6.279336696419158
0.058660000000000004,5.997049908229139
0.05868,3.0998549637881596
0.0587,-1.3878827142139308e-14
0.05872,-3.9342425709324553
0.05874000000000001,-6.150474394065843
0.05876000000000001,-6.202695774729419
0.058780000000000006,-3.259347970337263
0.058800000000000005,1.3976397340317618e-14
0.058820000000000004,3.69098031407194
0.05884,6.119071570539226
0.05886,5.887170886599079
0.05888,3.268835816964017
0.05890000000000001,-1.321319750531296e-14
0.05892000000000001,-3.948375683293239
0.058940000000000006,-5.971569939316342
0.058960000000000005,-5.739433547221509
0.058980000000000005,-3.339773733336218
0.059000000000000004,0.0
0.05902,1.6277795154840267
0.05904,2.8108658283481103
0.05906,3.669578681354393
0.05908000000000001,1.5667066982954057
0.05910000000000001,-7.830264741119851e-16
0.059120000000000006,-2.2517638360396193
0.059140000000000005,-3.4485776556243533
0.059160000000000004,-2.527843519784177
0.05918,-1.9809793508274158
0.0592,1.9607788324146588e-15
0.05922,2.2232780678431032
0.05924000000000001,3.4456123645277144
0.05926000000000001,3.5657147018026074
0.059280000000000006,1.4272620698552783
0.059300000000000005,-4.894270536751314e-15
0.059320000000000005,-2.0801196498123598
0.059340000000000004,-2.5942587746613053
0.05936,-2.809663673753075
0.05938,-2.286806229294963
0.0594,4.965378985312807e-15
0.05942000000000001,1.6465300373408231
0.05944000000000001,2.3976852783017595
0.059460000000000006,2.72153212738479
0.059480000000000005,2.0965853929660243
0.059500000000000004,1.375993408514256e-15
0.05952,-1.557959450218752
0.05954,-3.187451670814764
0.05956,-3.6617489532934835
0.05958000000000001,-1.378540375942139
0.05960000000000001,8.982539173612445e-15
0.059620000000000006,1.3579998670329256
0.059640000000000006,3.030380778499609
0.059660000000000005,3.540054624083152
0.059680000000000004,1.3742445586229093
0.0597,-7.691434422477636e-15
0.05972,-1.7774607033133478
0.05974,-2.9403178867221826
0.05976000000000001,-3.4100035168351286
0.05978000000000001,-2.2598517946436796
0.059800000000000006,6.32185724020559e-15
0.059820000000000005,1.2812959647312856
0.059840000000000004,2.1910858694025084
0.059860000000000003,2.045399377964743
0.05988,1.9349056089174776
0.0599,-7.41246790573073e-15
0.05992000000000001,-1.6178667847688832
0.05994000000000001,-3.0365890225778966
0.059960000000000006,-3.289776383946893
0.059980000000000006,-1.9963898628548251
0.060000000000000005,0.0
0.060020000000000004,3.7125364527248403
0.06004,5.3926593798690865
0.06006,5.9383574781176796
0.06008,3.9104902785616344
0.06010000000000001,-1.938565431104102e-15
0.06012000000000001,-3.5496690243656888
0.060140000000000006,-5.661103978795082
0.060160000000000005,-6.3238755197081895
0.060180000000000004,-3.291814404687526
0.060200000000000004,3.445532012935126e-15
0.06022,4.020583777196165
0.06024,4.9692546787770375
0.06026000000000001,4.953865753338524
0.06028000000000001,3.4216341051727643
0.060300000000000006,-7.618040860550113e-15
0.060320000000000006,-3.5803533516879904
0.060340000000000005,-6.088364953141576
0.060360000000000004,-5.373343810740631
0.06038,-3.4177441943224123
0.0604,7.745356057265172e-15
0.06042,3.0370409820396356
0.06044000000000001,6.205092067233778
0.06046000000000001,4.996077598756265
0.060480000000000006,3.580529650945193
0.060500000000000005,3.957463452184371e-15
0.060520000000000004,-3.0120160152506754
0.060540000000000004,-6.550865701073567
0.06056,-5.981385824276655
0.06058,-3.4785866933292406
0.06060000000000001,1.8165260844248292e-14
0.06062000000000001,3.295130313936695
0.060640000000000006,5.506060332210704
0.060660000000000006,6.230580958333862
0.060680000000000005,3.6239281501067024
0.060700000000000004,-1.7115015754387626e-14
0.06072,-3.046412115747371
0.06074,-6.135924567868769
0.06076,-6.228976431713754
0.06078000000000001,-3.3071732138334475
0.06080000000000001,1.6695324805559403e-14
0.060820000000000006,3.3400180303333746
0.060840000000000005,4.995531578985242
0.060860000000000004,5.058030545474639
0.060880000000000004,3.299242052154018
0.0609,-1.4690989541854155e-14
0.06092,-3.5721260272093707
0.06094000000000001,-5.400164391533098
0.06096000000000001,-5.32200227230248
0.060980000000000006,-3.2231747826782824
0.061000000000000006,0.0
0.061020000000000005,2.155027445079319
0.061040000000000004,2.694842908484719
0.06106,2.9040758082432627
0.06108,1.4514776687740356
0.0611,-1.2473605893612005e-15
0.06112000000000001,-1.6774526556150293
0.06114000000000001,-3.237911363371032
0.061160000000000006,-2.50477789577175
0.061180000000000005,-1.8439124569306764
0.061200000000000004,2.3429694126231566e-15
0.061220000000000004,2.018990669276573
0.06124,3.0323428615963635
0.06126,2.8606265579800554
0.06128000000000001,2.148512744760323
0.06130000000000001,-3.42830419067191e-15
0.061320000000000006,-1.516460899255027
0.061340000000000006,-2.476751648283072
0.061360000000000005,-2.3954474320078805
0.061380000000000004,-2.187848047225392
0.0614,3.6599592722001865e-15
0.06142,1.9311338228680837
0.06144000000000001,2.015386264672356
0.06146000000000001,2.6849925294344934
0.06148000000000001,1.707805978373001
0.061500000000000006,2.100604366596437e-15
0.061520000000000005,-2.2454993957622142
0.061540000000000004,-2.2854053798657588
0.061560000000000004,-2.1705525429329833
0.06158,-1.2525763519169724
0.0616,6.7496819317415305e-15
0.06162000000000001,2.1651396696410643
0.06164000000000001,2.6159117840333503
0.061660000000000006,2.1850539298252594
0.061680000000000006,1.9095493030116486
0.061700000000000005,-8.484497131036814e-15
0.061720000000000004,-1.6731464584918538
0.06174,-3.141560290156855
0.06176,-3.001165716416524
0.06178000000000001,-1.9635177086001434
0.06180000000000001,5.734754215728734e-15
0.06182000000000001,1.4463620732930416
0.061840000000000006,2.8975350835266394
0.061860000000000005,3.7076033185879433
0.061880000000000004,2.0993304188077415
0.061900000000000004,-5.5835866029399776e-15
0.06192,-1.7522066578702746
0.06194,-2.691873906396197
0.06196000000000001,-3.2395229800406744
0.06198000000000001,-2.003108146658962
0.062000000000000006,0.0
0.062020000000000006,1.505984597700695
0.062040000000000005,3.6587859810891747
0.062060000000000004,3.309713690940149
0.06208,1.4046249131606894
0.0621,-9.830615033177858e-16
0.06212000000000001,-2.2555517678491532
0.06214000000000001,-3.5498388816917807
0.06216000000000001,-2.369422660609659
0.062180000000000006,-1.4119618787668373
0.062200000000000005,1.8394593958342553e-15
0.062220000000000004,1.8530493117947975
0.062240000000000004,2.9283218530786796
0.06226,2.7965953868229425
0.06228,2.0851294114337655
0.06230000000000001,-4.208611974382431e-15
0.06232000000000001,-1.6589426453561857
0.062340000000000007,-2.3051805506870022
0.062360000000000006,-3.483557256013254
0.062380000000000005,-1.4124260202809331
0.062400000000000004,4.956341305139623e-15
0.06242,1.7456751365459537
0.06244,3.351608651959326
0.06246000000000001,3.2450588601531356
0.06248000000000001,1.9504117209490306
0.0625,1.3032260721324685e-15
0.06252,-1.9451747511897128
0.06254,-3.010305940057459
0.06256,-3.4754738842200235
0.06258000000000001,-1.368275436216463
0.0626,6.7850159594380635e-15
0.06262000000000001,1.4779308841962258
0.06264,3.497967333028709
0.06266000000000001,3.220443015059109
0.06268,1.5427427091986476
0.0627,-6.285477373812637e-15
0.06272000000000001,-1.8145861042276197
0.06274,-3.514849085273875
0.06276000000000001,-3.383678839050015
0.06278,-2.2414000413683524
0.06280000000000001,6.711018739873326e-15
0.06282,1.5839938897421604
0.06284000000000001,2.6364501705553383
0.06286,2.468838583067883
0.06288,1.7973472124257237
0.06290000000000001,-9.510137934091906e-15
0.06292,-1.547243386428039
0.06294000000000001,-2.2676197588199134
0.06296,-3.4006736799535564
0.06298000000000001,-2.0506826268977925
0.063,0.0
0.06302,3.589206029649313
0.06304,5.463575910667606
0.06306,6.4323625769649295
0.06308000000000001,3.5082903544555677
0.0631,-1.996381226599671e-15
0.06312000000000001,-3.7678162755001994
0.06314,-6.196051443591057
0.06316000000000001,-6.134240197220366
0.06318,-3.1455497593094632
0.0632,4.05861577349509e-15
0.06322,3.23909087291392
0.06324,4.957618519624432
0.06326000000000001,5.502384398635265
0.06328,3.5530759808190293
0.06330000000000001,-7.347655610768039e-15
0.06332,-3.3235409495132195
0.06334000000000001,-5.194998072864209
0.06336,-6.140086404373711
0.06338,-3.734666699844014
0.06340000000000001,8.06412451642347e-15
0.06342,3.320720824561923
0.06344000000000001,5.3537386452340865
0.06346,5.880267718330352
0.06348000000000001,3.806432752701374
0.0635,4.056246659119352e-15
0.06352000000000001,-3.6937020461644017
0.06354,-6.292693760922887
0.06356,-6.0474786242017675
0.06358000000000001,-3.4865948364746355
0.0636,1.7098095020406443e-14
0.06362000000000001,3.184358477533997
0.06364,5.283449651251181
0.06366000000000001,5.402508076547647
0.06368,3.0765629859842925
0.0637,-1.6980959606248812e-14
0.06372,-3.7876339626533055
0.06374,-5.145027349306328
0.06376000000000001,-5.105769593192658
0.06378,-3.0265320398510824
0.06380000000000001,1.511198243786313e-14
0.06382,3.4923511247215693
0.06384000000000001,5.5339912342404185
0.06386,5.938794374581943
0.06388,3.5920307374528786
0.0639,-1.5320961909028704e-14
0.06392,-3.8457428606991955
0.06394000000000001,-6.532776660801048
0.06396,-5.517298165130028
0.06398000000000001,-3.1947166272405214
0.064,0.0
0.06402000000000001,2.064188234991065
0.06404,3.517971688305917
0.06406,2.008990172072323
0.06408000000000001,1.7147617337690861
0.0641,-1.0006560423416234e-15
0.06412000000000001,-1.9871281002298957
0.06414,-2.986921181085438
0.06416000000000001,-3.0194091683690782
0.06418,-1.36284123739112
0.06420000000000001,1.5337284841549149e-15
0.06422,2.0286515372989395
0.06424,2.286717249549846
0.06426000000000001,3.360319999575005
0.06428,1.3390884766777547
0.06430000000000001,-4.8219201959307376e-15
0.06432,-2.25086437318674
0.06434000000000001,-2.2233077820372755
0.06436,-2.7277934660378818
0.06438,-1.9447886880089416
0.0644,4.125656971422815e-15
0.06442,1.5663660457090047
0.06444000000000001,3.409431685653716
0.06446,2.31771722908334
0.06448000000000001,1.7542906417887658
0.0645,1.4876503544764016e-15
0.06452000000000001,-1.417898806588129
0.06454,-3.5946860745818245
0.06456,-2.280169522533215
0.06458,-1.3815654842273164
0.0646,6.341718820726503e-15
0.06462000000000001,1.2385618273332448
0.06464,3.2040148537300475
0.06466000000000001,2.948872373629304
0.06468,1.998546493366606
0.06470000000000001,-7.477661993554861e-15
0.06472,-1.2788392601083607
0.06474,-1.9991705407868687
0.06476000000000001,-3.679542054065016
0.06478,-2.02423367382781
0.06480000000000001,5.477977658671127e-15
0.06482,1.9198443224077821
0.06484000000000001,3.303719308032062
0.06486,3.000212825037412
0.06488000000000001,2.054644505793912
0.0649,-5.267956215986342e-15
0.06492,-1.2585833315192858
0.06494000000000001,-2.040444855024176
0.06496,-2.77038232661741
0.06498000000000001,-1.6189580792400844
0.065,0.0
0.06502000000000001,3.6623812264125557
0.06504,5.421275189029697
0.06506,6.529043295366144
0.06508,3.400691141110368
0.0651,-2.10503638045814e-15
0.06512000000000001,-3.462017515060253
0.06514,-6.1244850132566615
0.06516000000000001,-6.102399926076908
0.06518,-3.015946436923213
0.06520000000000001,3.838878165016839e-15
0.06522,3.9105554642532527
0.06524,6.522413534128021
0.06526,5.3583735670708545
0.06528,3.1421359897419725
0.06530000000000001,-7.39349605487963e-15
0.06532,-3.6498702043612274
0.06534000000000001,-6.028276464227168
0.06536,-5.172053552635545
0.06538000000000001,-3.8310026218348865
0.0654,7.558190041601944e-15
0.06542,3.7530771169625647
0.06544000000000001,6.503383348871252
0.06546,5.6472875773703635
0.06548000000000001,3.113558041690056
0.0655,4.131242598769688e-15
0.06552000000000001,-3.2428509387870275
0.06554,-4.883380363192739
0.06556000000000001,-5.58872749002529
0.06558,-3.3666268674213224
0.0656,1.62197783091269e-14
0.06562000000000001,3.9243308307744282
0.06564,6.277249196398197
0.06566000000000001,4.873337971407177
0.06568,3.9066865154625146
0.06570000000000001,-1.3766562207122352e-14
0.06572,-3.3098126026487895
0.06574,-6.062538275609668
0.06576,-5.083268851043116
0.06578,-3.353955724996507
0.06580000000000001,1.55196643766634e-14
0.06582,3.4855291371432
0.06584000000000001,5.526841848834065
0.06586,5.425090786748227
0.06588000000000001,3.8025619429466855
0.0659,-1.6889884102776077e-14
0.06592,-3.060482808495719
0.06594,-5.435986794531222
0.06596,-5.8135363859577405
0.06598000000000001,-3.022394530763068
0.066,0.0
0.06602000000000001,3.306968758493031
0.06604,4.9925462391631275
0.06606000000000001,5.468900962107702
0.06608,3.515934269945664
0.0661,-2.091140246371299e-15
0.06612000000000001,-3.4776797002239337
0.06614,-6.30040629704395
0.06616000000000001,-5.787774120585705
0.06618,-3.1698933513454213
0.06620000000000001,3.3690221964872076e-15
0.06622,3.613650726227999
0.06624000000000001,5.493876432938448
0.06626,6.517479178170277
0.06628,3.095288561789298
0.06630000000000001,-8.358314052167936e-15
0.06632,-3.101431301560107
0.06634000000000001,-5.333738346628015
0.06636,-5.661796910970929
0.06638000000000001,-3.6577772201284855
0.0664,7.710900262634415e-15
0.06642,3.567779150247562
0.06644,5.006491265784931
0.06646,6.481394904851434
0.06648000000000001,3.964757414258016
0.0665,3.1449007511679474e-15
0.06652000000000001,-3.611762827628339
0.06654,-6.005045454093507
0.06656000000000001,-6.040804745155003
0.06658,-4.004405602358114
0.0666,1.769218392433134e-14
0.06662,3.996187456299521
0.06664,4.941910979711334
0.06666000000000001,4.889411692879055
0.06668,3.7844820635778267
0.06670000000000001,-1.5669820808961092e-14
0.06672,-3.346754711734731
0.06674000000000001,-5.78265237958907
0.06676,-5.422245842540433
0.06678,-3.7181941256980164
0.06680000000000001,1.5319389730728998e-14
0.06682,3.302379468073122
0.06684000000000001,5.900174907479116
0.06686,5.511980982546944
0.06688000000000001,3.5249865168770196
0.0669,-1.4463512902534718e-14
0.06692000000000001,-3.7712725288963664
0.06694,-6.299576092792807
0.06696,-5.577251568130077
0.06698000000000001,-3.0355577928694135
0.067,0.0
0.06702000000000001,2.074331229988631
0.06704,2.867097356111704
0.06706000000000001,3.2848468207369783
0.06708,1.9781106863141542
0.0671,-8.3808236185128e-16
0.06712,-1.3473253680096646
0.06714,-2.7953017009520487
0.06716000000000001,-3.0358701198698843
0.06718,-1.6424443921227458
0.06720000000000001,1.9835558382590173e-15
0.06722,2.1728364621631333
0.06724000000000001,3.183126472036251
0.06726,3.403261233994443
0.06728,1.4252586729534558
0.0673,-3.6100139033472304e-15
0.06732,-1.629451198094499
0.06734000000000001,-3.341180008585991
0.06736,-3.2885766416035596
0.06738000000000001,-1.4896220880340205
0.0674,3.267724430660571e-15
0.06742000000000001,1.8364866793191703
0.06744,3.6377784551198955
0.06746,3.067256817288039
0.06748000000000001,1.2978813249829133
0.0675,1.3269534370055141e-15
0.06752000000000001,-1.4208761603668272
0.06754,-2.941116990158947
0.06756000000000001,-3.2269952454905977
0.06758,-1.8080827408476154
0.06760000000000001,7.0164961750852256e-15
0.06762,1.370790906222329
0.06764,2.0939969361839927
0.06766000000000001,3.649434558427874
0.06768,1.4314822008920254
0.06770000000000001,-1.0187016182447936e-14
0.06772,-1.3468998844648992
0.06774000000000001,-3.385415640595412
0.06776,-3.43429778787013
0.06778,-1.4415739233184344
0.0678,9.869894763129916e-15
0.06782,2.0052336905868815
0.06784000000000001,2.011613596578767
0.06786,2.749958856282003
0.06788000000000001,1.7031863497626138
0.0679,-8.767307942689238e-15
0.06792000000000001,-1.5531267078415105
0.06794,-2.6256933287011055
0.06796,-3.145502210274239
0.06798,-1.4685524849675613
0.068,0.0
0.06802000000000001,3.7727490780500306
0.06804,6.055268539801078
0.06806000000000001,5.937556349778149
0.06808,3.096613564717034
0.06810000000000001,-2.1201582876875553e-15
0.06812,-3.1398426767194216
0.06814,-5.03159506108498
0.06816000000000001,-6.525434644359051
0.06818,-3.037370025807169
0.06820000000000001,4.237458895000808e-15
0.06822,3.7070140198825503
0.06824000000000001,5.2558607868261715
0.06826,5.102719027080043
0.06828000000000001,3.4913397505099937
0.0683,-8.848381999986585e-15
0.06832,-3.3284420763078595
0.06834000000000001,-5.649253534894355
0.06836,-6.151818188670858
0.06838000000000001,-3.616051114803436
0.0684,8.293664992113833e-15
0.06842000000000001,3.1930659351655764
0.06844,6.086750787047083
0.06846000000000001,5.217359055373999
0.06848,3.3407051174096623
0.0685,4.059432865406969e-15
0.06852000000000001,-3.472995018475604
0.06854,-5.962328137850366
0.06856000000000001,-4.942501445483361
0.06858,-3.1613962044067603
0.06860000000000001,1.9321988796230638e-14
0.06862,3.0949670215835003
0.06864,5.537033669254667
0.06866,5.783922698987351
0.06868,3.3108828525029175
0.06870000000000001,-1.6397281150339343e-14
0.06872,-2.9979503398153904
0.06874000000000001,-5.009497734392239
0.06876,-5.032372808658289
0.06878000000000001,-3.4159489925123823
0.0688,1.7077145764626374e-14
0.06882,3.3923632490207623
0.06884000000000001,5.252616172881897
0.06886,5.927991074551141
0.06888000000000001,3.203659642815504
0.0689,-1.3027863193313593e-14
0.06892000000000001,-3.4643067290824905
0.06894,-6.451778036072268
0.06896000000000001,-5.648270098879403
0.06898,-3.9970069065983522
0.069,0.0
0.06902000000000001,3.1179851905292586
0.06904,5.52767186761568
0.06906000000000001,5.763053484941357
0.06908,3.859445976631579
0.06910000000000001,-1.6597954285584412e-15
0.06912,-3.953499483538909
0.06914000000000001,-5.870770089167191
0.06916,-5.97812335865291
0.06918,-3.680171215043598
0.06920000000000001,4.010225833318473e-15
0.06922,3.056334333915698
0.06924000000000001,5.123878259390981
0.06926,6.2575113185942355
0.06928000000000001,3.300141100286709
0.0693,-7.549698577071175e-15
0.06932,-3.083150928698664
0.06934,-5.4391928837972285
0.06936,-4.915076825373376
0.06938000000000001,-3.8615265845033386
0.0694,8.316777745865612e-15
0.06942000000000001,3.9393031938497667
0.06944,5.012669112856565
0.06946000000000001,6.039711856132148
0.06948,3.0946313516757824
0.0695,3.2393819227143696e-15
0.06952000000000001,-3.0703491062267845
0.06954,-6.064111417252976
0.06956000000000001,-6.046463189052053
0.06958,-3.4739794769679153
0.06960000000000001,1.9108688919514888e-14
0.06962,3.2597620550643573
0.06964000000000001,5.5638793213911155
0.06966,5.2310425832752605
0.06968,3.6416030192460895
0.06970000000000001,-1.849512498758351e-14
0.06972,-3.7112876284076117
0.06974000000000001,-6.361087029727938
0.06976,-5.157664943989387
0.06978000000000001,-3.388273676908826
0.0698,1.4810310614731214e-14
0.06982000000000001,3.531714628389781
0.06984,5.771757125141767
0.06986,4.929012876030129
0.06988000000000001,3.082746459606327
0.0699,-1.4141373258245416e-14
0.06992000000000001,-3.8091373636631607
0.06994,-5.534285300715042
0.06996000000000001,-6.466718605892825
0.06998,-3.648014634325555
0.07,0.0
0.07002,1.5021497150400613
0.07004,3.0893507871769317
0.07006000000000001,2.9096251340480315
0.07008,2.0806389716774123
0.07010000000000001,-7.735420786162973e-16
0.07012,-1.353840566094565
0.07014000000000001,-2.4966951465122
0.07016,-2.4833451646641507
0.07018,-1.8299227277626444
0.07020000000000001,2.1995574753154638e-15
0.07022,2.165968421889951
0.07024000000000001,2.4132442860060457
0.07026,2.161815791830567
0.07028000000000001,1.833656391674601
0.0703,-4.18604032831533e-15
0.07032000000000001,-2.2594651197770053
0.07034,-2.131509526431751
0.07036,-2.600064697790737
0.07038000000000001,-1.354692077553778
0.0704,2.9953423475781566e-15
0.07042000000000001,2.2392103669687384
0.07044,3.309875218389145
0.07046000000000001,3.6766241630363212
0.07048,2.0474883005369087
0.07050000000000001,1.9971604736164143e-15
0.07052,-1.3437828489482906
0.07054,-2.9042362352973283
0.07056000000000001,-2.6456597983798207
0.07058,-1.5617248444906997
0.07060000000000001,9.390673614118108e-15
0.07062,1.723748566613984
0.07064000000000001,2.1862165016745547
0.07066,2.8257354522618416
0.07068,2.226827620301776
0.0707,-6.9784963514319056e-15
0.07072,-2.1148751898736897
0.07074000000000001,-2.781645100913111
0.07076,-2.206429962197838
0.07078000000000001,-2.2787663481965192
0.0708,9.164840073903068e-15
0.07082000000000001,2.2012415624202375
0.07084,3.289977403078908
0.07086,2.1057051298253526
0.07088000000000001,1.8084836040355325
0.0709,-7.983476190440134e-15
0.07092000000000001,-2.001797766199885
0.07094,-3.602527346709905
0.07096000000000001,-2.155813229954982
0.07098,-1.6301935301146209
0.07100000000000001,0.0
0.07102,1.6835311916453164
0.07104,2.8927037036628898
0.07106000000000001,2.5744356132266795
0.07108,1.7995072717020844
0.07110000000000001,-7.201827198087691e-16
0.07112,-2.2715781433096063
0.07114000000000001,-2.703602051727344
0.07116,-3.3372200869848943
0.07118000000000001,-2.219509354373137
0.0712,1.8058695251607442e-15
0.07122,1.3915661268360706
0.07124000000000001,2.4234270238993507
0.07126,2.021037540298801
0.07128000000000001,1.5535337053098182
0.0713,-3.32488453411459e-15
0.07132000000000001,-2.280956991348228
0.07134,-2.618906817140761
0.07136,-3.6236477541073713
0.07138,-1.2408123711831163
0.0714,4.5941971372567505e-15
0.07142000000000001,1.8206294370028642
0.07144,2.4879867927177863
0.07146000000000001,3.3950920696799654
0.07148,1.5321754680984054
0.07150000000000001,1.6864677857060064e-15
0.07152,-2.157798956058606
0.07154,-2.4046430322960095
0.07156000000000001,-2.5385484875272577
0.07158,-1.389421769864403
0.07160000000000001,9.522257278680429e-15
0.07162,1.6941579211730302
0.07164000000000001,2.2781321320245618
0.07166,3.3024182871287544
0.07168000000000001,2.1890929085230746
0.0717,-8.216857251264763e-15
0.07172,-1.528329386508509
0.07174000000000001,-3.0931221178056796
0.07176,-2.592752530440679
0.07178000000000001,-2.008950816555039
0.0718,6.5794971723705596e-15
0.07182000000000001,1.468100220986516
0.07184,2.3121668657221277
0.07186000000000001,2.543879180307785
0.07188,1.6028484767772389
0.0719,-7.645377074028337e-15
0.07192000000000001,-2.0033897782065884
0.07194,-2.3748686369534244
0.07196000000000001,-2.5519514147800617
0.07198,-1.8694035991184268
0.07200000000000001,0.0
0.07202,1.3195700074324008
0.07204,2.769096954647401
0.07206,2.617647251962947
0.07208,1.2394445699539496
0.07210000000000001,-9.266962854516147e-16
0.07212,-1.4050487709691084
0.07214000000000001,-2.9847778610174562
0.07216,-3.3716221292659387
0.07218000000000001,-1.637368113206558
0.0722,1.875966257367716e-15
0.07222,1.8513733472449438
0.07224000000000001,2.4703094337562352
0.07226,2.982349256339089
0.07228000000000001,2.0425096481906007
0.0723,-4.740933146254207e-15
0.07232000000000001,-2.1716518864070524
0.07234,-2.5063035759266428
0.07236000000000001,-2.9335599077272434
0.07238,-1.319105727911024
0.0724,4.532753718419544e-15
0.07242000000000001,2.2851874220652317
0.07244,2.956381545836995
0.07246000000000001,3.5028634967736347
0.07248,1.8812291126759213
0.07250000000000001,1.5613858667301795e-15
0.07252,-1.3566863658689172
0.07254000000000001,-2.920924778585768
0.07256,-3.682767952644419
0.07258,-1.9934509738734556
0.07260000000000001,7.579863924563221e-15
0.07262,1.8040137750622323
0.07264000000000001,3.6816401915759953
0.07266,2.9127290834682755
0.07268000000000001,1.685379433575159
0.0727,-6.14848312850407e-15
0.07272,-1.5729192234766218
0.07274,-2.4243154210380866
0.07276,-3.2408730836609307
0.07278000000000001,-1.795128094036879
0.0728,9.280256095453964e-15
0.07282000000000001,2.000678252938112
0.07284,2.1193382540465713
0.07286000000000001,2.1310038661623505
0.07288,1.2584116407524972
0.0729,-5.2580150369470755e-15
0.07292000000000001,-1.4008837274998405
0.07294,-3.4322515293891445
0.07296000000000001,-3.4894017548903755
0.07298,-1.2923918197891942
0.07300000000000001,0.0
0.07302,3.6095490386003415
0.07304000000000001,6.279104178912828
0.07306,6.096765104607809
0.07308,3.3388653038458784
0.07310000000000001,-1.8266139099857256e-15
0.07312,-3.382774611984478
0.07314000000000001,-6.024745038429211
0.07316,-5.384664547741911
0.07318000000000001,-3.491178920862011
0.0732,4.0110349455845806e-15
0.07322000000000001,3.5373197751807286
0.07324,5.379338541168965
0.07326,5.352413197467206
0.07328000000000001,4.006359431217395
0.0733,-7.76983458984628e-15
0.07332000000000001,-3.4292626100375188
0.07334,-5.397133773876193
0.07336000000000001,-5.969369393878386
0.07338,-3.127088556166512
0.0734,7.856655295950845e-15
0.07342,3.73538572135848
0.07344,6.040940047709403
0.07346000000000001,6.312741210030089
0.07348,4.049337999620934
0.07350000000000001,3.6903156568943986e-15
0.07352,-3.5552821230808562
0.07354000000000001,-5.568201781675952
0.07356,-5.138016045069085
0.07358,-3.675968998045829
0.07360000000000001,1.5744776316758346e-14
0.07362,3.6355238215854246
0.07364000000000001,5.068517838947075
0.07366,6.503055391832186
0.07368000000000001,3.9792670122393767
0.0737,-1.597338676692188e-14
0.07372000000000001,-3.0743613601394646
0.07374,-5.354631961571205
0.07376,-5.92059252528448
0.07378000000000001,-3.1093334518291313
0.0738,1.740993440314672e-14
0.07382000000000001,3.016002058742902
0.07384,5.510775437981499
0.07386000000000001,5.088355083726819
0.07388,3.4314345957371013
0.07390000000000001,-1.5865536480366775e-14
0.07392,-2.999692465843634
0.07394,-5.243063260076848
0.07396000000000001,-6.314608684553708
0.07398,-3.6039398055458514
0.07400000000000001,0.0
0.07402,3.895130252646884
0.07404000000000001,5.280044015863872
0.07406,5.279513494398254
0.07408000000000001,3.813425951748979
0.0741,-1.9151378696601613e-15
0.07412,-4.0387211525478675
0.07414000000000001,-6.203250005681892
0.07416,-5.116183077444248
0.07418000000000001,-4.049647952708212
0.0742,3.3701240215915676e-15
0.07422000000000001,3.906588154970754
0.07424,5.783027650569553
0.07426,5.03212159759397
0.07428000000000001,4.029977973815646
0.0743,-7.965454927982607e-15
0.07432000000000001,-3.8862962180779244
0.07434,-6.320939450349366
0.07436000000000001,-6.5506549173347
0.07438,-3.9761372156318626
0.07440000000000001,7.307478403602427e-15
0.07442,4.005750990472234
0.07444,5.911832490795184
0.07446000000000001,4.856477829085429
0.07448,3.7709798942197112
0.07450000000000001,3.371938663897099e-15
0.07452,-3.452602921584625
0.07454000000000001,-5.045989583167032
0.07456,-5.9921080079213125
0.07458000000000001,-3.479359900995139
0.0746,1.4850541444559775e-14
0.07462,3.4526684495390256
0.07464000000000001,5.850451297749911
0.07466,6.333017542248052
0.07468000000000001,3.5230631717973986
0.0747,-1.679612382967533e-14
0.07472000000000001,-3.0163147746312107
0.07474,-6.043692307528076
0.07476000000000001,-5.618303054766776
0.07478,-3.4899520055329742
0.0748,1.476467606405669e-14
0.07482000000000001,3.595039989497802
0.07484,6.11570860857824
0.07486000000000001,4.989394842820669
0.07488,3.3080337132879314
0.07490000000000001,-1.649061095171703e-14
0.07492,-3.1490265360096266
0.07494,-6.461402939484474
0.07496000000000001,-5.059941243843745
0.07498,-3.2135943295683993
0.07500000000000001,0.0
0.07502,1.7006052797780034
0.07504000000000001,2.683019682535221
0.07506,2.6126095865807706
0.07508000000000001,1.3773971719972133
0.0751,-8.939308928474573e-16
0.07512,-1.6021892437322638
0.07514000000000001,-2.8072074803262552
0.07516,-2.2309331401941024
0.07518000000000001,-1.7433789990790713
0.0752,1.559185730089909e-15
0.07522000000000001,2.2043105544071273
0.07524,2.602544895192853
0.07526000000000001,2.004250105915279
0.07528,1.914730027497233
0.0753,-4.400114090319699e-15
0.07532000000000001,-2.130558278927813
0.07534,-2.6516039457288514
0.07536000000000001,-2.3613325686718074
0.07538,-1.5460260960096404
0.07540000000000001,3.295429999850359e-15
0.07542,1.4594941367566232
0.07544000000000001,2.5550613856352253
0.07546,2.9800048089581
0.07548,1.8816042515152118
0.07550000000000001,1.7535596934440505e-15
0.07552,-2.1528170082826503
0.07554000000000001,-2.650823752703652
0.07556,-3.372610027558119
0.07558000000000001,-1.3434494294601511
0.0756,1.0571399330700627e-14
0.07562,1.9218832262789336
0.07564000000000001,3.2080736198690434
0.07566,3.395334195213241
0.07568000000000001,1.8471166032438462
0.0757,-6.191237924130746e-15
0.07572000000000001,-1.7007394648046374
0.07574,-3.2961059185944013
0.07576000000000001,-2.749070579084817
0.07578,-2.2741389391048603
0.0758,8.607699588045195e-15
0.07582000000000001,1.8555156706636446
0.07584,2.936719452137554
0.07586000000000001,3.0735409058227465
0.07588,2.2249634175988553
0.07590000000000001,-8.744543707147963e-15
0.07592,-1.878183465741275
0.07594000000000001,-2.1249178422846398
0.07596,-3.049222461118029
0.07598,-1.3349665266736686
0.07600000000000001,0.0
0.07602,3.8756861663089555
0.07604000000000001,5.262954366464192
0.07606,5.116253706462988
0.07608000000000001,3.703905573336097
0.0761,-2.0435690248183285e-15
0.07612000000000001,-3.599267646420649
0.07614,-5.541920218885583
0.07616,-6.107526061533072
0.07618000000000001,-3.6694807947170363
0.0762,4.4243698293021955e-15
0.07622000000000001,3.1396342203262058
0.07624,5.619418979301618
0.07626000000000001,5.804401803020711
0.07628,3.4135351224179633
0.0763,-7.999412807909705e-15
0.07632000000000001,-3.826678849338875
0.07634,-5.5539156453330465
0.07636000000000001,-5.209966988697868
0.07638,-3.949430633109135
0.07640000000000001,8.466843798727428e-15
0.07642,3.314717756081845
0.07644000000000001,6.246774102463937
0.07646,5.747380130721093
0.07648,3.2403639013037906
0.07650000000000001,3.479222149403489e-15
0.07652,-3.030511258808287
0.07654000000000001,-6.184725885890021
0.07656,-5.5869545476590465
0.07658000000000001,-3.3518584326868375
0.0766,1.8661682321316892e-14
0.07662000000000001,3.1895708250956796
0.07664,5.933120249644978
0.07666,5.866366965262285
0.07668000000000001,3.6709439779408166
0.0767,-1.4572948004160986e-14
0.07672000000000001,-3.553804692211972
0.07674,-5.883643254496765
0.07676000000000001,-5.958458757373816
0.07678,-3.338720471486732
0.07680000000000001,1.650927707274757e-14
0.07682,3.252979273713227
0.07684,5.457384295554898
0.07686000000000001,6.148871946780269
0.07688,3.865465532133685
0.07690000000000001,-1.2578491403106366e-14
0.07692,-3.3229054044428046
0.07694000000000001,-5.098829601507503
0.07696,-6.128073362235558
0.07698,-3.446909773928654
0.07700000000000001,0.0
0.07702,3.4714985029016456
0.07704000000000001,6.026710790351781
0.07706,5.308494246020252
0.07708000000000001,3.103150818472306
0.0771,-1.6547709063346922e-15
0.07712000000000001,-3.0617629855777984
0.07714,-6.025865947219486
0.07716,-5.6934383503612445
0.07718000000000001,-3.0305762489995813
0.0772,3.825083075582456e-15
0.07722000000000001,3.671598500639798
0.07724,6.003312328735336
0.07726000000000001,6.210175460316641
0.07728,3.0505204023704318
0.07730000000000001,-8.225369598658808e-15
0.07732,-3.730708949469129
0.07734,-5.739807399971271
0.07736000000000001,-5.691330817089298
0.07738,-3.6860794682212457
0.07740000000000001,7.661299345160256e-15
0.07742,4.042758509833739
0.07744000000000001,5.582193689395871
0.07746,5.172849190564174
0.07748000000000001,3.5526323541339915
0.0775,4.109845982543719e-15
0.07752,-3.1670878011310792
0.07754000000000001,-5.642388524744361
0.07756,-6.216909693886259
0.07758000000000001,-3.4108856373012144
0.0776,1.8678225961254266e-14
0.07762000000000001,3.2994685323417654
0.07764,6.074375952758619
0.07766,6.461287233808399
0.07768000000000001,3.6664156719534526
0.0777,-1.6756800222878097e-14
0.07772000000000001,-3.2366881245497594
0.07774,-5.246698694039045
0.07776000000000001,-5.989106667021489
0.07778,-4.00216118621508
0.07780000000000001,1.529353894971707e-14
0.07782,4.014887975621315
0.07784,6.548806615857773
0.07786000000000001,6.013083890257376
0.07788,3.1129278330387233
0.07790000000000001,-1.3605832428616396e-14
0.07792,-3.74947000304056
0.07794000000000001,-5.0267404694205835
0.07796,-6.5055633077016815
0.07798000000000001,-3.813874415453625
0.078,0.0
0.07802,1.6318836214608214
0.07804000000000001,3.0350807170209553
0.07806,2.7177422677502783
0.07808000000000001,1.8586801125661379
0.0781,-1.1339589389552137e-15
0.07812000000000001,-1.371153238669711
0.07814,-2.282610082180057
0.07816000000000001,-2.793206116909566
0.07818,-1.9375555837523097
0.0782,2.2073677950873717e-15
0.07822000000000001,1.4745283980787858
0.07824,2.9642524049342835
0.07826000000000001,2.948918179523989
0.07828,1.5327704273893497
0.07830000000000001,-4.317663874102737e-15
0.07832,-1.8095097116112921
0.07834,-2.3072261037671287
0.07836000000000001,-3.190454495716287
0.07838,-1.9101099093437475
0.07840000000000001,4.675155796415365e-15
0.07842,2.1768006563035893
0.07844000000000001,2.9196095633246757
0.07846,3.301508509310715
0.07848000000000001,1.9722354106022884
0.0785,1.4746383053241188e-15
0.07852,-2.2778601219189802
0.07854000000000001,-3.552374991621499
0.07856,-3.6336707896787344
0.07858000000000001,-1.5856286525960013
0.0786,9.873203717741135e-15
0.07862000000000001,1.8073349546646003
0.07864,2.509364813511412
0.07866000000000001,2.416932584572521
0.07868,1.6761767733883455
0.0787,-1.045983777973067e-14
0.07872000000000001,-1.3139131151149417
0.07874,-2.410064719354971
0.07876000000000001,-3.555156023012213
0.07878,-1.586868656217221
0.07880000000000001,6.042717617723993e-15
0.07882,1.770313773909956
0.07884000000000001,3.1862341682342077
0.07886,2.2571008345428014
0.07888,2.163626815391461
0.07890000000000001,-7.248851227085011e-15
0.07892,-1.9823938713832632
0.07894000000000001,-3.394577128158035
0.07896,-2.771533514412761
0.07898000000000001,-1.943128514066565
0.079,0.0
0.07902,1.364771843637223
0.07904000000000001,2.8923486575400204
0.07906,3.2562920995738933
0.07908000000000001,2.166935882049538
0.0791,-7.355333717961724e-16
0.07912000000000001,-1.3428261346561958
0.07914,-2.486764679953066
0.07916000000000001,-2.133959643292633
0.07918,-1.4201601757790117
0.0792,1.6493698526862667e-15
0.07922000000000001,2.207924042889013
0.07924,2.259303228961871
0.07926000000000001,3.681097309689988
0.07928,1.8359421356710506
0.07930000000000001,-3.561178009553437e-15
0.07932,-2.0788282329455665
0.07934000000000001,-2.7504356545589195
0.07936,-3.0347941380011663
0.07938,-1.4892450932106587
0.07940000000000001,3.1780447496816163e-15
0.07942,2.2863071442813845
0.07944000000000001,3.649401641016558
0.07946,3.3438896252047763
0.07948000000000001,1.4655087617706177
0.0795,2.1082078192542282e-15
0.07952000000000001,-2.1119595980694106
0.07954,-2.777498775162316
0.07956,-3.4053141307014525
0.07958000000000001,-1.670187683222525
0.0796,9.693683615965594e-15
0.07962000000000001,1.5902436159635
0.07964,2.961828072523974
0.07966000000000001,2.566325529509489
0.07968,1.430961239750981
0.07970000000000001,-8.723677440801461e-15
0.07972000000000001,-1.7992122371800636
0.07974,-3.321701781529027
0.07976000000000001,-2.7133929078242662
0.07978,-2.0914049213101915
0.07980000000000001,6.306722900563805e-15
0.07982,1.4310973491213066
0.07984000000000001,2.0887988710685708
0.07986,2.1937383334274347
0.07988,2.026831061797171
0.07990000000000001,-8.784047043719883e-15
0.07992,-1.585152676566478
0.07994000000000001,-2.676198488176072
0.07996,-2.4750101510088363
0.07998000000000001,-1.3090370295007883
0.08,0.0
0.08002000000000001,1.7182567211307942
0.08004,3.0015660566851072
0.08006,2.3968180852270384
0.08008000000000001,1.4237790706469076
0.0801,-1.2069360750618238e-15
0.08012000000000001,-2.1284212636240514
0.08014,-2.6542865305205425
0.08016000000000001,-2.6434126523332004
0.08018,-1.5532651770910284
0.08020000000000001,2.372791656249243e-15
0.08022,1.4145388608180836
0.08024,2.4845312251302922
0.08026000000000001,3.2001316017821115
0.08028,1.63805653867942
0.08030000000000001,-3.6816133668424395e-15
0.08032,-1.8926909008646373
0.08034000000000001,-2.8168428455915593
0.08036,-3.6830411896598774
0.08038000000000001,-2.095738971899248
0.08040000000000001,4.027646661918219e-15
0.08042,1.9718103160634441
0.08044000000000001,3.197870259208012
0.08046,2.0309243650867135
0.08048000000000001,1.5379159295333815
0.0805,2.2230740652031913e-15
0.08052000000000001,-2.0906092826746785
0.08054,-3.0816504571141414
0.08056,-3.1686020651658167
0.08058000000000001,-2.113474114283765
0.0806,9.37502125847015e-15
0.08062000000000001,1.907341996955356
0.08064,2.1796637558796133
0.08066000000000001,3.3112657669632024
0.08068,2.1662040108510734
0.08070000000000001,-6.265663041994956e-15
0.08072,-1.5340131272990838
0.08074,-2.619697503950904
0.08076000000000001,-2.4336772716016215
0.08078,-1.9601592287479594
0.08080000000000001,6.239263395572211e-15
0.08082,1.4645558073123015
0.08084000000000001,3.6020506441868823
0.08086,3.28069756322729
0.08088000000000001,1.609036388339708
0.0809,-7.559029984064129e-15
0.08092,-2.158814671998316
0.08094000000000001,-2.3466286204396245
0.08096,-3.571790747697912
0.08098000000000001,-1.2992626209660108
0.081,0.0
0.08102000000000001,3.2461675082723374
0.08104,5.963667986574552
0.08106000000000001,5.56661965562496
0.08108000000000001,3.0522870695848705
0.0811,-1.8872510392922256e-15
0.08112000000000001,-3.311446700802565
0.08114,-6.102051231135275
0.08116000000000001,-6.229846045631369
0.08118,-4.039626895205425
0.08120000000000001,4.1575490547581495e-15
0.08122,3.4167918526326355
0.08124,5.115298448743827
0.08126000000000001,5.99939128940036
0.08128,3.1141481598374985
0.08130000000000001,-7.847354538831262e-15
0.08132,-3.5185687998934467
0.08134000000000001,-6.457758947320748
0.08136,-5.8895374233056685
0.08138000000000001,-3.274257190501532
0.0814,6.940172495244209e-15
0.08142,3.706297003145261
0.08144000000000001,4.873825259798092
0.08146,5.984699422018323
0.08148000000000001,3.439213038475937
0.0815,3.713960584695319e-15
0.08152000000000001,-3.392740015449726
0.08154,-5.817497341026277
0.08156000000000001,-5.487029447159119
0.08158,-3.994834992676399
0.0816,1.6480576456273882e-14
0.08162000000000001,3.2194344255423974
0.08164,5.215481781475081
0.08166000000000001,6.401432752799747
0.08168,3.8576093411446193
0.08170000000000001,-1.4550110318372473e-14
0.08172,-3.4900157829487988
0.08174000000000001,-5.207794603833311
0.08176000000000001,-4.864578417074729
0.08178,-3.564554587862506
0.08180000000000001,1.7209522636331652e-14
0.08182,3.52058999573081
0.08184000000000001,5.302817295660688
0.08186,5.016875314458513
0.08188000000000001,3.380209959726731
0.0819,-1.2517028264025302e-14
0.08192,-3.1828740356377585
0.08194000000000001,-6.545542108153393
0.08196,-5.001156985689817
0.08198000000000001,-3.6553661129596997
0.082,0.0
0.08202000000000001,3.9492758577816285
0.08204,5.37108888180854
0.08206000000000001,6.256858525528102
0.08208,3.039069913014614
0.0821,-2.166422853813185e-15
0.08212000000000001,-3.3976315903579097
0.08214,-4.975039250819115
0.08216000000000001,-4.990297864030214
0.08218,-3.035536114861214
0.08220000000000001,3.3040706460199435e-15
0.08222,3.5421804973321556
0.08224000000000001,6.4941058400882845
0.08226000000000001,5.5949563956215265
0.08228,3.1957867332792302
0.08230000000000001,-9.016124243735529e-15
0.08232,-3.4537289785137313
0.08234000000000001,-5.427903740940446
0.08236,-4.8575795518615825
0.08238000000000001,-3.084605943939797
0.0824,6.975468010983103e-15
0.08242000000000001,3.838505226761799
0.08244000000000001,5.418062945811556
0.08246,5.929626047327919
0.08248000000000001,3.136321014506273
0.0825,3.208803179845292e-15
0.08252000000000001,-3.8628873252317577
0.08254,-5.953400704396104
0.08256000000000001,-5.4274708728015675
0.08258,-3.887872889897823
0.0826,1.8948372053486524e-14
0.08262000000000001,3.881047385547821
0.08264,6.120388529414944
0.08266000000000001,4.86137254991606
0.08268,3.8418350487814394
0.08270000000000001,-1.586558970835806e-14
0.08272,-3.0588740424622003
0.08274000000000001,-5.491816255951922
0.08276,-5.9469353490547325
0.08278,-3.679362105543505
0.08280000000000001,1.3972034871894112e-14
0.08282,3.5064989678333123
0.08284000000000001,6.199537373051576
0.08286,5.3485437877413675
0.08288000000000001,3.073521531066104
0.0829,-1.2859187501269297e-14
0.08292000000000001,-3.6482994028258338
0.08294000000000001,-5.975506364297897
0.08296,-5.892184927307336
0.08298000000000001,-3.5863604662900603
0.083,0.0
0.08302000000000001,2.0264618003612225
0.08304,3.6946630365092816
0.08306000000000001,2.7078638466239497
0.08308,1.4071867117899046
0.08310000000000001,-1.0316483048448705e-15
0.08312000000000001,-1.341259242180953
0.08314,-3.074601951827521
0.08316000000000001,-2.487063014355153
0.08318,-1.2494624605578395
0.08320000000000001,2.0029507562118448e-15
0.08322,2.2591467672835543
0.08324000000000001,3.1857055170752346
0.08326,2.34451467668637
0.08328,1.8473614815768742
0.08330000000000001,-4.8568902020219174e-15
0.08332,-1.283825618908873
0.08334000000000001,-2.4448591885968325
0.08336,-2.111366492617292
0.08338000000000001,-2.1420532803973855
0.0834,4.371657660320349e-15
0.08342000000000001,1.2788813381615713
0.08344,2.0820514772171634
0.08346,3.279263307580423
0.08348000000000001,1.345259037218436
0.0835,1.7064170527365512e-15
0.08352000000000001,-1.397168221115204
0.08354,-2.8339820129570614
0.08356000000000001,-3.3125366671220915
0.08358,-1.570352667299501
0.08360000000000001,6.751590272509386e-15
0.08362000000000001,1.6246640336738838
0.08364,3.0905107983075517
0.08366000000000001,3.169540461166737
0.08368,1.502462056620762
0.08370000000000001,-6.7180677371774016e-15
0.08372,-2.063485695431864
0.08374000000000001,-2.7185517866161684
0.08376,-2.463503930900994
0.08378000000000001,-2.1736249178004785
0.08380000000000001,5.609727333544974e-15
0.08382,1.7893212808751926
0.08384000000000001,3.495860377422061
0.08386,3.1260898218459934
0.08388000000000001,2.0471148862781194
0.0839,-8.38390690956654e-15
0.08392000000000001,-1.8614564098815647
0.08394,-2.9299230014926594
0.08396,-2.8580860404008446
0.08398000000000001,-1.6422810501887353
0.084,0.0
0.08402000000000001,1.592609812228569
0.08404,2.2177318606792724
0.08406000000000001,2.0613741972656063
0.08408,1.3990022080696651
0.08410000000000001,-1.1022155219079733e-15
0.08412,-1.9363111927696226
0.08414,-2.3507874884422826
0.08416000000000001,-3.0002718847247762
0.08418,-1.650561206368485
0.08420000000000001,1.5967589313512786e-15
0.08422,1.5078049422338202
0.08424000000000001,3.3335282042138097
0.08426,3.048061643780807
0.08428000000000001,1.602095948675038
0.08430000000000001,-4.364694466424102e-15
0.08432,-2.034446655205691
0.08434000000000001,-3.0891561754434695
0.08436,-2.369215132447942
0.08438000000000001,-2.1572461206135065
0.0844,4.647722683120993e-15
0.08442000000000001,1.724038483372193
0.08444,2.7482570971182194
0.08446000000000001,2.950940562676279
0.08448000000000001,2.0071269304796338
0.0845,2.132003244720233e-15
0.08452000000000001,-1.63777375250307
0.08454,-2.4550373100679237
0.08456000000000001,-2.3250885266705277
0.08458,-1.7385243718173349
0.08460000000000001,8.340562854376118e-15
0.08462,1.6045708703231516
0.08464,3.568520931911416
0.08466000000000001,2.1158122591472948
0.08468,1.3565710682753351
0.08470000000000001,-1.0233383438903142e-14
0.08472,-2.192592561992074
0.08474000000000001,-3.631352091295074
0.08476,-2.811417868803514
0.08478000000000001,-1.9572337632645238
0.0848,9.757398385706034e-15
0.08482,2.2089659395537833
0.08484000000000001,2.2456151642143896
0.08486,2.8697824020902614
0.08488000000000001,1.5652556670849318
0.0849,-5.502546454122738e-15
0.08492000000000001,-2.1494566676789946
0.08494,-2.802322441401541
0.08496000000000001,-2.8894529287696114
0.08498000000000001,-2.109172298537757
0.085,0.0
0.08502000000000001,3.219227078294023
0.08504,5.00115016431159
0.08506000000000001,5.377042834739385
0.08508,3.781896980187898
0.08510000000000001,-1.7050124829274222e-15
0.08512,-3.6977765185718803
0.08514000000000001,-5.763194992257219
0.08516000000000001,-5.3363542775461745
0.08518,-3.4196782555271787
0.08520000000000001,3.759452813131583e-15
0.08522,3.622408978589827
0.08524000000000001,5.448132623180412
0.08526,6.293627807634696
0.08528000000000001,3.9695681922958554
0.0853,-8.603419168155193e-15
0.08532000000000001,-3.328280782375138
0.08534000000000001,-6.17623014775678
0.08536,-5.942726534928895
0.08538000000000001,-3.038038438618563
0.0854,8.537789507696523e-15
0.08542000000000001,3.2089203107480633
0.08544,5.2686334631758545
0.08546000000000001,5.4484210170796725
0.08548,3.230454185140505
0.0855,3.4370420952038294e-15
0.08552000000000001,-3.8046046527618262
0.08554,-5.997287690266731
0.08556000000000001,-4.963456921153933
0.08558,-3.5087233103781803
0.08560000000000001,1.580317132435757e-14
0.08562,3.44972296801965
0.08564000000000001,5.2293013776378
0.08566000000000001,5.187466545963958
0.08568,3.264622393520975
0.08570000000000001,-1.5235741627642664e-14
0.08572,-3.4367145682420204
0.08574000000000001,-5.309933300277844
0.08576,-5.6299298240454965
0.08578000000000001,-3.747918860417903
0.0858,1.4395840075264492e-14
0.08582000000000001,3.134813595323755
0.08584000000000001,6.511764939143794
0.08586,5.062855425540988
0.08588000000000001,3.129327433538111
0.0859,-1.251544128619257e-14
0.08592000000000001,-3.4120434699711306
0.08594,-5.327976560726198
0.08596000000000001,-6.164546093651035
0.08598,-3.3148958120539453
0.08600000000000001,0.0
0.08602000000000001,1.8073783295768664
0.08604,3.1406314399619397
0.08606000000000001,2.4686978492896547
0.08608,1.767928331044111
0.08610000000000001,-7.886589697028342e-16
0.08612,-1.8921557319931805
0.08614000000000001,-3.278713991456325
0.08616,-2.914509008146517
0.08618,-2.1703844025086254
0.08620000000000001,2.1720837724015124e-15
0.08622,2.0023715109838123
0.08624000000000001,2.8622737699276075
0.08626,3.1843692894352573
0.08628000000000001,1.6535947668875746
0.0863,-4.105875350116907e-15
0.08632000000000001,-1.670246251048466
0.08634000000000001,-2.5629313800490015
0.08636,-2.7508898027036968
0.08638000000000001,-1.244396980196204
0.0864,3.062428025630586e-15
0.08642000000000001,1.6292443638072942
0.08644,3.3142879331033015
0.08646000000000001,2.9088198499026143
0.08648,1.8362047322863306
0.08650000000000001,2.338090208650344e-15
0.08652000000000001,-1.8643225375900407
0.08654,-2.0681807927333695
0.08656000000000001,-2.979687317992778
0.08658,-1.6636229096256683
0.08660000000000001,7.364960187432942e-15
0.08662,1.7348261588397784
0.08664000000000001,2.2754301823655108
0.08666,3.4566805796885425
0.08668000000000001,1.3592686640407716
0.08670000000000001,-8.554440010012261e-15
0.08672,-2.012041122447849
0.08674000000000001,-3.024192409679332
0.08676,-3.43234185929473
0.08678000000000001,-2.1445418901053874
0.0868,6.1005292586733236e-15
0.08682000000000001,2.18547138199137
0.08684,3.055904602323593
0.08686,3.2920468522778905
0.08688000000000001,1.3837154751070841
0.0869,-6.559000741543422e-15
0.08692000000000001,-1.931148735067607
0.08694,-3.69238406425962
0.08696000000000001,-3.1400089671839995
0.08698,-1.281391741177786
0.08700000000000001,0.0
0.08702000000000001,3.22923141392684
0.08704,5.460312559416873
0.08706000000000001,5.838390705820523
0.08708,3.9913411896998996
0.08710000000000001,-2.057148147234398e-15
0.08712,-3.270186639878779
0.08714000000000001,-5.7610212332800295
0.08716,-5.740125321559708
0.08718000000000001,-3.042733411862891
0.08720000000000001,3.844930857655535e-15
0.08722,3.5564924740461605
0.08724000000000001,5.613636176105811
0.08726,5.999765729723486
0.08728000000000001,3.867575075424217
0.0873,-8.9669268770795e-15
0.08732000000000001,-4.053529476386049
0.08734,-5.819426377784595
0.08736000000000001,-6.4398189800812515
0.08738000000000001,-3.604875196276436
0.0874,8.109311846275544e-15
0.08742000000000001,3.2781668572254885
0.08744,6.062746319639307
0.08746000000000001,5.90140257434427
0.08748,3.461647773512334
0.08750000000000001,3.4997781663555176e-15
0.08752,-3.5957307405737957
0.08754,-5.4514176663760106
0.08756000000000001,-5.442691018903385
0.08758,-3.4636952726879504
0.08760000000000001,1.7938031722154762e-14
0.08762,4.051811652187672
0.08764000000000001,6.498036827175471
0.08766,5.181842440948718
0.08768000000000001,3.223185152959929
0.08770000000000001,-1.5046562405237147e-14
0.08772,-3.2491473845645475
0.08774000000000001,-6.1880735771831725
0.08776,-5.788597296415803
0.08778000000000001,-3.7564175335025918
0.0878,1.347660050033437e-14
0.08782000000000001,3.262190129078789
0.08784,5.100552118481739
0.08786000000000001,6.417300727684816
0.08788000000000001,3.4696029857994284
0.0879,-1.4799257687896806e-14
0.08792000000000001,-3.4092794278803447
0.08794,-5.422157929672973
0.08796000000000001,-5.163584155767444
0.08798,-3.38886220104535
0.08800000000000001,0.0
0.08802,1.3782147683221286
0.08804000000000001,3.143766093884164
0.08806000000000001,2.5579661098726376
0.08808,1.8747638616942273
0.08810000000000001,-8.47772926460279e-16
0.08812,-1.2827144651995697
0.08814000000000001,-2.3723883753865174
0.08816,-2.5294470483377314
0.08818000000000001,-1.754414118230003
0.0882,1.806247303505881e-15
0.08822,2.1220970409045394
0.08824000000000001,2.5512595087185916
0.08826,3.1846497262688604
0.08828000000000001,1.8405233976749096
0.0883,-3.1990704474847616e-15
0.08832000000000001,-1.2912759412233377
0.08834,-2.863424071388228
0.08836000000000001,-3.2348818688524705
0.08838000000000001,-1.9775206675892583
0.0884,3.0442896062524596e-15
0.08842000000000001,1.5477927878992876
0.08844,2.781997350099204
0.08846000000000001,2.7943433924830234
0.08848,2.215376777075045
0.08850000000000001,1.7902638755219744e-15
0.08852,-1.3306850705611712
0.08854000000000001,-3.2514363420897956
0.08856000000000001,-2.9284719974920517
0.08858,-1.6432690895031812
0.08860000000000001,1.0474220880999388e-14
0.08862,1.377131868147594
0.08864000000000001,3.466094962372258
0.08866,3.3270513941298856
0.08868000000000001,1.9891172880458592
0.0887,-8.92015648259584e-15
0.08872000000000001,-1.5799029215166658
0.08874000000000001,-2.444939889971174
0.08876,-2.1221506605714815
0.08878000000000001,-1.8551611606474112
0.0888,6.602725797587561e-15
0.08882000000000001,2.043843985327411
0.08884,2.0123423473063156
0.08886000000000001,3.4536687931243035
0.08888,1.7666900450530845
0.0889,-5.239414087616141e-15
0.08892000000000001,-1.3367248570483297
0.08894,-3.1790764971325185
0.08896000000000001,-2.15080875492177
0.08898,-2.1861847644820305
0.08900000000000001,0.0
0.08902,1.2647542284314806
0.08904000000000001,2.137722143178265
0.08906000000000001,2.9137333073092435
0.08908,2.24195118884106
0.08910000000000001,-1.0781646847230107e-15
0.08912,-1.6884031482317132
0.08914000000000001,-2.330919849370762
0.08916,-2.2170166086866123
0.08918000000000001,-1.6019924101336127
0.0892,2.327136682530245e-15
0.08922000000000001,1.516889661636323
0.08924000000000001,3.6166133444857915
0.08926,2.2001215707019663
0.08928000000000001,1.3566795135781318
0.0893,-3.7308704168027276e-15
0.08932000000000001,-1.2773161851091135
0.08934,-3.1445163145750192
0.08936000000000001,-2.6920139137059
0.08938,-1.4998936756748156
0.08940000000000001,3.614683421373107e-15
0.08942000000000001,1.3712807507531366
0.08944,2.082847475596428
0.08946000000000001,2.0481014921741303
0.08948,1.9569694263524924
0.08950000000000001,1.5186956208143019e-15
0.08952,-2.2730940530713983
0.08954000000000001,-2.9355157540661208
0.08956,-2.998395785818554
0.08958,-1.3654451977790676
0.08960000000000001,6.216488491994529e-15
0.08962,1.527119982840332
0.08964000000000001,3.233492134794098
0.08966,2.3391107318308593
0.08968000000000001,1.3858784641134188
0.0897,-7.892504052561093e-15
0.08972000000000001,-1.7453480049134933
0.08974000000000001,-2.910354544586721
0.08976,-3.27705115975177
0.08978000000000001,-1.7081627418409846
0.0898,8.093406822568565e-15
0.08982000000000001,1.2364981525399688
0.08984,3.072819196131032
0.08986000000000001,2.7455273304207948
0.08988,1.985762252714471
0.08990000000000001,-5.4148346367501964e-15
0.08992000000000001,-1.671163415690087
0.08994,-2.0330767274488033
0.08996000000000001,-3.5037548592358245
0.08998,-1.7082971753486615
0.09000000000000001,0.0
0.09002,3.8490467447673278
0.09004000000000001,5.817175334076513
0.09006,5.858354251970602
0.09008000000000001,3.3614449585873576
0.09010000000000001,-2.131066203071187e-15
0.09012,-3.9896433732476324
0.09014000000000001,-5.343297820783387
0.09016,-6.033366363651655
0.09018000000000001,-4.007233453488543
0.0902,3.999803366487718e-15
0.09022000000000001,3.8694362204226413
0.09024,6.512770000090077
0.09026,5.428642641845818
0.09028000000000001,3.4064126429154387
0.0903,-7.260153956340187e-15
0.09032000000000001,-3.4487840582640157
0.09034,-5.6010891773576095
0.09036000000000001,-5.356054352596183
0.09038,-3.524680875337957
0.09040000000000001,6.593683715053326e-15
0.09042000000000001,3.0911307841272713
0.09044,4.943760698063221
0.09046000000000001,4.882318443160783
0.09048,3.3001103133420333
0.09050000000000001,3.513450018660311e-15
0.09052,-3.9157287183371468
0.09054000000000001,-5.318700439414688
0.09056,-5.884624910326502
0.09058000000000001,-3.2364441221460134
0.09060000000000001,1.7638077928293083e-14
0.09062,3.374071937223357
0.09064000000000001,5.910819982809381
0.09066,5.213424360958954
0.09068000000000001,3.236350244109687
0.0907,-1.4795206690267317e-14
0.09072000000000001,-3.465188725274017
0.09074,-5.975041947199779
0.09076000000000001,-5.257321505040795
0.09078000000000001,-3.9175041273965676
0.0908,1.3606733617285599e-14
0.09082000000000001,3.8917882010894407
0.09084,5.928504310182414
0.09086000000000001,5.14770834040396
0.09088,3.071805958935241
0.09090000000000001,-1.2939400639207926e-14
0.09092,-3.676103185464458
0.09094000000000001,-5.188893805038691
0.09096000000000001,-4.921390824269111
0.09098,-3.4720693477886146
0.09100000000000001,0.0
0.09102,1.478421296714839
0.09104000000000001,3.3172743930186828
0.09106,2.4383318214673855
0.09108000000000001,1.6801461081113556
0.09110000000000001,-1.1541170307285971e-15
0.09112,-1.9987570269387278
0.09114000000000001,-2.9079594190151656
0.09116,-2.1140760391038302
0.09118000000000001,-1.8414825285868186
0.0912,1.5444155418449391e-15
0.09122000000000001,1.8848855241813753
0.09124,2.7597927238410804
0.09126000000000001,3.006359211764327
0.09128000000000001,2.120053664704559
0.0913,-3.443438485623284e-15
0.09132000000000001,-2.2253197824002418
0.09134,-2.7519948303918955
0.09136000000000001,-2.7684271023684865
0.09138,-1.8964438878673504
0.09140000000000001,4.7731991662622316e-15
0.09142,1.8016235912836875
0.09144000000000001,3.3290291240194314
0.09146000000000001,3.613119645971107
0.09148,1.711204527489867
0.09150000000000001,1.7163305322017801e-15
0.09152,-2.000845186966342
0.09154000000000001,-3.018865635620788
0.09156,-3.479650287461085
0.09158000000000001,-1.4375639004990874
0.0916,8.325639781400326e-15
0.09162000000000001,1.2654548517352602
0.09164000000000001,3.4810282006301647
0.09166,2.671349518541464
0.09168000000000001,1.3699435951347678
0.0917,-9.260169526125501e-15
0.09172000000000001,-1.3457827821140862
0.09174,-3.659339361664035
0.09176000000000001,-3.6032221262174287
0.09178000000000001,-1.3780232266238523
0.0918,9.09785276177119e-15
0.09182000000000001,1.5249983293819618
0.09184,2.3679635723878114
0.09186000000000001,2.5890365369537043
0.09188,1.9181713292216307
0.09190000000000001,-7.455622335952864e-15
0.09192,-1.6359284644186822
0.09194000000000001,-2.847232788901412
0.09196000000000001,-2.896102015641396
0.09198,-1.8154585188716483
0.09200000000000001,0.0
0.09202,2.237725035574642
0.09204000000000001,2.5192031119282645
0.09206,3.3352799007539344
0.09208000000000001,1.3163766321403232
0.0921,-1.0611506874337506e-15
0.09212000000000001,-1.2541680788895258
0.09214000000000001,-2.301788045429641
0.09216,-2.0571923819805225
0.09218000000000001,-2.0353360978246204
0.0922,2.1430213120349184e-15
0.09222000000000001,1.2963458571158926
0.09224,2.6748653084168446
0.09226000000000001,2.4966187749448348
0.09228,1.338069855063745
0.09230000000000001,-4.0864743406524064e-15
0.09232000000000001,-1.6176866417726912
0.09234,-2.609867079445403
0.09236000000000001,-2.841305873607628
0.09238,-1.4280009248602952
0.09240000000000001,3.713052304658757e-15
0.09242,1.5806431539057535
0.09244000000000001,2.5875691155311182
0.09246000000000001,3.122328549221872
0.09248,2.192413270938263
0.09250000000000001,1.3146339054327816e-15
0.09252,-1.9184607177880408
0.09254000000000001,-2.7645805884462806
0.09256,-2.920239248383763
0.09258000000000001,-1.326034220443532
0.0926,1.0874916542887092e-14
0.09262000000000001,1.6659497916596944
0.09264000000000001,3.267724863863348
0.09266,3.6495336823754303
0.09268000000000001,2.0515389684025616
0.0927,-8.905561189757047e-15
0.09272000000000001,-2.181747013823397
0.09274,-2.4818405955070335
0.09276000000000001,-2.3053101534138767
0.09278,-2.151423663759911
0.09280000000000001,6.82110332336982e-15
0.09282000000000001,1.5086388294937487
0.09284,3.3684877686085124
0.09286000000000001,3.1846633041385375
0.09288,2.2442188816685413
0.09290000000000001,-9.300062544596789e-15
0.09292,-1.419869295042226
0.09294000000000001,-2.8029295616649788
0.09296,-2.0771074602156108
0.09298000000000001,-1.9237706597250441
0.09300000000000001,0.0
0.09302,2.0047395486184323
0.09304000000000001,2.9258440182701526
0.09306,3.0348931495323366
0.09308000000000001,2.115828966171982
0.0931,-7.654686774366438e-16
0.09312000000000001,-1.6975129438762857
0.09314000000000001,-3.610486761128201
0.09316,-2.009108079092397
0.09318000000000001,-1.980297224457338
0.0932,1.6925507187137007e-15
0.09322000000000001,2.2669161284435235
0.09324,3.339826060582313
0.09326000000000001,2.2810270163726463
0.09328,1.2526582735450589
0.09330000000000001,-3.764423521155068e-15
0.09332000000000001,-2.0190101121892585
0.09334,-2.4355105875936784
0.09336000000000001,-2.58305655559938
0.09338,-2.0107421046804794
0.09340000000000001,4.242637442778684e-15
0.09342,2.15248217053293
0.09344000000000001,2.3668202453938982
0.09346,2.60761294439036
0.09348000000000001,2.1332319830736837
0.09350000000000001,2.011660506781637e-15
0.09352,-1.730098940472516
0.09354000000000001,-2.5599061210445977
0.09356,-2.9299328492476846
0.09358000000000001,-1.655005094046267
0.0936,8.07947415938545e-15
0.09362000000000001,2.167573055474896
0.09364,2.9644512279935022
0.09366000000000001,2.273602217610815
0.09368000000000001,1.8986683008135814
0.0937,-7.448878882945973e-15
0.09372000000000001,-1.4685657906485496
0.09374,-1.9985057683720646
0.09376000000000001,-3.0968637267189103
0.09378,-1.4199931291538976
0.09380000000000001,8.294030192058167e-15
0.09382000000000001,2.2809181282221593
0.09384,3.3345592087010743
0.09386000000000001,2.2963712423423592
0.09388,2.169401523715909
0.09390000000000001,-7.186376821139669e-15
0.09392,-1.69384693983481
0.09394000000000001,-2.7271459754253256
0.09396,-3.2459126317575024
0.09398000000000001,-2.2505118303119307
0.09400000000000001,0.0
0.09402,1.2878276287467874
0.09404000000000001,3.016913851762103
0.09406,2.14339070424066
0.09408000000000001,1.5598171039194795
0.0941,-8.064741971203512e-16
0.09412000000000001,-1.7760801110070212
0.09414,-2.1109272546366817
0.09416000000000001,-2.735026989312701
0.09418000000000001,-1.313275684986085
0.0942,1.833135013339555e-15
0.09422000000000001,2.2768102691499674
0.09424,3.2252979493158973
0.09426000000000001,3.2531870891330623
0.09428,2.2918261317506614
0.09430000000000001,-3.166611117221631e-15
0.09432,-1.9024439975189853
0.09434000000000001,-3.2797845290225327
0.09436000000000001,-3.230103182140575
0.09438,-1.6073084132553555
0.09440000000000001,3.965434409693834e-15
0.09442,1.762385313540089
0.09444000000000001,2.774972018924694
0.09446,2.936888235671706
0.09448000000000001,1.9236166685597738
0.09450000000000001,2.3505767997760986e-15
0.09452,-1.6713638602261442
0.09454000000000001,-2.4497184497033864
0.09456,-2.5360642910183087
0.09458000000000001,-1.7409103894095093
0.0946,5.9990125286419136e-15
0.09462000000000001,1.5946858157102033
0.09464,3.453401654796142
0.09466000000000001,2.6941950355048117
0.09468000000000001,2.2012654104408758
0.0947,-8.765118061815895e-15
0.09472000000000001,-1.70170146055948
0.09474,-3.626408930273533
0.09476000000000001,-2.4768663914613
0.09478,-1.7806978058650778
0.09480000000000001,8.104918022783888e-15
0.09482,2.0917296135639867
0.09484000000000001,2.6835378885416095
0.09486000000000001,2.6711641203638177
0.09488,1.3712952741955449
0.09490000000000001,-6.564247114041703e-15
0.09492,-1.7075703481666795
0.09494000000000001,-2.438138357811692
0.09496,-2.9411668563744273
0.09498000000000001,-2.043027058903914
0.095,0.0
0.09502000000000001,1.6029457823406328
0.09504000000000001,3.205477752091825
0.09506,2.748972711141877
0.09508000000000001,1.8779500423215991
0.0951,-1.2045320041989527e-15
0.09512000000000001,-1.790126850293417
0.09514,-2.7073041906917683
0.09516000000000001,-2.3472790941750397
0.09518000000000001,-2.0841556806189345
0.0952,2.1349396710401525e-15
0.09522000000000001,1.780682815488584
0.09524,3.371303395524521
0.09526000000000001,2.0922709474432657
0.09528,2.232566490490161
0.09530000000000001,-5.13546269986156e-15
0.09532,-1.712533552068974
0.09534000000000001,-3.00268438205073
0.09536000000000001,-2.417371593947622
0.09538,-2.228073229171693
0.09540000000000001,4.338697128325317e-15
0.09542,1.704198969355548
0.09544000000000001,2.883729074035726
0.09546,2.2885433068911634
0.09548000000000001,2.2053207771248573
0.0955,2.1216135692623183e-15
0.09552000000000001,-2.183792487207967
0.09554000000000001,-3.684730750343457
0.09556,-2.305040507962357
0.09558000000000001,-1.4036479132893085
0.0956,6.341923197536093e-15
0.09562000000000001,2.1355773921968644
0.09564,3.5810329744047547
0.09566000000000001,3.0021279021082656
0.09568,2.241166600445155
0.09570000000000001,-7.962789281721598e-15
0.09572000000000001,-1.829796944909184
0.09574,-3.505926675682018
0.09576000000000001,-2.2454925880900936
0.09578,-1.2910659169457932
0.09580000000000001,6.061806289109184e-15
0.09582,2.0982787343205107
0.09584000000000001,3.0079094680399954
0.09586000000000001,3.4881923582297096
0.09588,2.238913443745211
0.09590000000000001,-9.075788910493545e-15
0.09592,-2.1700620466849294
0.09594000000000001,-2.646024016685541
0.09596,-2.0174072900615636
0.09598000000000001,-1.2605876199959078
0.096,0.0
0.09602000000000001,1.4909376402623118
0.09604000000000001,3.37003649899678
0.09606,3.466897943034463
0.09608000000000001,2.260383223234733
0.0961,-9.672264447706217e-16
0.09612000000000001,-1.6647429053890934
0.09614,-3.623707389323362
0.09616000000000001,-3.412929869940476
0.09618,-1.252317426862159
0.09620000000000001,1.57848850603993e-15
0.09622000000000001,1.5925913322634302
0.09624,2.953442503173749
0.09626000000000001,3.2143410228166815
0.09628,1.3716241139498688
0.09630000000000001,-4.252537572487829e-15
0.09632,-1.6233768456859308
0.09634000000000001,-3.189330337763941
0.09636,-2.0026121005647695
0.09638000000000001,-1.5444908734453027
0.09640000000000001,3.0281683511900404e-15
0.09642,2.2763948162992653
0.09644000000000001,3.6756875275419647
0.09646,3.372170097108375
0.09648000000000001,1.832802665537925
0.0965,1.990093525859595e-15
0.09652000000000001,-1.7633860810514252
0.09654000000000001,-3.078481597360563
0.09656,-2.907708552212735
0.09658000000000001,-1.6816829092024816
0.0966,9.574443205346581e-15
0.09662000000000001,1.8098587154027022
0.09664,2.647201088478539
0.09666000000000001,2.252737944890497
0.09668,1.69820670884552
0.09670000000000001,-5.98034414462053e-15
0.09672000000000001,-1.2643279454431868
0.09674,-2.405289811454393
0.09676000000000001,-2.7675756239690728
0.09678,-2.1339087967115637
0.09680000000000001,7.354847364547677e-15
0.09682,2.133350876812367
0.09684000000000001,2.176109574104324
0.09686,2.7818898658660753
0.09688000000000001,1.2897464798401514
0.09690000000000001,-9.48420533240004e-15
0.09692,-1.8866452175938218
0.09694000000000001,-2.4548541534592947
0.09696,-3.042754721875937
0.09698000000000001,-1.3688591198179307
0.097,0.0
0.09702000000000001,1.57017170089254
0.09704,3.564789056481646
0.09706000000000001,2.28751124398768
0.09708000000000001,1.8065919585662735
0.0971,-6.779776222504705e-16
0.09712000000000001,-2.2197928411516643
0.09714,-2.636595517277055
0.09716000000000001,-2.609626091725711
0.09718,-1.640800455124627
0.09720000000000001,2.487522060623919e-15
0.09722000000000001,1.7726983623144774
0.09724000000000001,2.806581696909832
0.09726000000000001,2.051423262474279
0.09728,1.6023808647658828
0.09730000000000001,-3.1294332642408703e-15
0.09732,-2.25307779241272
0.09734000000000001,-2.7640132472506624
0.09736,-2.3571687870310245
0.09738000000000001,-1.8818968742280695
0.09740000000000001,3.3992815446639808e-15
0.09742,1.337273892249501
0.09744000000000001,2.29008579116445
0.09746,3.559407307783911
0.09748000000000001,1.8021647490513728
0.0975,2.205827836791348e-15
0.09752000000000001,-1.4341239555351872
0.09754,-3.5991584332652624
0.09756000000000001,-2.5480378506716543
0.09758000000000001,-1.6762468036577378
0.0976,6.77526065228583e-15
0.09762000000000001,2.206005700869194
0.09764,3.4730887674888407
0.09766000000000001,3.4629868931172765
0.09768,1.3663751421271062
0.09770000000000001,-7.74660608708602e-15
0.09772,-2.0776635918443986
0.09774000000000001,-3.3123756845391115
0.09776000000000001,-2.637948135331103
0.09778,-2.066215249294627
0.09780000000000001,6.373698150173262e-15
0.09782,2.253892371344829
0.09784000000000001,2.2806619807046444
0.09786,2.0276639674095764
0.09788000000000001,1.7598550563458155
0.09790000000000001,-7.186434149838326e-15
0.09792000000000001,-1.351526427026811
0.09794000000000001,-3.3826242740966306
0.09796,-2.482079971807724
0.09798000000000001,-1.880002812979336
0.098,0.0
0.09802000000000001,3.6817248623598533
0.09804,5.699910083437192
0.09806000000000001,6.119521023122748
0.09808000000000001,3.2591710372942893
0.0981,-1.981692013624999e-15
0.09812000000000001,-4.026962659260425
0.09814,-6.055833314556004
0.09816000000000001,-5.434211661286676
0.09818,-3.311368052847576
0.09820000000000001,4.14539505147699e-15
0.09822,4.033273908031476
0.09824000000000001,6.318466339026788
0.09826000000000001,5.3721784082540065
0.09828,3.4849216661603846
0.09830000000000001,-7.894255629947904e-15
0.09832,-3.904571387027463
0.09834000000000001,-5.398403648401787
0.09836,-5.096203063839689
0.09838000000000001,-3.99067565602406
0.0984,7.106744734884393e-15
0.09842000000000001,3.592028624410637
0.09844000000000001,5.111340365770204
0.09846,5.613532297668984
0.09848000000000001,3.4036997779340865
0.0985,3.3471612033275123e-15
0.09852000000000001,-4.026008708154785
0.09854,-6.349604144861039
0.09856000000000001,-5.065829076302512
0.09858000000000001,-3.750523952320941
0.09860000000000001,1.780811165050981e-14
0.09862000000000001,3.933172089790652
0.09864,6.2922470744534325
0.09866000000000001,5.667716262228714
0.09868,3.9336151807649005
0.09870000000000001,-1.529431190934235e-14
0.09872,-3.6391550232522403
0.09874000000000001,-6.334892116080059
0.09876000000000001,-5.560467144386645
0.09878,-3.3165206974497825
0.09880000000000001,1.552235741544746e-14
0.09882,3.6974429744052704
0.09884000000000001,6.164308831244515
0.09886,6.433013105256748
0.09888000000000001,3.9720417956744964
0.0989,-1.6193886625554463e-14
0.09892000000000001,-3.4606747205754465
0.09894000000000001,-5.981226653530473
0.09896,-6.04854204167141
0.09898000000000001,-3.6078598448392607
0.099,0.0
0.09902000000000001,1.503527236579304
0.09904,2.483825651831864
0.09906000000000001,3.645164017833555
0.09908,1.5403015208159516
0.09910000000000001,-1.0631474563947568e-15
0.09912000000000001,-1.8148705790672506
0.09914,-2.9614760949936643
0.09916000000000001,-2.6647741446576334
0.09918,-2.1669949279855407
0.09920000000000001,1.3765433657532246e-15
0.09922,1.370279494596894
0.09924000000000001,3.5159942175660723
0.09926000000000001,2.444444343629152
0.09928000000000001,1.626056289202256
0.09930000000000001,-4.36096326289383e-15
0.09932,-1.6104613994148302
0.09934000000000001,-2.1102857962313055
0.09936,-3.0344783777420252
0.09938000000000001,-2.2307983725773397
0.0994,4.394567459160993e-15
0.09942000000000001,1.8772443817751683
0.09944000000000001,2.544179013477197
0.09946,3.468876911356832
0.09948000000000001,1.5250842008265877
0.0995,2.373604075956237e-15
0.09952000000000001,-1.617659527995767
0.09954,-3.550795559515658
0.09956000000000001,-3.1784276463185455
0.09958,-1.462193225937738
0.09960000000000001,6.5997670185711505e-15
0.09962000000000001,2.117983955859338
0.09964,2.4024548025392316
0.09966000000000001,3.0128995604700375
0.09968,1.5461077963677579
0.09970000000000001,-7.489804677677903e-15
0.09972,-1.7259229055574188
0.09974000000000001,-3.0366752570533535
0.09976,-2.7772595157231943
0.09978000000000001,-2.1555160294224796
0.09980000000000001,6.853436508273186e-15
0.09982,1.5146321618484557
0.09984000000000001,2.346735713617693
0.09986,2.318596882232149
0.09988000000000001,1.7329813741108169
0.0999,-9.101894740493906e-15
0.09992000000000001,-1.5973808627117414
0.09994000000000001,-3.2084325738856996
0.09996000000000001,-3.4052124018956467
0.09998000000000001,-2.143796810998757
0.1,0.0
0.10002000000000001,4.029134244376345
0.10004,5.132676252727544
0.10006000000000001,5.892447317789266
0.10008,3.6388373699508203
0.10010000000000001,-1.7139039395840238e-15
0.10012000000000001,-3.444170225183805
0.10014,-5.591283476619268
0.10016000000000001,-5.6163661480206075
0.10018,-3.637484916813947
0.10020000000000001,4.380466961308814e-15
0.10022,3.077217122663832
0.10024000000000001,6.155049643088232
0.10026,6.500022057132613
0.10028000000000001,3.2518305204742477
0.10030000000000001,-7.282760975877711e-15
0.10032,-3.3238037861910295
0.10034000000000001,-4.852851775759018
0.10036,-5.456990329973042
0.10038000000000001,-3.664950644407893
0.1004,7.18310531459438e-15
0.10042000000000001,3.079028630511074
0.10044,6.480277797347246
0.10046000000000001,5.7630800910327284
0.10048000000000001,3.6035089843698906
0.1005,4.216628506939854e-15
0.10052000000000001,-3.588386483415061
0.10054,-5.955346971376314
0.10056000000000001,-5.6514583583042945
0.10058,-3.376095492066431
0.10060000000000001,1.9026676407815744e-14
0.10062000000000001,3.1397638674952932
0.10064000000000001,6.010806122983364
0.10066000000000001,6.410808879201376
0.10068,3.708733653947155
0.10070000000000001,-1.8571109506228495e-14
0.10072,-3.6970558388944763
0.10074000000000001,-6.2829888262852975
0.10076,-5.9629649088490915
0.10078000000000001,-3.425703927709067
0.10080000000000001,1.4590847418199844e-14
0.10082,3.4023876327351545
0.10084000000000001,5.724092815017677
0.10086,5.505746167972993
0.10088000000000001,3.8392114502337886
0.1009,-1.315417091563022e-14
0.10092000000000001,-3.5465185380254267
0.10094,-5.953930518201754
0.10096000000000001,-5.643959457874556
0.10098000000000001,-3.5655783380441934
0.101,0.0
0.10102000000000001,1.288907679035956
0.10104,2.591513944748442
0.10106000000000001,3.4146194947512045
0.10108,2.122935233191469
0.10110000000000001,-9.49359877970041e-16
0.10112,-1.8732129075528912
0.10114000000000001,-2.2413700168755084
0.10116000000000001,-3.6747776150524984
0.10118,-1.738275036908718
0.10120000000000001,1.778974058886448e-15
0.10122,2.0348900788712414
0.10124000000000001,3.5252755267022424
0.10126,2.5906905775468947
0.10128000000000001,1.766253549643896
0.10130000000000002,-3.355150913472621e-15
0.10132000000000001,-1.385548718568726
0.10134000000000001,-3.377229402212815
0.10136,-3.3550743354158983
0.10138000000000001,-2.1801295968825984
0.1014,3.2955976835901385e-15
0.10142000000000001,1.815766066431327
0.10144,2.5840717915674682
0.10146000000000001,3.629013772655572
0.10148000000000001,2.088173202322173
0.1015,2.3353656146551036e-15
0.10152000000000001,-1.9085577820810193
0.10154,-2.6793433212389193
0.10156000000000001,-2.9261186477939742
0.10158,-1.9570573965498117
0.10160000000000001,1.0067276987091843e-14
0.10162,1.9108870925814032
0.10164000000000001,3.233156949380866
0.10166000000000001,2.709130320554127
0.10168,1.5837361805280883
0.10170000000000001,-8.496086938351474e-15
0.10172,-2.088387421622625
0.10174000000000001,-2.5185473273788506
0.10176,-2.5610093421780253
0.10178000000000001,-1.897941868763553
0.1018,8.278025409303744e-15
0.10182000000000001,2.2029622245878007
0.10184000000000001,3.1684363176041135
0.10186,3.3223510596922785
0.10188000000000001,1.6198755119226074
0.1019,-5.993733542319608e-15
0.10192000000000001,-1.3237015406863637
0.10194,-2.783676751672058
0.10196000000000001,-2.498574035379029
0.10198000000000002,-1.8799657508205572
0.10200000000000001,0.0
0.10202000000000001,1.4934276277438663
0.10204,3.161542829189188
0.10206000000000001,2.316040450380935
0.10208,1.5115376995185568
0.10210000000000001,-8.670686869415172e-16
0.10212,-1.9998306676936777
0.10214000000000001,-2.9687427038477976
0.10216000000000001,-2.19726808745522
0.10218,-1.9396600945184919
0.10220000000000001,2.03434928375968e-15
0.10222,1.9692718725974818
0.10224000000000001,2.2251848181954927
0.10226,2.2484547738014333
0.10228000000000001,1.9019285618371404
0.1023,-4.379286948216244e-15
0.10232000000000001,-1.9818931460956812
0.10234000000000001,-2.299154205663191
0.10236,-3.6464177829110285
0.10238000000000001,-1.7333631876682463
0.1024,3.2200830399595952e-15
0.10242000000000001,1.9419179319918942
0.10244,2.100357049869768
0.10246000000000001,3.1569058356022377
0.10248,1.4240098260438467
0.10250000000000001,1.5089935767363776e-15
0.10252000000000001,-1.7821398243067381
0.10254,-3.5034960959425647
0.10256000000000001,-3.4368426594594896
0.10258,-2.131523833823107
0.10260000000000001,1.0360430201564927e-14
0.10262,1.556583419938035
0.10264000000000001,3.1903525334835843
0.10266000000000002,2.4650371148306056
0.10268000000000001,2.256878798588232
0.10270000000000001,-5.799231118724037e-15
0.10272,-2.2914415608478813
0.10274000000000001,-2.902164138112341
0.10276,-2.546793193131616
0.10278000000000001,-2.135664407293642
0.1028,5.9873116072980705e-15
0.10282000000000001,1.8175068505482321
0.10284000000000001,2.7277974145509094
0.10286000000000001,3.0355119721062542
0.10288000000000001,2.155482045203699
0.1029,-7.925038308973524e-15
0.10292000000000001,-1.8098079776427696
0.10294,-2.3311105131764065
0.10296000000000001,-3.6372269777795307
0.10298,-2.086114547043527
0.10300000000000001,0.0
0.10302000000000001,1.6808011292157101
0.10304,2.07072231557446
0.10306000000000001,2.2398985970268024
0.10308,1.929959845339609
0.10310000000000001,-9.889834199493752e-16
0.10312,-1.7259024798689824
0.10314000000000001,-3.19479408512032
0.10316,-3.129791795086522
0.10318000000000001,-2.2428465194527507
0.10320000000000001,2.176537514476609e-15
0.10322,1.5042607647342214
0.10324000000000001,2.4249773635306258
0.10326,2.0657599344144155
0.10328000000000001,2.0050327575102176
0.1033,-3.636506596271051e-15
0.10332000000000001,-1.7671129310344167
0.10334000000000002,-3.578567423046962
0.10336000000000001,-2.08932241729822
0.10338000000000001,-2.0988398242893993
0.1034,2.9792614441676555e-15
0.10342000000000001,1.2466460488159996
0.10344,3.5156152106040603
0.10346000000000001,2.936024911181534
0.10348,2.0983793752143987
0.10350000000000001,2.0881165046918618e-15
0.10352000000000001,-1.5837268261083584
0.10354000000000001,-2.18173065298788
0.10356000000000001,-2.2837769462085804
0.10358,-1.2545430115254312
0.10360000000000001,9.5824532416364e-15
0.10362,1.8152729539671566
0.10364000000000001,1.9990763218788383
0.10366,2.710295223480864
0.10368000000000001,1.5985579097777884
0.10370000000000001,-9.082167151587919e-15
0.10372,-1.6676626624572926
0.10374000000000001,-3.65689250459153
0.10376,-2.3837582023573836
0.10378000000000001,-2.210568474196992
0.1038,6.9155342525734794e-15
0.10382000000000001,1.5165931171472806
0.10384,2.286164499947938
0.10386000000000001,2.503741318416336
0.10388000000000001,1.4727744821831878
0.1039,-5.6909111148110605e-15
0.10392000000000001,-1.7128899573218541
0.10394,-3.513537613379199
0.10396000000000001,-3.6458465969411993
0.10398,-1.4958842480000414
0.10400000000000001,0.0
0.10402000000000002,2.009376770379131
0.10404000000000001,3.5943877943832145
0.10406000000000001,3.2951155906388494
0.10408,1.417109872904094
0.10410000000000001,-9.625398451650436e-16
0.10412,-1.6583947499022829
0.10414000000000001,-3.3342302589583617
0.10416,-2.080867124784764
0.10418000000000001,-1.70812127711134
0.10420000000000001,1.5608062261046511e-15
0.10422000000000001,1.4252508423929116
0.10424000000000001,2.550377872391935
0.10426,2.9041323828163255
0.10428000000000001,1.754481545927929
0.1043,-3.586933667974207e-15
0.10432000000000001,-1.7285503443477532
0.10434,-2.114883105251789
0.10436000000000001,-3.684432892236627
0.10438000000000001,-1.7428451874990603
0.1044,2.7271793156956156e-15
0.10442000000000001,1.293257910471143
0.10444,2.6294606436563392
0.10446000000000001,3.029027107648366
0.10448,1.5234228897569146
0.10450000000000001,2.3173791461893758e-15
0.10452,-1.3866485959124093
0.10454000000000001,-3.2315216390965307
0.10456000000000001,-2.335454588447267
0.10458,-2.1050271780791117
0.10460000000000001,6.9919392766909785e-15
0.10462,1.6495131971338501
0.10464000000000001,2.4570359792028063
0.10466,2.84546567053928
0.10468000000000001,2.1374755231820024
0.10470000000000002,-5.962251022394692e-15
0.10472000000000001,-2.1952619576636527
0.10474000000000001,-3.5462576029229727
0.10476,-3.3115502359607927
0.10478000000000001,-2.1165412702677027
0.1048,6.336481942570008e-15
0.10482000000000001,1.7017429365545278
0.10484,2.6004093664849464
0.10486000000000001,3.6895084795974076
0.10488000000000001,1.440291030423178
0.10490000000000001,-5.736998414829225e-15
0.10492000000000001,-1.5509571978422856
0.10494,-3.2413689515384942
0.10496000000000001,-2.9844945494337565
0.10498,-1.7951062310699393
0.10500000000000001,0.0
0.10502,1.4542159741953444
0.10504000000000001,3.1005233748174392
0.10506000000000001,2.8078876889161877
0.10508,1.459316894436804
0.10510000000000001,-1.2035658631681045e-15
0.10512,-1.2999066623183573
0.10514000000000001,-2.955735343579992
0.10516,-3.484862207598346
0.10518000000000001,-1.4634158651931504
0.1052,1.8426019227947212e-15
0.10522000000000001,1.888230829428365
0.10524000000000001,2.938658464749385
0.10526,2.6982234879006355
0.10528000000000001,1.6356868198220982
0.1053,-4.5198534409165156e-15
0.10532000000000001,-1.8340485547228942
0.10534,-3.148500013453132
0.10536000000000001,-3.0624747574939017
0.10538000000000002,-2.0421599182535943
0.10540000000000001,4.615677877129597e-15
0.10542000000000001,1.9798227435561446
0.10544,2.021584798360977
0.10546000000000001,3.4651127048647687
0.10548,1.504897492555797
0.10550000000000001,1.6865742879709457e-15
0.10552,-1.7418738097543631
0.10554000000000001,-2.8586162800609
0.10556000000000001,-2.1165814011468633
0.10558000000000001,-1.7099970269760851
0.10560000000000001,7.499867342680025e-15
0.10562,1.954974420248244
0.10564000000000001,3.661384507743075
0.10566,2.614775661874811
0.10568000000000001,1.8541167817145707
0.1057,-6.551156205583503e-15
0.10572000000000001,-1.6596728032003234
0.10574000000000001,-2.759138895656431
0.10576,-2.235979487605371
0.10578000000000001,-1.7750982230108596
0.1058,5.965317394872159e-15
0.10582000000000001,1.5423570998255052
0.10584,2.5574063742708177
0.10586000000000001,3.5021790106567794
0.10588,2.103941902126543
0.10590000000000001,-5.90561460835567e-15
0.10592000000000001,-2.1948696620200345
0.10594,-3.561623293933014
0.10596000000000001,-2.113427960874491
0.10598,-1.313851721689361
0.10600000000000001,0.0
0.10602,3.4007455179685673
0.10604000000000001,6.406890228664401
0.10606000000000002,6.5011218660326495
0.10608000000000001,3.9565664996250223
0.10610000000000001,-1.8581237804236057e-15
0.10612,-3.520560683583825
0.10614000000000001,-5.621043861832555
0.10616,-5.802011917866128
0.10618000000000001,-3.8092206733994116
0.1062,4.071970619372172e-15
0.10622000000000001,3.096169479158406
0.10624000000000001,5.7409978495933975
0.10626000000000001,6.557609746545198
0.10628000000000001,3.028517143531795
0.1063,-8.376757218008049e-15
0.10632000000000001,-3.074783153280692
0.10634,-5.3509355925916795
0.10636000000000001,-5.34966801535653
0.10638,-3.420530131211051
0.10640000000000001,8.181244242225365e-15
0.10642000000000001,3.818128355037675
0.10644,5.7704380177376775
0.10646000000000001,6.280692075672388
0.10648,3.7625378526096687
0.10650000000000001,3.747374428783148e-15
0.10652,-3.2998086226657573
0.10654000000000001,-5.9706784620503
0.10656,-4.996181159512537
0.10658000000000001,-3.8938113759532857
0.10660000000000001,1.4714561390712615e-14
0.10662,3.423398094639837
0.10664000000000001,6.482296930520512
0.10666,6.038636051690103
0.10668000000000001,3.740361908909035
0.1067,-1.507896137632899e-14
0.10672000000000001,-4.021304365237156
0.10674000000000002,-4.911563004193086
0.10676000000000001,-5.119734408059438
0.10678000000000001,-3.065492306817378
0.1068,1.4072278826684154e-14
0.10682000000000001,3.7680961126835055
0.10684,5.203093682923985
0.10686000000000001,6.1115848098666685
0.10688,3.3028501475158847
0.10690000000000001,-1.26906549532547e-14
0.10692000000000002,-3.5243950595748794
0.10694000000000001,-5.066546709700171
0.10696000000000001,-5.7303776953077215
0.10698,-3.2685132610262797
0.10700000000000001,0.0
0.10702,3.2853482892224863
0.10704000000000001,5.7365128435236965
0.10706,5.130356118917466
0.10708000000000001,3.52234640194073
0.10710000000000001,-1.9338306699472327e-15
0.10712,-4.025433051507245
0.10714000000000001,-5.454565550763007
0.10716,-5.081089112718328
0.10718000000000001,-3.457125039188806
0.1072,3.571780975161686e-15
0.10722000000000001,3.321927001249797
0.10724,6.4297673261966075
0.10726000000000001,5.523717026203196
0.10728000000000001,3.1213323325443247
0.1073,-8.064189723620044e-15
0.10732000000000001,-3.5258413888578253
0.10734,-5.169887189416892
0.10736000000000001,-5.835280328165423
0.10738,-3.5621951614432366
0.10740000000000001,7.968238747790325e-15
0.10742000000000002,3.0759924765867837
0.10744000000000001,5.262292263236686
0.10746000000000001,5.384664609750514
0.10748,3.6995850813537974
0.10750000000000001,3.5439096978043505e-15
0.10752,-4.027526599494707
0.10754000000000001,-5.02947879774112
0.10756,-6.079529325683518
0.10758000000000001,-3.7299487737320773
0.10760000000000002,1.821663769107601e-14
0.10762000000000001,3.79545869963983
0.10764000000000001,5.0765148582592285
0.10766,5.325259062365909
0.10768000000000001,3.2672042914127255
0.1077,-1.7643933682827738e-14
0.10772000000000001,-4.024034894589671
0.10774,-5.096488015887466
0.10776000000000001,-6.218332663602063
0.10778000000000001,-3.9611949489089846
0.1078,1.581340457027299e-14
0.10782000000000001,3.851814243944072
0.10784,5.40335579680899
0.10786000000000001,6.3157299386610015
0.10788,3.8649749219761684
0.10790000000000001,-1.3102541945190008e-14
0.10792,-3.8702054477539662
0.10794000000000001,-6.509949245398451
0.10796000000000001,-5.143811654890722
0.10798,-3.667317079525304
0.10800000000000001,0.0
0.10802,2.031494875843131
0.10804000000000001,2.6848277194807384
0.10806,2.01323031801582
0.10808000000000001,1.68944149605532
0.10810000000000002,-7.305680614112773e-16
0.10812000000000001,-1.7635348190051408
0.10814000000000001,-2.4043839805394662
0.10816,-2.7006557962711772
0.10818000000000001,-1.6486790209016453
0.1082,2.2568114253246405e-15
0.10822000000000001,1.2785269768740732
0.10824,3.5844380124941755
0.10826000000000001,2.54050159444005
0.10828000000000002,1.9029999185354076
0.10830000000000001,-4.68060582652309e-15
0.10832000000000001,-1.2428177090616723
0.10834,-2.226409638109927
0.10836000000000001,-3.6110148183928756
0.10838,-1.305403047199513
0.10840000000000001,3.814489523499024e-15
0.10842,1.4314929020597678
0.10844000000000001,2.1768327891254025
0.10846000000000001,2.6130414369736648
0.10848000000000001,2.0514398593953103
0.10850000000000001,1.4432014198879145e-15
0.10852,-2.2678206526395175
0.10854000000000001,-2.7594034564265866
0.10856,-3.2344194904392194
0.10858000000000001,-1.6547258318033433
0.1086,8.45040568268077e-15
0.10862000000000001,1.599948716306374
0.10864000000000001,2.23305238322567
0.10866,2.5235583184638437
0.10868000000000001,1.8129862528424479
0.1087,-8.977712366452573e-15
0.10872000000000001,-1.893681692204948
0.10874,-2.779822914762139
0.10876000000000001,-3.70387472423322
0.10878000000000002,-2.083752611075962
0.10880000000000001,5.478139617064303e-15
0.10882000000000001,1.8470972349816817
0.10884,2.718918237177745
0.10886000000000001,2.509283581616326
0.10888,2.0938355292192647
0.10890000000000001,-8.269506189291483e-15
0.10892,-2.25342337747894
0.10894000000000001,-3.29076742531851
0.10896000000000002,-2.474924611691093
0.10898000000000001,-1.4896179187052279
0.10900000000000001,0.0
0.10902,2.045802421772139
0.10904000000000001,2.177221935517966
0.10906,2.9148823299837407
0.10908000000000001,1.4333086187254924
0.1091,-8.640944187344138e-16
0.10912000000000001,-1.367547494453583
0.10914000000000001,-2.1212332660365165
0.10916000000000001,-2.4551082197638916
0.10918000000000001,-1.2354353263657067
0.1092,1.860686014050418e-15
0.10922000000000001,2.2735302968836946
0.10924,2.977712185561923
0.10926000000000001,2.459778952316081
0.10928,1.3687935362854338
0.10930000000000001,-4.932039276183602e-15
0.10932000000000001,-1.8738359026574711
0.10934,-3.504923118184378
0.10936000000000001,-3.1777798960966646
0.10938,-1.504234220570403
0.10940000000000001,3.987075495818455e-15
0.10942,1.278990276472451
0.10944000000000001,2.989179330574
0.10946000000000002,2.9625840945518322
0.10948000000000001,1.8550804296017693
0.10950000000000001,2.1312475224972805e-15
0.10952,-1.3921971432149902
0.10954000000000001,-2.802525294139203
0.10956,-2.363261031204292
0.10958000000000001,-1.4379134575644397
0.1096,9.701930828568413e-15
0.10962000000000001,1.3151076702140687
0.10964000000000002,2.262345192532914
0.10966000000000001,2.939515872781996
0.10968000000000001,1.7853081683031036
0.1097,-7.183488018443622e-15
0.10972000000000001,-1.7497298372731207
0.10974,-2.551754805526014
0.10976000000000001,-2.8935322435187056
0.10978,-1.822629938951035
0.10980000000000001,7.196333418344505e-15
0.10982000000000001,1.780480985682031
0.10984000000000001,3.6283724357159963
0.10986000000000001,2.782614815431728
0.10988,1.4578168389919306
0.10990000000000001,-5.57855295572506e-15
0.10992,-1.9701385692748732
0.10994000000000001,-3.259724669926591
0.10996,-2.807788317414209
0.10998000000000001,-2.1421480314411117
0.11000000000000001,0.0
0.11002,3.6467299479046362
0.11004000000000001,6.55265860913984
0.11006,6.1764561308831265
0.11008000000000001,3.2839748178716808
0.1101,-1.853707642917438e-15
0.11012000000000001,-3.0832484309344457
0.11014000000000002,-6.352865680453668
0.11016000000000001,-5.101872708756316
0.11018000000000001,-3.726800466356851
0.1102,3.4623544050307123e-15
0.11022000000000001,3.9472106977401857
0.11024,5.116423341124533
0.11026000000000001,6.217240513769815
0.11028,3.4835121075157995
0.11030000000000001,-8.701086259729639e-15
0.11032000000000002,-3.205721082293289
0.11034000000000001,-4.896861097240718
0.11036000000000001,-6.4535691185897575
0.11038,-3.55213490374208
0.11040000000000001,8.162650311832151e-15
0.11042,3.8448603339808805
0.11044000000000001,5.7713935413146125
0.11046,5.777767793450664
0.11048000000000001,3.203632315341397
0.11050000000000001,4.122927399385574e-15
0.11052000000000001,-3.9801862711514926
0.11054000000000001,-5.4058518797297666
0.11056,-5.778924275234838
0.11058000000000001,-3.6140351860273356
0.1106,1.725256555888488e-14
0.11062000000000001,3.6908799391272495
0.11064,5.868512364801584
0.11066000000000001,6.266789532373596
0.11068000000000001,4.047931620017068
0.1107,-1.8315798647717467e-14
0.11072000000000001,-3.747732564208156
0.11074,-6.220631556044019
0.11076000000000001,-6.218785634591349
0.11078,-3.13260034279105
0.11080000000000001,1.3891530865009396e-14
0.11082000000000002,3.42667542127218
0.11084000000000001,5.442587367800202
0.11086000000000001,4.881256971063762
0.11088,3.6756151017594396
0.11090000000000001,-1.3027341286088611e-14
0.11092,-3.33847834366022
0.11094000000000001,-6.168121986843699
0.11096,-5.551094347000644
0.11098000000000001,-3.9542718411482536
0.11100000000000002,0.0
0.11102000000000001,1.4228861827268962
0.11104000000000001,2.871370285532898
0.11106,3.0514004856992707
0.11108000000000001,2.1030740457374986
0.1111,-1.1435056989615543e-15
0.11112000000000001,-2.1308589348058242
0.11114,-3.4495906466307105
0.11116000000000001,-2.8607611497588263
0.11118000000000001,-1.2463487849874018
0.11120000000000001,1.9415894348333198e-15
0.11122000000000001,1.9773794220433045
0.11124,2.0966670942675036
0.11126000000000001,2.3619849533971644
0.11128,1.9743323709324165
0.11130000000000001,-5.1447818495580474e-15
0.11132,-2.0698528793762434
0.11134000000000001,-3.5059941524027796
0.11136000000000001,-2.99823914326122
0.11138,-1.7721986134321404
0.11140000000000001,3.860307646761785e-15
0.11142,1.2523773401706424
0.11144000000000001,2.205070459949625
0.11146,3.1841918678188224
0.11148000000000001,1.9156019969818905
0.11150000000000002,1.9063020560562846e-15
0.11152000000000001,-1.6105395683342267
0.11154000000000001,-3.0430731886043723
0.11156,-3.319649797634768
0.11158000000000001,-1.653575299059471
0.1116,6.4861970977023425e-15
0.11162000000000001,1.7042836654642075
0.11164,3.204132226994007
0.11166000000000001,3.1384297220958297
0.11168000000000002,1.8271117549086053
0.11170000000000001,-8.042849272914848e-15
0.11172000000000001,-1.4601036980011508
0.11174,-3.1465023377822523
0.11176000000000001,-2.8010834368974016
0.11178,-1.2610811424357224
0.11180000000000001,9.4197366243721e-15
0.11182,1.7766313530269835
0.11184000000000001,3.07149261298863
0.11186000000000001,2.170841252120439
0.11188000000000001,1.6422562639727056
0.11190000000000001,-5.22370495007325e-15
0.11192,-1.9102712132875186
0.11194000000000001,-3.085214407725339
0.11196,-2.6245633591642408
0.11198000000000001,-2.120567650253712
0.112,0.0
0.11202000000000001,1.7141965004839368
0.11204000000000001,3.246388437241731
0.11206,2.0946000809094687
0.11208000000000001,1.9197604645497948
0.1121,-1.0732335576431093e-15
0.11212000000000001,-1.6295060382880553
0.11214,-3.14073191962311
0.11216000000000001,-2.037028689949778
0.11218000000000002,-1.7989452694606975
0.11220000000000001,1.4609361525455194e-15
0.11222000000000001,1.587249173359385
0.11224,2.4959560626330424
0.11226000000000001,3.1480527355944727
0.11228,2.1502450625075578
0.11230000000000001,-3.366550793330018e-15
0.11232,-1.8256898669227728
0.11234000000000001,-3.5134055631610375
0.11236000000000002,-3.695667504923457
0.11238000000000001,-1.3980547769534202
0.11240000000000001,2.704283478358267e-15
0.11242,1.7858690749218018
0.11244000000000001,2.412677732638215
0.11246,3.08744039082044
0.11248000000000001,1.4300730188737516
0.1125,1.5549229854911015e-15
0.11252000000000001,-1.7621770044543728
0.11254000000000002,-2.618768986387026
0.11256000000000001,-3.1180225261903374
0.11258000000000001,-1.937436654842214
0.1126,8.36559957810651e-15
0.11262000000000001,1.2883062533286815
0.11264,2.4797826210114398
0.11266000000000001,2.605983658057848
0.11268,1.7525089287814837
0.11270000000000001,-8.454577092873914e-15
0.11272000000000001,-1.645466375597682
0.11274,-3.5804078053448065
0.11276000000000001,-2.153943739321279
0.11278,-1.30113234045142
0.11280000000000001,7.180346291615303e-15
0.11282,1.8055840688411342
0.11284000000000001,2.555990088573698
0.11286000000000002,2.863341280911953
0.11288000000000001,1.9336538165086699
0.11290000000000001,-7.961711767192963e-15
0.11292,-1.5418281930213575
0.11294000000000001,-2.929508701964924
0.11296,-3.4246681914996695
0.11298000000000001,-1.935864577545302
0.113,0.0
0.11302000000000001,1.39658102942805
0.11304000000000002,3.337093665249496
0.11306000000000001,2.661214639136238
0.11308000000000001,1.6866992040949946
0.1131,-9.03931128097287e-16
0.11312000000000001,-1.8788811923206028
0.11314,-2.4962537350209564
0.11316000000000001,-2.2435395430310923
0.11318,-1.8852874576789787
0.11320000000000001,2.4123175330730007e-15
0.11322000000000002,2.214728276765006
0.11324000000000001,2.4622271853821096
0.11326000000000001,2.276679251451247
0.11328,2.1672946536257927
0.11330000000000001,-3.469306928826934e-15
0.11332,-1.9994193439362544
0.11334000000000001,-3.236516123672225
0.11336,-3.3800450751287374
0.11338000000000001,-2.077171062080445
0.11340000000000001,2.9015425058537855e-15
0.11342,1.4152102804709148
0.11344000000000001,3.6113413917353903
0.11346,3.5355646822936504
0.11348000000000001,1.5355796653121552
0.1135,2.261109814792949e-15
0.11352000000000001,-1.8925631529475264
0.11354000000000002,-2.737640868788346
0.11356000000000001,-2.3991693919675683
0.11358000000000001,-2.0964186680763124
0.1136,7.554353043151787e-15
0.11362000000000001,2.234290553544299
0.11364,2.6969934263492226
0.11366000000000001,3.0548226539689334
0.11368,1.7779115843577469
0.11370000000000001,-7.2055282871888e-15
0.11372000000000002,-1.2360303003616755
0.11374000000000001,-2.1484696315037213
0.11376000000000001,-3.3816116011298667
0.11378,-2.2263656581638775
0.11380000000000001,9.581241900938788e-15
0.11382,1.9711442903267467
0.11384000000000001,2.3338430860869166
0.11386,2.6314519759516424
0.11388000000000001,1.853654038694899
0.11390000000000002,-6.029511271975452e-15
0.11392000000000001,-2.07030063019991
0.11394000000000001,-2.1867961775692244
0.11396,-2.3653764341453107
0.11398000000000001,-1.4781025167791815
0.114,0.0
0.11402000000000001,3.963355995671608
0.11404,6.398836343126272
0.11406000000000001,4.988173547240846
0.11408000000000001,3.6225318909447353
0.11410000000000001,-1.6547366316443663e-15
0.11412000000000001,-3.7265948138337013
0.11414,-4.850616767989735
0.11416000000000001,-6.45439500918557
0.11418,-3.4105995293064186
0.11420000000000001,3.327575212999396e-15
0.11422000000000002,3.157476428062652
0.11424000000000001,6.115675467019809
0.11426000000000001,6.222565025907558
0.11428,3.0033799994831765
0.11430000000000001,-8.414296238827078e-15
0.11432,-3.0199705802393026
0.11434000000000001,-5.207037740546551
0.11436,-5.510534917293926
0.11438000000000001,-3.2903284253727456
0.11440000000000002,8.206774049906843e-15
0.11442000000000001,3.843579658916697
0.11444000000000001,6.388530880041712
0.11446,6.337808915528483
0.11448000000000001,3.1871943507263536
0.1145,3.615682535194334e-15
0.11452000000000001,-3.8822841564023265
0.11454,-6.2642484664063005
0.11456000000000001,-5.86155314925022
0.11458000000000002,-3.467398529708338
0.11460000000000001,1.837847855227516e-14
0.11462000000000001,3.339788997157476
0.11464,5.126792188077563
0.11466000000000001,5.058909880397679
0.11468,3.13138482040259
0.11470000000000001,-1.6963058161969643e-14
0.11472,-3.427467279712155
0.11474000000000001,-5.31911686275985
0.11476000000000001,-6.045345267749827
0.11478000000000001,-3.5514621846946213
0.11480000000000001,1.6130905631790723e-14
0.11482,3.537904468988395
0.11484000000000001,6.309040985958543
0.11486,6.168683114993781
0.11488000000000001,3.314852816455066
0.11490000000000002,-1.3778677837531248e-14
0.11492000000000001,-3.152965744127162
0.11494000000000001,-6.011568605187947
0.11496,-6.390070326455348
0.11498000000000001,-3.5388370948146948
0.115,0.0
0.11502000000000001,3.382832576833929
0.11504,5.037670724053515
0.11506000000000001,5.27903906521974
0.11508000000000002,3.5036395495227115
0.11510000000000001,-1.9740957874851697e-15
0.11512000000000001,-3.8965626801962823
0.11514,-4.974814058418797
0.11516000000000001,-5.482331288711612
0.11518,-3.5197958626362347
0.11520000000000001,3.367765602021592e-15
0.11522,3.012857778424819
0.11524000000000001,5.991490951105957
0.11526000000000002,4.911830442784876
0.11528000000000001,3.4909532314840868
0.11530000000000001,-9.465903579157552e-15
0.11532,-3.103047352164816
0.11534000000000001,-5.780069357260318
0.11536,-5.941762565110804
0.11538000000000001,-3.2259918738931233
0.1154,8.035714750182605e-15
0.11542000000000001,3.3698346888586075
0.11544000000000001,5.4921908345031385
0.11546000000000001,6.015750078608698
0.11548000000000001,3.1734533592490326
0.1155,3.986334572030626e-15
0.11552000000000001,-3.9504900761550474
0.11554,-4.884980381361532
0.11556000000000001,-6.094793720387183
0.11558000000000002,-3.7309340455650433
0.11560000000000001,1.7554398444976853e-14
0.11562000000000001,3.245145576260494
0.11564,5.900306826962768
0.11566000000000001,4.90175634477643
0.11568,3.4117576475865894
0.11570000000000001,-1.5657861043304743e-14
0.11572,-3.7294007099947355
0.11574000000000001,-5.1253338556876376
0.11576000000000002,-6.0382163722488
0.11578000000000001,-3.7448958105984174
0.11580000000000001,1.5363839513557364e-14
0.11582,3.860473637083382
0.11584000000000001,5.391089262254769
0.11586,5.705736751219623
0.11588000000000001,3.5665942517009914
0.1159,-1.3595896640645396e-14
0.11592000000000001,-3.7729569613227927
0.11594000000000002,-6.300827038671777
0.11596000000000001,-5.53538394538496
0.11598000000000001,-3.429477815062895
0.116,0.0
0.11602000000000001,1.9029010213779802
0.11604,2.9616011063588825
0.11606000000000001,2.524394182507286
0.11608,1.7964311589233553
0.11610000000000001,-8.98216042962432e-16
0.11612000000000001,-2.2358229032564276
0.11614000000000001,-3.1852005506326253
0.11616000000000001,-3.373783454365783
0.11618,-1.3557291247891536
0.11620000000000001,2.435157976035322e-15
0.11622,2.2393548356823882
0.11624000000000001,2.2412305541970863
0.11626000000000002,2.440022307603676
0.11628000000000001,1.9681206280191736
0.11630000000000001,-4.591671213153837e-15
0.11632,-1.7047481661040762
0.11634000000000001,-2.801303617551499
0.11636,-2.6202281778304757
0.11638000000000001,-2.222825465788107
0.1164,2.741980759470077e-15
0.11642000000000001,1.82113157135819
0.11644000000000002,3.1780881072391995
0.11646000000000001,2.3513145401850593
0.11648000000000001,1.5612723896370544
0.1165,1.5253366323957345e-15
0.11652000000000001,-1.5617626219802527
0.11654,-3.2274220975821675
0.11656000000000001,-2.467866510285449
0.11658,-2.218785671043358
0.11660000000000001,6.447352362988407e-15
0.11662000000000002,1.2723109107600685
0.11664000000000001,2.569200907787528
0.11666000000000001,2.289142895845989
0.11668,1.4638963806074414
0.11670000000000001,-8.004542407677829e-15
0.11672,-1.4712838660428362
0.11674000000000001,-2.1948444378656964
0.11676,-2.3794607871254985
0.11678000000000001,-1.5640926080680837
0.11680000000000001,7.901136350998774e-15
0.11682000000000001,1.2746920116060507
0.11684000000000001,2.520405887163008
0.11686,2.5776981942006314
0.11688000000000001,2.1099460947708524
0.1169,-6.903956140419995e-15
0.11692000000000001,-2.129116999516953
0.11694000000000002,-2.6279504464174654
0.11696000000000001,-2.9795348642604114
0.11698000000000001,-2.045478156176515
0.117,0.0
0.11702000000000001,1.579807574749243
0.11704,2.4579644448327094
0.11706000000000001,2.7551419079354234
0.11708,1.9319186810460285
0.11710000000000001,-8.297168290198126e-16
0.11712000000000002,-1.339464839824174
0.11714000000000001,-2.203724746091646
0.11716000000000001,-2.5597307221157384
0.11718,-1.8949964845965592
0.11720000000000001,1.6333962821455677e-15
0.11722,1.5060022864992608
0.11724000000000001,2.024969356861033
0.11726,2.270451645079054
0.11728000000000001,2.277168980611185
0.11730000000000002,-4.030956292972223e-15
0.11732000000000001,-2.2827770529962175
0.11734000000000001,-2.8238928722115815
0.11736,-2.7270046504768373
0.11738000000000001,-1.9518511321974743
0.1174,3.3982916947121994e-15
0.11742000000000001,1.8713228100634587
0.11744,2.393184574141616
0.11746000000000001,3.3066385436275323
0.11748000000000001,1.551897614178663
0.11750000000000001,1.8500357766031475e-15
0.11752000000000001,-1.9692507975983913
0.11754,-2.9422900997511094
0.11756000000000001,-2.638620076307373
0.11758,-1.5036398955542793
0.11760000000000001,9.66478693831951e-15
0.11762000000000002,2.184116164926754
0.11764000000000001,2.471862747479386
0.11766000000000001,3.318470786101244
0.11768,1.527537045166864
0.11770000000000001,-9.32430789314132e-15
0.11772,-1.9988058363983263
0.11774000000000001,-2.8680857490764637
0.11776,-3.6424183424635723
0.11778000000000001,-1.4083819241111026
0.11780000000000002,6.2055846032144915e-15
0.11782000000000001,1.3605506044268485
0.11784000000000001,2.4908965227922293
0.11786,2.249196629866403
0.11788000000000001,1.7694582430591772
0.1179,-7.218090701009409e-15
0.11792000000000001,-1.5495772773950427
0.11794,-3.4956776215496723
0.11796000000000001,-3.228015467424261
0.11798000000000002,-1.710572188644397
0.11800000000000001,0.0
0.11802000000000001,1.8382627314280244
0.11804,3.255273679228526
0.11806000000000001,3.1324661940697456
0.11808,1.495317422448695
0.11810000000000001,-1.0849827339265171e-15
0.11812,-1.9958344665242016
0.11814000000000001,-2.4710357463026433
0.11816000000000002,-2.6288933501916443
0.11818000000000001,-1.8878244601198835
0.11820000000000001,2.0932468860826883e-15
0.11822,1.8692646142554787
0.11824000000000001,3.028593897843963
0.11826,2.5398161829152874
0.11828000000000001,1.8397495078095207
0.11830000000000002,-3.568568346859872e-15
0.11832000000000001,-1.7350938953027981
0.11834000000000001,-3.329671431877199
0.11836,-2.7169806493468593
0.11838000000000001,-1.4066873618373597
0.1184,2.745541048296722e-15
0.11842000000000001,1.838711033589429
0.11844,2.5120668687347636
0.11846000000000001,3.1073783402773754
0.11848000000000002,1.4450573689381148
0.11850000000000001,1.998860782387696e-15
0.11852000000000001,-1.5298363985561554
0.11854,-3.4965340538916436
0.11856000000000001,-3.336189643930138
0.11858,-1.598751185566305
0.11860000000000001,7.403251783201326e-15
0.11862,1.5354968980116048
0.11864000000000001,3.6705524096529514
0.11866000000000002,3.0697194934425145
0.11868000000000001,1.8815399492228295
0.11870000000000001,-6.982883400638639e-15
0.11872,-1.6418572687499633
0.11874000000000001,-2.3649293290943327
0.11876,-2.3531841333847034
0.11878000000000001,-1.981011803253148
0.1188,5.4562486014901856e-15
0.11882000000000001,1.6855855456294113
0.11884000000000002,3.286422846699798
0.11886000000000001,3.2280615115627826
0.11888000000000001,1.9126313269667057
0.1189,-7.011815061714797e-15
0.11892000000000001,-2.179835362948102
0.11894,-3.4155171658640877
0.11896000000000001,-2.476046164764884
0.11898000000000002,-1.996132946806724
0.11900000000000001,0.0
0.11902000000000001,1.6623046546480533
0.11904,2.3539204655933124
0.11906000000000001,2.4072311247070566
0.11908,1.646491678727668
0.11910000000000001,-6.769326418373292e-16
0.11912,-2.056695227142708
0.11914000000000001,-3.0465020519263852
0.11916000000000002,-2.7175492591845978
0.11918000000000001,-2.1616085318128233
0.11920000000000001,1.7732953548290496e-15
0.11922,1.5232941905320885
0.11924000000000001,2.7681052105531734
0.11926,3.432474754191519
0.11928000000000001,2.0835507215939866
0.1193,-5.07403729903114e-15
0.11932000000000001,-1.441639772200873
0.11934000000000002,-2.723549965048401
0.11936000000000001,-2.1189090013781358
0.11938000000000001,-1.5774156610639773
0.1194,4.948500087654649e-15
0.11942000000000001,2.2101020860669123
0.11944,2.5869624957244817
0.11946000000000001,2.7487528075219467
0.11948,1.792090066948749
0.11950000000000001,1.930914602212279e-15
0.11952000000000002,-2.1801193532651753
0.11954000000000001,-3.6860044674865673
0.11956000000000001,-3.297501788961518
0.11958,-1.5072268475444646
0.11960000000000001,1.0017320977371286e-14
0.11962,1.8594655534260704
0.11964000000000001,2.5881243270802035
0.11966000000000002,2.1635559576677506
0.11968000000000001,1.3430886968091535
0.11970000000000001,-8.388455168843484e-15
0.11972000000000001,-1.8192979221571544
0.11974000000000001,-2.0056503575292695
0.11976,-3.238295406964017
0.11978000000000001,-1.5476989264465462
0.1198,7.113063299739509e-15
0.11982000000000001,1.7016978977219779
0.11984000000000002,3.110046844389687
0.11986000000000001,2.531209996321777
0.11988000000000001,1.6070678003850327
0.1199,-7.731344161266319e-15
0.11992000000000001,-2.2196391547021928
0.11994,-3.0548832702384034
0.11996000000000001,-2.860786481539712
0.11998,-1.6355223063179236
0.12000000000000001,0.0
0.12002000000000002,1.6675356286013663
0.12004000000000001,3.2896170769633675
0.12006000000000001,2.9018038491305562
0.12008,1.429565993562664
0.12010000000000001,-1.0568297829929579e-15
0.12012,-1.7184659749684257
0.12014000000000001,-3.332370323146668
0.12016,-3.3421541632026703
0.12018000000000001,-1.3310143492675868
0.12020000000000002,2.1311275533202947e-15
0.12022000000000001,1.425820086456134
0.12024000000000001,2.366918579138948
0.12026,3.265054741846083
0.12028000000000001,1.4175443559596057
0.1203,-5.293959406559736e-15
0.12032000000000001,-2.2219136212899366
0.12034000000000002,-2.235036345134946
0.12036000000000001,-2.0776466665712148
0.12038000000000001,-2.1291582395515154
0.12040000000000001,4.916800835199469e-15
0.12042000000000001,1.3633321129586027
0.12044,2.1954243142590495
0.12046000000000001,3.0788262927994987
0.12048,1.6115244375158067
0.12050000000000001,1.7829119821686367e-15
0.12052000000000002,-1.4618082479543897
0.12054000000000001,-2.683356261275297
0.12056000000000001,-2.6313409587591385
0.12058,-1.3834097077467213
0.12060000000000001,8.792697358131592e-15
0.12062,2.210695754289995
0.12064000000000001,2.1756641767663636
0.12066,3.458726556481965
0.12068000000000001,1.3279797291193836
0.12070000000000002,-8.140229448681315e-15
0.12072000000000001,-2.242884022696998
0.12074000000000001,-3.3236226285060053
0.12076,-2.2409762295143953
0.12078000000000001,-2.0166470319397174
0.1208,5.4464168339746225e-15
0.12082000000000001,1.3705887944596498
0.12084,3.6255262123589964
0.12086000000000001,2.8127055542082213
0.12088000000000002,1.295397951153797
0.12090000000000001,-9.555526835044412e-15
0.12092000000000001,-1.239830792390556
0.12094,-2.8391143426982226
0.12096000000000001,-2.0733222720445426
0.12098,-1.6057560453408255
0.12100000000000001,0.0
0.12102000000000002,1.5007972182467475
0.12104000000000001,3.4657798964543622
0.12106000000000001,2.9666465267293507
0.12108000000000001,1.381451862012836
0.12110000000000001,-1.0717295933147376e-15
0.12112,-1.4848066935021182
0.12114000000000001,-3.4857798904297215
0.12116,-2.998743488518287
0.12118000000000001,-1.662215117272012
0.12120000000000002,1.816747684516051e-15
0.12122000000000001,1.591254657368969
0.12124000000000001,3.457548758627995
0.12126,2.1610295467264855
0.12128000000000001,2.036095630462504
0.1213,-4.8583654619966394e-15
0.12132000000000001,-1.9371229197868136
0.12134,-2.997230439545318
0.12136000000000001,-2.7065252936474584
0.12138000000000002,-2.1391048374012005
0.12140000000000001,4.183340232962139e-15
0.12142000000000001,1.3686178986984054
0.12144,2.324006118436186
0.12146000000000001,2.8551841645293647
0.12148,1.4073500072327567
0.12150000000000001,1.5728577825040988e-15
0.12152,-1.5846548627149173
0.12154000000000001,-3.612200266801889
0.12156000000000002,-2.137629920880988
0.12158000000000001,-2.2067475392183105
0.12160000000000001,9.495761585311536e-15
0.12162,1.7354688088059278
0.12164000000000001,3.374827785282349
0.12166,2.943336905541182
0.12168000000000001,1.704567962114522
0.12170000000000002,-6.334637405144628e-15
0.12172000000000001,-2.2865686667718386
0.12174000000000001,-2.7270580564861677
0.12176000000000001,-2.3296705923075387
0.12178000000000001,-1.8247535422840684
0.1218,8.270848207751749e-15
0.12182000000000001,1.2346748453072218
0.12184,2.436255414317358
0.12186000000000001,3.0348889214099044
0.12188000000000002,2.1674380106012685
0.12190000000000001,-9.019770591685868e-15
0.12192000000000001,-2.2293662525948723
0.12194,-3.7075804742573473
0.12196000000000001,-2.170806237137846
0.12198,-1.9022235310133992
0.12200000000000001,0.0
0.12202,3.9352789506541543
0.12204000000000001,5.752990760018243
0.12206000000000002,5.696925958280237
0.12208000000000001,3.071797481613656
0.12210000000000001,-1.9271722336820995e-15
0.12212,-3.1717959798955118
0.12214000000000001,-5.642343216281039
0.12216,-5.09200628412063
0.12218000000000001,-3.567335851113134
0.1222,3.4072762047971254e-15
0.12222000000000001,3.244801845389927
0.12224000000000002,6.20795458699519
0.12226000000000001,5.154825851862559
0.12228000000000001,3.5216400096637703
0.1223,-9.484003568755794e-15
0.12232000000000001,-3.5306709367073865
0.12234,-6.11012921624311
0.12236000000000001,-5.690492257105718
0.12238000000000002,-3.207737521172698
0.12240000000000001,7.815452987826843e-15
0.12242000000000001,3.2632494972428536
0.12244000000000001,6.508917274923933
0.12246000000000001,6.316944858699952
0.12248,3.086964161660246
0.12250000000000001,3.7885259165078035e-15
0.12252,-3.4662238339319895
0.12254000000000001,-5.687565803159236
0.12256000000000002,-6.337819476643689
0.12258000000000001,-3.4771058118800124
0.12260000000000001,1.489552671791852e-14
0.12262,3.496050286903762
0.12264000000000001,6.37171885934353
0.12266,4.962611436438815
0.12268000000000001,3.294316403912455
0.1227,-1.4283302722508696e-14
0.12272000000000001,-3.5798587165617217
0.12274000000000002,-6.281327447413115
0.12276000000000001,-5.331972600514867
0.12278000000000001,-3.938387268915045
0.1228,1.5743491747021834e-14
0.12282000000000001,3.523051434065092
0.12284,5.548372171678978
0.12286000000000001,6.206022971437975
0.12288000000000002,3.547418200457968
0.12290000000000001,-1.4083521533815791e-14
0.12292000000000002,-3.9334430069135524
0.12294000000000001,-5.140125426525603
0.12296000000000001,-5.259137485771319
0.12298,-3.0875925861855924
0.12300000000000001,0.0
0.12302,3.2479351779812307
0.12304000000000001,5.764376064360836
0.12306000000000002,5.947648339211518
0.12308000000000001,3.463306191166678
0.12310000000000001,-1.8339891015398054e-15
0.12312000000000001,-3.8153913785757148
0.12314000000000001,-5.851389155554066
0.12316,-5.83398283764827
0.12318000000000001,-3.840428430522046
0.1232,4.012733578366349e-15
0.12322000000000001,3.703213162803679
0.12324000000000002,5.243660587820566
0.12326000000000001,5.268003034755967
0.12328000000000001,3.2485884059954127
0.1233,-7.48454615417136e-15
0.12332000000000001,-3.0123056723477903
0.12334,-5.510735866813832
0.12336000000000001,-5.9709254098974425
0.12338,-3.591639568272906
0.12340000000000001,8.495392687748136e-15
0.12342000000000002,3.391801502154491
0.12344000000000001,5.735661181201218
0.12346000000000001,6.491644788164928
0.12348,3.2363434416816372
0.12350000000000001,3.1511918806389248e-15
0.12352,-3.0664673305204695
0.12354000000000001,-6.533861413226686
0.12356000000000002,-5.423243406522429
0.12358000000000001,-3.2052357319391036
0.12360000000000002,1.8331828621507713e-14
0.12362000000000001,3.6922234987905562
0.12364000000000001,5.498356107091824
0.12366,6.518363387767664
0.12368000000000001,3.878119244995254
0.1237,-1.596679474264806e-14
0.12372000000000001,-3.7339935015893273
0.12374000000000002,-5.215228777969192
0.12376000000000001,-5.662752494295891
0.12378000000000002,-3.28345417908601
0.12380000000000001,1.4655299724794572e-14
0.12382000000000001,3.0470488349388933
0.12384,6.44988881269822
0.12386000000000001,5.569901702131173
0.12388,3.797483201243177
0.12390000000000001,-1.2820510396286698e-14
0.12392000000000002,-3.511986793691735
0.12394000000000001,-5.033281708460851
0.12396000000000001,-5.731732000225512
0.12398,-3.3470111121802693
0.12400000000000001,0.0
0.12402,1.2548134897083598
0.12404000000000001,2.6112558609245604
0.12406,2.966491536069372
0.12408000000000001,1.813422024904244
0.12410000000000002,-9.223658679990533e-16
0.12412000000000001,-2.0915894094374443
0.12414000000000001,-3.179001320721916
0.12416,-3.5523565739261564
0.12418000000000001,-2.0503916372823214
0.1242,1.5090825195487337e-15
0.12422000000000001,1.5103920380841722
0.12424000000000002,3.2809247089063396
0.12426000000000001,3.586601239750724
0.12428000000000002,1.5310922481966718
0.12430000000000001,-3.0398759813485143e-15
0.12432000000000001,-1.2536308399403047
0.12434,-2.1967886296573327
0.12436000000000001,-2.951108324807085
0.12438,-1.9370964238202768
0.12440000000000001,3.0618520547780795e-15
0.12442000000000002,1.3500762103255153
0.12444000000000001,2.333602620470764
0.12446000000000002,3.3067425446113043
0.12448000000000001,1.7306363577476247
0.12450000000000001,1.5395637019875335e-15
0.12452,-1.6314378099857427
0.12454000000000001,-3.1801601774259756
0.12456,-3.700896891817793
0.12458000000000001,-1.5748982295802298
0.12460000000000002,9.238454855369717e-15
0.12462000000000001,2.2612867616710126
0.12464000000000001,3.0398490516304104
0.12466,2.4231706041752124
0.12468000000000001,1.9727102290253034
0.1247,-9.878610996415028e-15
0.12472000000000001,-1.4655605261492624
0.12474,-2.2731181559887954
0.12476000000000001,-2.063270912447801
0.12478000000000002,-1.6071954889516438
0.12480000000000001,6.874914240243448e-15
0.12482000000000001,1.4808908133662704
0.12484,2.358249224767693
0.12486000000000001,2.9174293535791525
0.12488,2.2067917764394074
0.12490000000000001,-7.829447195342095e-15
0.12492000000000002,-1.685252796013939
0.12494000000000001,-2.8065628178524546
0.12496000000000002,-2.747674364441893
0.12498000000000001,-1.5129649672210235
0.125,0.0
0.12502000000000002,1.9440192810843322
0.12504,2.3161940451353726
0.12506,2.8963922127543125
0.12508,2.0530794364742397
0.12510000000000002,-6.793775598171266e-16
0.12512,-1.270769295526297
0.12514,-3.1058826140559366
0.12516000000000002,-3.0592361102426686
0.12518,-2.271530265791247
0.1252,2.444236296294113e-15
0.12522,2.166857242782884
0.12524000000000002,3.142679003324962
0.12526,2.319815461447272
0.12528,2.0500015806968945
0.12530000000000002,-5.49289831678458e-15
0.12532000000000001,-1.553815870326755
0.12534,-2.004449729962319
0.12536,-2.2239518270818106
0.12538000000000002,-2.092544818535894
0.1254,4.7509849533892624e-15
0.12542,1.8714100241459155
0.12544000000000002,2.0259087239527167
0.12546000000000002,2.3358301888400628
0.12548,1.373493934975921
0.1255,2.3779743129878587e-15
0.12552000000000002,-1.5533220266578711
0.12554,-3.6160865123537738
0.12556,-3.6465792194755364
0.12558,-1.8503901635607454
0.12560000000000002,6.0185161599645704e-15
0.12562,1.970147038951293
0.12564,3.6269375464233287
0.12566000000000002,3.708611856748652
0.12568000000000001,2.0286823096183992
0.1257,-6.397810210394003e-15
0.12572,-1.6783546977109114
0.12574000000000002,-2.256037073025281
0.12576,-2.32515396200044
0.12578,-1.68413798751579
0.12580000000000002,8.358491345274755e-15
0.12582000000000002,1.671493425710136
0.12584,2.4100239712151947
0.12586,2.8189764306828704
0.12588000000000002,1.604757535929009
0.1259,-8.031603186824037e-15
0.12592,-1.743581155440632
0.12594000000000002,-2.3468053577230075
0.12596000000000002,-2.2085323386671987
0.12598,-2.052433945384072
0.126,0.0
0.12602000000000002,1.5797577704127481
0.12604,2.3392600498834826
0.12606,3.344607082778211
0.12608,2.1087099399303013
0.12610000000000002,-7.220714971384005e-16
0.12612,-2.1988874016202646
0.12614,-2.205432818455298
0.12616000000000002,-3.40065400099439
0.12618000000000001,-2.1270592238389265
0.1262,1.8161988045465206e-15
0.12622,1.462758970582785
0.12624000000000002,2.795569226308964
0.12626,3.4270381547226605
0.12628,1.7805526165003285
0.12630000000000002,-3.6464996255839035e-15
0.12632000000000002,-1.668643719266352
0.12634,-3.4609333512726885
0.12636,-2.837834210070918
0.12638000000000002,-1.8107496242770003
0.1264,3.3756906020751106e-15
0.12642,1.6952998513203892
0.12644,2.8054529241958353
0.12646000000000002,3.262768119500798
0.12648,2.1684716877905177
0.1265,1.6212423443680767e-15
0.12652000000000002,-2.1841960618913303
0.12654,-2.7060887612379427
0.12656,-2.3588751505170857
0.12658,-1.3965971941443076
0.12660000000000002,8.196786791553441e-15
0.12662,2.10105961104988
0.12664,2.61010536147617
0.12666000000000002,2.827219758079228
0.12668000000000001,2.1620613332185097
0.1267,-9.598617161520412e-15
0.12672,-2.1433581556850236
0.12674000000000002,-2.268177027436158
0.12676,-2.3503788200438063
0.12678,-1.342890834400212
0.12680000000000002,5.534996175403744e-15
0.12682000000000002,1.2925246501919847
0.12684,3.548877683861662
0.12686,3.0722750656002233
0.12688000000000002,1.409112657981212
0.1269,-7.861714533906431e-15
0.12692,-1.9937388717136484
0.12694,-3.028415316966648
0.12696000000000002,-2.844162509004413
0.12698,-1.7582805531764014
0.127,0.0
0.12702000000000002,2.273881419051064
0.12704000000000001,3.046613948601343
0.12706,2.1526806801860934
0.12708,1.6636727221893282
0.12710000000000002,-9.05631315070296e-16
0.12712,-1.4307389681930462
0.12714,-2.66737138547641
0.12716000000000002,-3.4956843873217776
0.12718000000000002,-1.933037332804479
0.1272,1.4256163296237182e-15
0.12722,2.138102407912558
0.12724000000000002,2.0900811283339595
0.12726,2.4594328504104777
0.12728,1.6812346125682989
0.12730000000000002,-4.257316659896377e-15
0.12732000000000002,-2.2030111632138216
0.12734,-2.2155664993370725
0.12736,-3.662287984748125
0.12738000000000002,-2.100836964396327
0.1274,3.7025515019826835e-15
0.12742,1.9098543936344214
0.12744,3.708295471704012
0.12746000000000002,3.2530185757480683
0.12748,1.7230691946345755
0.1275,2.2206745830557634e-15
0.12752000000000002,-1.4849372035557606
0.12754000000000001,-2.967674836473424
0.12756,-2.258595048850067
0.12758,-1.866207443252148
0.12760000000000002,8.782800888699265e-15
0.12762,2.108638785542533
0.12764,2.6074376342651475
0.12766000000000002,2.7197117167813007
0.12768000000000002,1.315374385243885
0.1277,-7.1384026240004e-15
0.12772,-1.4148931787987375
0.12774000000000002,-2.6641708725214643
0.12776,-3.37665712203534
0.12778,-2.0293808292886166
0.1278,7.91068264148067e-15
0.12782000000000002,2.199475224322022
0.12784,2.6204936010199473
0.12786,2.4701376914970465
0.12788000000000002,1.945210646317023
0.1279,-7.658642711497465e-15
0.12792,-2.110977063475821
0.12794,-3.0452283026495386
0.12796000000000002,-2.771301043135841
0.12798,-1.7054237871207458
0.128,0.0
0.12802000000000002,2.2046003092301327
0.12804000000000001,3.068364321149511
0.12806,2.4709169244406963
0.12808,2.021808727907049
0.12810000000000002,-1.0923225256765742e-15
0.12812,-2.0407456107987074
0.12814,-2.9672695271878635
0.12816000000000002,-2.3654078481978837
0.12818000000000002,-2.042809032860516
0.1282,1.783742932313205e-15
0.12822,1.9630427236711618
0.12824000000000002,2.0163299762085836
0.12826,2.89828029878294
0.12828,1.3370265126614729
0.1283,-4.533427522064076e-15
0.12832000000000002,-1.5250730274986146
0.12834,-2.609403839106611
0.12836,-2.4719771880491033
0.12838000000000002,-1.9652117676603118
0.12840000000000001,4.378140098334846e-15
0.12842,2.234334287780989
0.12844,3.0629708083183127
0.12846000000000002,2.1025218954644647
0.12848,1.4752066966630146
0.1285,1.4544197025147688e-15
0.12852000000000002,-1.6754413684442584
0.12854000000000002,-2.9148254888037397
0.12856,-3.3670817748887245
0.12858,-1.700648423805879
0.12860000000000002,6.825738036613271e-15
0.12862,1.4125641854247708
0.12864,2.389976111661705
0.12866000000000002,2.016480192763186
0.12868000000000002,1.6458070014137853
0.1287,-8.510681145993622e-15
0.12872,-2.2908343945303753
0.12874000000000002,-3.648367154046925
0.12876,-3.503188499053764
0.12878,-2.0155530495938594
0.1288,6.816547394944217e-15
0.12882000000000002,1.7513177440250656
0.12884,2.1742116060168777
0.12886,3.471678413112334
0.12888000000000002,1.4304894840841536
0.12890000000000001,-5.743489572678484e-15
0.12892,-2.2148517085750306
0.12894,-2.2161644766283124
0.12896000000000002,-2.825492986850616
0.12898,-1.520134578329374
0.129,0.0
0.12902000000000002,1.2837565833592535
0.12904000000000002,3.2624226435555435
0.12906,2.6077495477256587
0.12908,2.2413330713178268
0.12910000000000002,-7.088376462291827e-16
0.12912,-1.9562760271991126
0.12914,-3.3188477659902613
0.12916,-3.0878821949349677
0.12918000000000002,-2.1575124844490383
0.1292,2.2016715657599577e-15
0.12922,1.3611562199534974
0.12924000000000002,2.1468581022158912
0.12926,2.3759501846482856
0.12928,1.8766330379057177
0.1293,-4.942806018951434e-15
0.12932000000000002,-1.9757888321780341
0.12934,-2.232554114118164
0.12936,-2.6787854260895836
0.12938000000000002,-1.6340170945948935
0.12940000000000002,4.194514073816647e-15
0.12942,1.8806776838327355
0.12944,2.138510264510067
0.12946000000000002,3.2286657093390274
0.12948,2.2391077380497726
0.1295,1.5329336914481912e-15
0.12952000000000002,-2.1046526804290226
0.12954000000000002,-2.0822744871385828
0.12956,-3.5102292195597773
0.12958,-2.0779015436670583
0.12960000000000002,1.0237290895850616e-14
0.12962,1.759845502826686
0.12964,2.59385155407211
0.12966,2.851331409026807
0.12968000000000002,1.2957298634918406
0.1297,-1.0333308002614264e-14
0.12972,-1.363726791346166
0.12974000000000002,-3.534989322772578
0.12976000000000001,-3.5823395702622713
0.12978,-1.7852736042455362
0.1298,8.931300527592078e-15
0.12982000000000002,2.1542270313273417
0.12984,2.6830617938772705
0.12986,3.514097178108222
0.12988000000000002,2.159252592708247
0.12990000000000002,-7.687175952772308e-15
0.12992,-1.2482939850329653
0.12994,-3.2617481572579003
0.12996000000000002,-2.2425902880345014
0.12998,-1.5371970556447925
0.13,0.0
0.13002000000000002,3.6396845374628746
0.13004000000000002,6.425395648708988
0.13006,5.719084525526766
0.13008,3.9908648634997728
0.13010000000000002,-2.1149489623123954e-15
0.13012,-3.863278722945689
0.13014,-5.993123098949689
0.13016,-6.481487880140819
0.13018000000000002,-3.1261613105918045
0.1302,4.384093053881722e-15
0.13022,3.8500512183428226
0.13024000000000002,6.117128491744849
0.13026000000000001,6.476300628742294
0.13028,3.1921710819737457
0.1303,-9.420143468093043e-15
0.13032000000000002,-3.3248068499508285
0.13034,-6.1246672597573415
0.13036,-6.458051383202735
0.13038000000000002,-3.6648247135224277
0.13040000000000002,7.535312859401756e-15
0.13042,3.1106724788103657
0.13044,4.919753773914143
0.13046000000000002,5.923341249975192
0.13048,3.5115481985729464
0.1305,3.4902775870602984e-15
0.13052,-3.9911970303856616
0.13054000000000002,-6.046568626209678
0.13056,-5.077125863703307
0.13058,-3.7300819542772685
0.13060000000000002,1.690495540490217e-14
0.13062,3.2323452823361802
0.13064,6.433356559412514
0.13066,5.982705025777912
0.13068000000000002,3.4897891482666754
0.1307,-1.454770827670893e-14
0.13072,-3.3676656816795703
0.13074000000000002,-4.954481961765894
0.13076000000000002,-5.721833323767551
0.13078,-3.220302246323369
0.1308,1.607256095322498e-14
0.13082000000000002,3.200560144223918
0.13084,4.904961707856052
0.13086,6.071999433707624
0.13088000000000002,3.5364703223559606
0.13090000000000002,-1.561874621649364e-14
0.13092,-3.3494818569769906
0.13094,-6.457938236509974
0.13096000000000002,-6.213426696455307
0.13098,-3.681394832742728
0.131,0.0
0.13102,3.871345022721939
0.13104000000000002,6.349049492315521
0.13106,4.992924623402517
0.13108,3.2954315233370424
0.13110000000000002,-1.917486304687993e-15
0.13112000000000001,-3.8348194075144173
0.13114,-5.5241663058489445
0.13116,-4.962127695339161
0.13118000000000002,-3.156826872079451
0.1312,3.3583462091145807e-15
0.13122,3.552559810463698
0.13124000000000002,5.59348912601935
0.13126000000000002,5.691172964644564
0.13128,3.307456956144622
0.1313,-8.236754954319271e-15
0.13132000000000002,-3.903819393675006
0.13134,-6.141613247720134
0.13136,-5.55523179577029
0.13138000000000002,-3.4372448473657164
0.13140000000000002,6.999187940119871e-15
0.13142,3.1725311652731065
0.13144,6.362317351802888
0.13146000000000002,5.750315982945419
0.13148,3.77079903296395
0.1315,4.1854396497407185e-15
0.13152,-3.105045912692067
0.13154000000000002,-5.018275596359511
0.13156,-5.846363406898352
0.13158,-3.7275075386667367
0.13160000000000002,1.5600760600627838e-14
0.13162000000000001,3.448828084472011
0.13164,5.457504846540612
0.13166,6.498585228864944
0.13168000000000002,3.0309378113160954
0.1317,-1.858629423539246e-14
0.13172,-3.2515930664192014
0.13174000000000002,-5.541760870231838
0.13176000000000002,-4.9966447001508225
0.13178,-3.9499742561631352
0.1318,1.5217334140730486e-14
0.13182000000000002,3.868163581588003
0.13184,6.363023046667008
0.13186,6.4596779827350606
0.13188,3.809136880574418
0.13190000000000002,-1.4523273814654068e-14
0.13192,-3.66876774046794
0.13194,-5.085235858292176
0.13196000000000002,-4.948492444582793
0.13198000000000001,-3.4230760476261697
0.132,0.0
0.13202,1.633191602867493
0.13204000000000002,3.415208626828842
0.13206,2.35911146645888
0.13208,2.2789602249909975
0.13210000000000002,-1.135719738368689e-15
0.13212000000000002,-1.5746397938993
0.13214,-3.3639855539786057
0.13216,-2.8219508521791896
0.13218000000000002,-1.58764881783847
0.1322,1.926978149103622e-15
0.13222,1.3786730753774714
0.13224000000000002,3.430252028862572
0.13226000000000002,3.1196429575708566
0.13228,1.5975252977905527
0.1323,-4.7849872271810775e-15
0.13232000000000002,-1.7177294004800927
0.13234,-2.3183554144747394
0.13236,-2.2039811318709432
0.13238,-2.0989153796950974
0.13240000000000002,2.80232776406747e-15
0.13242,1.697666503119662
0.13244,3.5943761653194213
0.13246000000000002,3.2606376192199735
0.13248000000000001,1.6039679163465388
0.1325,2.087115160070046e-15
0.13252,-2.042223762552944
0.13254000000000002,-3.0531498711233587
0.13256,-2.6829485738880545
0.13258,-2.0630192895328925
0.13260000000000002,7.11998023094318e-15
0.13262000000000002,1.8151508438014345
0.13264,2.6957683426103234
0.13266,3.4849033094940856
0.13268000000000002,1.9772357488288599
0.1327,-6.576231709146188e-15
0.13272,-1.4509806237257257
0.13274000000000002,-3.0464874164659728
0.13276000000000002,-2.2921425103427064
0.13278,-1.5328635779591842
0.1328,9.683910229936436e-15
0.13282000000000002,1.6914661042068817
0.13284,2.8878067139821724
0.13286,2.5252488042140184
0.13288,1.9016548398940478
0.13290000000000002,-5.455471018596558e-15
0.13292,-1.9133877199352958
0.13294,-3.565126753228396
0.13296000000000002,-2.4770208202137347
0.13298000000000001,-1.9113990556140659
0.133,0.0
0.13302,3.431169380878002
0.13304000000000002,6.2347402682567425
0.13306,5.64649517339461
0.13308,3.4035281183216135
0.13310000000000002,-2.046229563210151e-15
0.13312000000000002,-3.632840726718344
0.13314,-4.918899811292999
0.13316,-6.472293390314213
0.13318000000000002,-3.842418457012184
0.1332,4.386041087431461e-15
0.13322,3.7842400838218944
0.13324,6.499361644529572
0.13326000000000002,6.0248940871241485
0.13328,3.2822146625904267
0.1333,-7.74611901548073e-15
0.13332000000000002,-3.782926927741858
0.13334000000000001,-5.952502284499072
0.13336,-6.055485883135612
0.13338,-3.669509229960427
0.13340000000000002,7.711111485651174e-15
0.13342,3.6391839598672004
0.13344,6.454161064389587
0.13346000000000002,5.426402038342556
0.13348000000000002,3.5523627175628927
0.1335,3.554641017133922e-15
0.13352,-3.3603882311859192
0.13354000000000002,-5.694864704519186
0.13356,-5.146676465306133
0.13358,-3.0699909684497877
0.13360000000000002,1.568293543287774e-14
0.13362000000000002,3.619812989113993
0.13364,5.794787070001979
0.13366,5.338367830243283
0.13368000000000002,3.9063688077668655
0.1337,-1.6050391655409994e-14
0.13372,-3.8406493032286035
0.13374,-5.028266964772915
0.13376000000000002,-5.424831265180468
0.13378,-3.976933338101138
0.1338,1.503094493105001e-14
0.13382000000000002,3.668918207583174
0.13384000000000001,5.213762725420699
0.13386,6.373293373059646
0.13388,4.031334745605196
0.13390000000000002,-1.4645988675056927e-14
0.13392,-3.1738798597096736
0.13394,-5.056119566074232
0.13396000000000002,-6.00673796720367
0.13398000000000002,-3.1518758935564493
0.134,0.0
0.13402,4.051738985495138
0.13404000000000002,5.631470126630082
0.13406,5.132607266709625
0.13408,3.0249051793632913
0.13410000000000002,-2.0662777218284125e-15
0.13412000000000002,-3.3532571245405403
0.13414,-5.250767836243825
0.13416,-6.124959951400112
0.13418000000000002,-3.7232179293376024
0.1342,4.113414557803103e-15
0.13422,3.000628039437618
0.13424,5.995145776874637
0.13426000000000002,5.3975296863500475
0.13428,3.4551529051654195
0.1343,-9.211966767102946e-15
0.13432000000000002,-3.481773565524324
0.13434000000000001,-5.143281632558672
0.13436,-5.99581312056751
0.13438,-3.251374398639708
0.13440000000000002,6.785610178744716e-15
0.13442,3.725379762987047
0.13444,6.283959418450114
0.13446000000000002,5.434545563453858
0.13448000000000002,3.116055815426652
0.1345,3.728344724124751e-15
0.13452,-3.841820574838549
0.13454000000000002,-5.3367221023356235
0.13456,-6.069610842136735
0.13458,-3.6964760580301275
0.1346,1.6172930120707042e-14
0.13462000000000002,3.336415301139689
0.13464,6.249900542687405
0.13466,6.3660180826668835
0.13468000000000002,3.466939444181672
0.13470000000000001,-1.5447824415144684e-14
0.13472,-3.0274188605343526
0.13474,-5.502586847421838
0.13476000000000002,-6.3640718670085175
0.13478,-2.999769941867059
0.1348,1.3232730433669404e-14
0.13482000000000002,3.2960848715054527
0.13484000000000002,5.648252837800599
0.13486,6.145910747514662
0.13488,3.6671442365166667
0.13490000000000002,-1.426723042410966e-14
0.13492,-3.1897299356781654
0.13494,-5.9988367027399185
0.13496000000000002,-5.706306568247565
0.13498000000000002,-3.793259042152431
0.135,0.0
0.13502,3.6657742166658944
0.13504000000000002,5.278457553293125
0.13506,6.489744985141968
0.13508,3.306839560109725
0.1351,-2.1754130457048313e-15
0.13512000000000002,-3.822994575164445
0.13514,-5.014948310454671
0.13516,-6.3134565287657844
0.13518000000000002,-3.7960923236105524
0.13520000000000001,4.193913694045364e-15
0.13522,3.816920375800942
0.13524,5.204336793282329
0.13526000000000002,5.596074926282821
0.13528,3.769591614643822
0.1353,-8.260108010116435e-15
0.13532000000000002,-3.7206464858599264
0.13534000000000002,-5.924235652835907
0.13536,-6.444579339440713
0.13538,-3.1716968764942246
0.13540000000000002,8.456932167463802e-15
0.13542,3.251833842368919
0.13544,6.3295862752230745
0.13546000000000002,5.85676680403842
0.13548000000000002,3.7967824564713704
0.1355,3.335488961147457e-15
0.13552,-3.0884495934595946
0.13554000000000002,-6.198944720332926
0.13556,-5.600258592776269
0.13558,-3.170382279168146
0.1356,1.8059908084470972e-14
0.13562000000000002,3.997601887638786
0.13564,5.009588975884369
0.13566,5.0771031699342055
0.13568000000000002,3.3703987880383686
0.13570000000000002,-1.5341260141077408e-14
0.13572,-3.9466106563639123
0.13574,-5.890163560127135
0.13576000000000002,-5.41074675220608
0.13578,-3.1694905220646037
0.1358,1.63873661651745e-14
0.13582000000000002,3.3631745925989738
0.13584000000000002,5.85719547202873
0.13586,5.686866640841927
0.13588,3.3879186580164755
0.13590000000000002,-1.5260154515667232e-14
0.13592,-3.2150274735177
0.13594,-5.87443195603895
0.13596,-6.426144771397302
0.13598000000000002,-3.9024679828773516
0.136,0.0
0.13602,1.805344501070689
0.13604000000000002,2.599967473051105
0.13606000000000001,3.0236681258400666
0.13608,1.8323487376299181
0.1361,-6.794616543511319e-16
0.13612000000000002,-1.703145160592746
0.13614,-3.575503169173743
0.13616,-3.6646610928204293
0.13618000000000002,-2.0595694353548604
0.13620000000000002,2.0746059974867415e-15
0.13622,2.246104873583643
0.13624,2.6442980828718152
0.13626000000000002,2.085145958362206
0.13628,2.213267844370524
0.1363,-3.141137851944116e-15
0.13632000000000002,-1.3799026005687347
0.13634000000000002,-2.6273644887948917
0.13636,-3.621775874597763
0.13638,-1.8004779557839234
0.13640000000000002,3.877931252381933e-15
0.13642,1.2398964308953764
0.13644,2.3217212900666033
0.13646,2.3914551956081387
0.13648000000000002,1.7032861484078856
0.1365,1.554609522353209e-15
0.13652,-1.2515110847664634
0.13654000000000002,-2.3915456884944084
0.13656000000000001,-3.388572389802314
0.13658,-2.068633608268043
0.1366,9.185303920467048e-15
0.13662000000000002,1.325842346798775
0.13664,2.5596298044244032
0.13666,2.50789551242645
0.13668000000000002,1.841697349611319
0.13670000000000002,-7.308157524877098e-15
0.13672,-2.2572821319915817
0.13674,-2.75845489692358
0.13676000000000002,-3.7087565833527907
0.13678,-1.6631670834592192
0.1368,8.347263294513801e-15
0.13682000000000002,1.420183331179897
0.13684000000000002,2.066612657861715
0.13686,2.5911397104939455
0.13688,2.133227308844749
0.13690000000000002,-7.948242243010285e-15
0.13692000000000001,-2.111392306533275
0.13694,-3.6594562834326427
0.13696,-3.4200370402830105
0.13698000000000002,-1.5220441585055517
0.137,0.0
0.13702,1.4093061417658503
0.13704000000000002,3.6323542660784867
0.13706000000000002,3.0758126312010163
0.13708,1.5681848376472456
0.1371,-1.1119665258149935e-15
0.13712000000000002,-1.7190872647545636
0.13714,-3.603853951721172
0.13716,-2.4205807016872583
0.13718000000000002,-2.1129633262571312
0.13720000000000002,1.8183554737548583e-15
0.13722,1.3955915314829774
0.13724,2.1756207159073955
0.13726000000000002,2.6408722646311533
0.13728,2.246045082057395
0.1373,-3.639619317086054e-15
0.13732,-1.373848682862723
0.13734000000000002,-3.410551611437253
0.13736,-2.9389896331819494
0.13738,-1.4876773464313011
0.13740000000000002,3.576259714350535e-15
0.13742000000000001,1.4708701552261176
0.13744,3.386530398714275
0.13746,2.780932822541445
0.13748000000000002,1.58808524997117
0.1375,2.08624879541314e-15
0.13752,-1.9775184457964103
0.13754000000000002,-2.1323339368551877
0.13756000000000002,-3.0522478808536064
0.13758,-1.7803011449140003
0.1376,5.929349466639728e-15
0.13762000000000002,2.197437852231802
0.13764,2.5803359610846526
0.13766,3.6788532490802694
0.13768000000000002,1.2753616204694278
0.13770000000000002,-8.911253121753038e-15
0.13772,-1.5570900417420868
0.13774,-3.2888430925587793
0.13776000000000002,-3.523762303994993
0.13778,-2.054663442400012
0.1378,7.445074518787567e-15
0.13782,2.0892077611934226
0.13784000000000002,3.5136900119453425
0.13786,2.4052183066321082
0.13788,2.017846477126021
0.13790000000000002,-8.0543808551438e-15
0.13792000000000001,-1.575175400039504
0.13794,-3.1696386744750127
0.13796,-2.815042653477443
0.13798000000000002,-2.147520673993323
0.138,0.0
0.13802,3.3024429417285566
0.13804000000000002,5.045755397503752
0.13806000000000002,6.027182848471442
0.13808,3.617280365355189
0.1381,-1.8610590339452225e-15
0.13812000000000002,-3.2317185852704413
0.13814,-5.506220319265117
0.13816,-5.679047921558415
0.13818000000000003,-3.382239743153899
0.13820000000000002,3.5251315189894888e-15
0.13822,3.0011839838882177
0.13824,6.490453671596901
0.13826000000000002,5.140741953863284
0.13828000000000001,3.5139182053332116
0.1383,-7.901734947040878e-15
0.13832,-3.6136946665317913
0.13834000000000002,-5.1547128648481415
0.13836,-5.7472844353530315
0.13838,-3.4772495887270156
0.13840000000000002,7.243641418794333e-15
0.13842000000000002,4.003683280522097
0.13844,5.2651121793578435
0.13846,6.511417784629435
0.13848000000000002,3.3954714128114603
0.1385,3.547485647480157e-15
0.13852,-3.4068817265605857
0.13854000000000002,-6.476605719099761
0.13856000000000002,-5.2625640068950785
0.13858,-3.2935865688772243
0.1386,1.7156753133284374e-14
0.13862000000000002,3.3905504242916837
0.13864,5.108741287414023
0.13866,5.341895334279642
0.13868,3.277504839631519
0.13870000000000002,-1.4725159947900535e-14
0.13872,-3.719552307701231
0.13874,-6.18260853300122
0.13876000000000002,-5.711116416316719
0.13878000000000001,-3.1223990712732284
0.1388,1.6302185667495736e-14
0.13882,3.53882347773914
0.13884000000000002,5.268649669530982
0.13886,5.892420794126101
0.13888,3.9381622249068444
0.13890000000000002,-1.4273250560724986e-14
0.13892000000000002,-3.8229518847300756
0.13894,-5.8008709555170554
0.13896,-5.537909906214894
0.13898000000000002,-3.671708151309852
0.139,0.0
0.13902,2.083117959808186
0.13904000000000002,2.4757591755125303
0.13906000000000002,2.342929958536483
0.13908,1.7754024649848315
0.1391,-1.1721562479940817e-15
0.13912000000000002,-2.0350674335762697
0.13914,-2.614587566839365
0.13916,-3.4527689083979083
0.13918,-1.7483459340155318
0.13920000000000002,2.209666444619192e-15
0.13922,1.290206152260691
0.13924,2.6238056888388974
0.13926000000000002,3.28281095906429
0.13928000000000001,2.168575829402387
0.1393,-4.09094400197716e-15
0.13932,-2.0516988430550267
0.13934000000000002,-2.3267543661151904
0.13936,-3.30131799883892
0.13938,-2.015441781984869
0.13940000000000002,3.624037057653131e-15
0.13942000000000002,1.4539396774063533
0.13944,3.545527221624284
0.13946,2.074789538551332
0.13948000000000002,1.4809970406427229
0.1395,1.7972838696973744e-15
0.13952,-1.3896899448210758
0.13954000000000003,-2.0003277339722487
0.13956000000000002,-2.1351261047835757
0.13958,-1.845457523008946
0.1396,1.0759389448656918e-14
0.13962000000000002,1.531516276778835
0.13964000000000001,2.7873937908360693
0.13966,3.4852005651590883
0.13968,1.6775335192812877
0.13970000000000002,-8.78007979932667e-15
0.13972,-1.9252629161381525
0.13974,-2.8904621942539532
0.13976000000000002,-2.8015655321462067
0.13978000000000002,-1.6536828385309323
0.1398,7.839254063410925e-15
0.13982,1.492651533548835
0.13984000000000002,2.3332526682437953
0.13986,3.0103646890527536
0.13988,1.8436878444535154
0.13990000000000002,-8.979650785045442e-15
0.13992000000000002,-1.551180948162836
0.13994,-2.848063594674932
0.13996,-2.3669023971715606
0.13998000000000002,-1.6355498529671542
0.14,0.0
0.14002,3.2792947465724356
0.14004,5.742361687097433
0.14006000000000002,5.961993351642186
0.14008,3.0951049822834715
0.1401,-2.0328978883877718e-15
0.14012000000000002,-3.4295070599416544
0.14014000000000001,-6.266006907712954
0.14016,-6.101105328099652
0.14018,-3.0679036922740197
0.14020000000000002,4.27955775314606e-15
0.14022,3.8664214779921786
0.14024,6.065001754493947
0.14026000000000002,6.352427391104356
0.14028000000000002,3.022852055254011
0.1403,-9.218890883586526e-15
0.14032,-3.5012152266206664
0.14034000000000002,-5.68622489764359
0.14036,-5.759745395523065
0.14038,-3.752596040748085
0.14040000000000002,6.856527284006641e-15
0.14042000000000002,3.986768491747416
0.14044,5.521698353397633
0.14046,5.613422208780699
0.14048000000000002,3.4578512603972813
0.1405,3.285091877143036e-15
0.14052,-3.4129686163427584
0.14054,-5.644192499072897
0.14056000000000002,-6.404903853316549
0.14058,-4.0060345655396
0.1406,1.4476234502900356e-14
0.14062000000000002,3.282093214341481
0.14064000000000002,5.25547333127039
0.14066,5.6488014244570115
0.14068,3.7292883168859317
0.14070000000000002,-1.7689746350680242e-14
0.14072,-3.334237002709663
0.14074,-5.462875448065137
0.14076000000000002,-6.487110835903881
0.14078000000000002,-3.7900079518510505
0.1408,1.6578363080861062e-14
0.14082,3.716582226036941
0.14084000000000002,4.950196554448213
0.14086,5.187353247031412
0.14088,3.1514509672285693
0.14090000000000003,-1.3166725121369207e-14
0.14092000000000002,-3.326555962292468
0.14094,-5.850891620508033
0.14096,-5.120799588780621
0.14098000000000002,-3.9492684127342845
0.14100000000000001,0.0
0.14102,2.0297194359991
0.14104,2.148062935109203
0.14106000000000002,3.349063373034142
0.14108,1.7356769947247228
0.1411,-8.629119033551199e-16
0.14112000000000002,-1.5915677643376365
0.14114000000000002,-2.1158028408551623
0.14116,-2.246524265415409
0.14118,-1.409891766111609
0.14120000000000002,1.7238621818949584e-15
0.14122,1.70260991264942
0.14124,3.4367889189773884
0.14126000000000002,2.7193479361515753
0.14128000000000002,1.518068957686438
0.1413,-3.5221863867100272e-15
0.14132,-1.9655268255266003
0.14134000000000002,-2.1785476373613935
0.14136,-2.2404220559661785
0.14138,-1.2837240544093242
0.1414,3.842690766192484e-15
0.14142000000000002,2.248230285425009
0.14144,3.483969902202938
0.14146,3.535654565500904
0.14148000000000002,1.748868128561204
0.14150000000000001,2.0874514024104187e-15
0.14152,-1.821915030900365
0.14154,-3.095439009863077
0.14156000000000002,-2.501729241251895
0.14158,-1.3188694985570226
0.1416,6.907055117965868e-15
0.14162000000000002,1.737205952688725
0.14164000000000002,2.4689604817893605
0.14166,2.637566132050309
0.14168,2.03215848975488
0.14170000000000002,-9.732814400289504e-15
0.14172,-1.2885786316342727
0.14174,-2.127497077527808
0.14176000000000002,-2.1138096302883786
0.14178000000000002,-1.9379289445903245
0.1418,9.71912888630465e-15
0.14182,1.6845452997364239
0.14184000000000002,2.0485276224019238
0.14186,2.7502440330716946
0.14188,1.499351094565084
0.1419,-7.661782667498063e-15
0.14192000000000002,-2.1942049096062033
0.14194,-3.315521491833694
0.14196,-3.4407917000061605
0.14198000000000002,-1.5034161253372849
0.14200000000000002,0.0
0.14202,1.8596284757637882
0.14204,3.4854678365185245
0.14206000000000002,2.002719292620883
0.14208,1.454131990323956
0.1421,-8.93792931139302e-16
0.14212000000000002,-2.1872086781553057
0.14214000000000002,-2.9526419677409828
0.14216,-2.3342485698629933
0.14218,-2.2879048748345845
0.14220000000000002,1.3869395608085322e-15
0.14222,1.4990868576673508
0.14224,2.341283527883408
0.14226000000000003,3.3107653890038184
0.14228000000000002,1.2485030955470706
0.1423,-5.445933126704005e-15
0.14232,-1.8554994536971747
0.14234000000000002,-2.8789741702820546
0.14236000000000001,-2.19517543141029
0.14238,-2.0284408589517438
0.1424,3.777157793619043e-15
0.14242000000000002,1.648595534925963
0.14244,2.2991402965112537
0.14246,3.617694723957199
0.14248000000000002,1.2864434439647057
0.14250000000000002,2.2142434798653754e-15
0.14252,-1.9943162162485146
0.14254,-2.6638119605772803
0.14256000000000002,-3.0485526912543217
0.14258,-2.055326693214652
0.1426,9.840164802293038e-15
0.14262000000000002,1.9920426613178566
0.14264000000000002,2.3798117189751946
0.14266,2.3405129223801686
0.14268,2.101061710972514
0.14270000000000002,-6.9409410914478e-15
0.14272,-1.9968543789709912
0.14274,-3.515422657356023
0.14276,-3.3839229793567887
0.14278000000000002,-2.2907249367731883
0.1428,5.730016624188705e-15
0.14282,2.2694410548326225
0.14284000000000002,2.1029835894747624
0.14286000000000001,2.9848363957746304
0.14288,2.0371474948775825
0.1429,-5.724937814584332e-15
0.14292000000000002,-2.0662015809625593
0.14294,-2.2857242573573795
0.14296,-3.020837285393391
0.14298000000000002,-2.1414002916045254
0.14300000000000002,0.0
0.14302,3.3960528252125
0.14304,5.186095299662415
0.14306000000000002,5.921032970189975
0.14308,4.031506843058471
0.1431,-1.977023837660809e-15
0.14312000000000002,-3.461116308779395
0.14314000000000002,-6.332652370818996
0.14316,-5.868177861894637
0.14318,-3.799662733564646
0.14320000000000002,3.337680589226218e-15
0.14322000000000001,3.8284895726176695
0.14324,5.600513597327303
0.14326,5.9152393324868635
0.14328000000000002,3.75526302074988
0.1433,-8.28958217114645e-15
0.14332,-3.031179060178064
0.14334000000000002,-4.942541753467432
0.14336000000000002,-5.620907318777698
0.14338,-3.5728529822232202
0.1434,7.0152039829482944e-15
0.14342000000000002,3.853102104371299
0.14344,6.318486309764768
0.14346,5.289444507001658
0.14348000000000002,3.5285713258249896
0.14350000000000002,3.138105791354733e-15
0.14352,-3.682656396095246
0.14354,-5.992102943605141
0.14356000000000002,-5.633335042625387
0.14358,-3.97399334729631
0.1436,1.6867445710415464e-14
0.14362000000000003,3.4731323874196702
0.14364000000000002,5.683474307772238
0.14366,5.931134814176652
0.14368,3.068075677615075
0.14370000000000002,-1.7041247649908694e-14
0.14372000000000001,-3.3421387056439187
0.14374,-5.31977982787709
0.14376,-6.559524927619487
0.14378000000000002,-3.4409228224876656
0.1438,1.6878508437252085e-14
0.14382,3.7851782042576296
0.14384000000000002,6.438158102100547
0.14386000000000002,5.853109000115921
0.14388,3.9602557263152813
0.1439,-1.6021470192272317e-14
0.14392000000000002,-3.5141880037767597
0.14394,-5.323709961948711
0.14396,-5.374009091520534
0.14398000000000002,-3.9942593099569716
